act,key,cid,cells,km2,meanF,minF,row,col,kept,lat,lon,name,complex,core_overlap_pct,residual_km2
Act 1,ensemble,242,6699,6699.0,0.8675709637372703,0.23202616,2243.2009255112703,832.183460217943,True,50.108811058946934,-116.41389791483465,Purcell Wilderness Conservancy Park vicinity (50.1°N 116.4°W),9,,
Act 1,ensemble,56,4949,4949.0,0.7717605289391711,0.06535948,1267.1087088300667,260.61749848454235,True,56.82615356853556,-129.32661595821264,SW of Tahltan - Sacred Headwaters (Klappan) (56.8°N 129.3°W),1,,
Act 1,ensemble,98,1948,1948.0,0.7735955184306452,0.4117647,1366.4009240246407,292.5200205338809,True,56.10400016407104,-128.2654848249901,NE of Swan Lake Kispiox River Park (56.1°N 128.3°W),1,,
Act 1,ensemble,201,1585,1585.0,0.7613162703318551,0.3153595,2069.367192429022,829.3577287066246,True,51.552252464857574,-117.0184080630799,NW of Yoho National Park Of Canada (51.6°N 117.0°W),9,,
Act 1,ensemble,462,1237,1237.0,0.8806978247053892,0.19934642,2822.028294260307,764.445432497979,True,45.186104685081744,-115.63585188665421,NW of Frank Church River Of No Return Wilderness (45.2°N 115.6°W),6,,
Act 1,ensemble,170,1106,1106.0,0.8145218068029846,0.11764706,1922.4267631103073,749.9186256781194,True,52.62245542744771,-118.71579988437549,S of Mount Robson Park (52.6°N 118.7°W),9,,
Act 1,ensemble,421,936,936.0,0.9042616380521884,0.3267974,2771.412393162393,785.3376068376068,True,45.64165476957195,-115.49902260802568,E of Gospel Hump Wilderness (45.6°N 115.5°W),6,,
Act 1,ensemble,294,842,842.0,0.7360296172937135,0.45424834,2234.2992874109264,678.2874109263659,True,49.88746626111201,-118.65066666193454,N of Granby Park (49.9°N 118.7°W),10,,
Act 1,ensemble,72,842,842.0,0.7164295374497666,0.48039213,1300.2375296912114,313.09501187648453,True,56.70915155594095,-128.3105668177492,N of Wilps Gwininitxw (56.7°N 128.3°W),1,,
Act 1,ensemble,135,742,742.0,0.8712277430488735,0.46078432,1437.7061994609164,277.3274932614555,True,55.47435718654243,-128.11057279564724,S of Swan Lake Kispiox River Park (55.5°N 128.1°W),1,,
Act 1,ensemble,28,670,670.0,0.7514657190486567,0.36601305,1058.720895522388,206.31044776119404,True,58.372551821874225,-131.45313541526633,SE of T’akú Tlatsini (Taku River Tlingit) (58.4°N 131.5°W),1,,
Act 1,ensemble,322,600,600.0,0.7661301860709985,0.49509802,2283.98,893.2133333333334,True,49.87747081809769,-115.41019081375556,SE of Purcell Wilderness Conservancy Park (49.9°N 115.4°W),9,,
Act 1,ensemble,433,580,580.0,0.8081305002857899,0.34477127,2776.098275862069,657.3,True,45.372109777743965,-117.18714054822789,NE of Eagle Cap Wilderness (45.4°N 117.2°W),2,,
Act 1,ensemble,38,521,521.0,0.8843193798971267,0.45751634,1150.8119001919385,190.33205374280232,True,57.56372877176849,-131.13334212158674,W of Mount Edziza Park (57.6°N 131.1°W),1,,
Act 1,ensemble,443,503,503.0,0.8062117574940145,0.52287585,2789.6262425447317,861.182902584493,True,45.61815534881037,-114.43646578289584,NE of Frank Church River Of No Return Wilderness (45.6°N 114.4°W),4,,
Act 1,ensemble,202,412,412.0,0.8375888449474446,0.44444445,2010.3373786407767,816.4174757281553,True,52.02039369172742,-117.40969921172957,NW of Banff National Park Of Canada (52.0°N 117.4°W),9,,
Act 1,ensemble,53,396,396.0,0.8026919582425945,0.37908494,1196.719696969697,210.21464646464648,True,57.249710629852146,-130.53810286174442,S of Mount Edziza Park (57.2°N 130.5°W),1,,
Act 1,ensemble,487,313,313.0,0.8435131347598359,0.31699347,2853.361022364217,851.8785942492012,True,45.073679731013094,-114.39341417085397,E of Frank Church River Of No Return Wilderness (45.1°N 114.4°W),4,,
Act 1,ensemble,345,291,291.0,0.7272701845136295,0.32189545,2295.745704467354,916.5876288659794,True,49.81942275134099,-115.03929434020773,NW of Castle Provincial Park (49.8°N 115.0°W),9,,
Act 1,ensemble,513,282,282.0,0.7785484256051111,0.60294116,2966.7624113475176,796.8085106382979,True,44.04174296140701,-114.82041877564572,E of Sawtooth Wilderness (44.0°N 114.8°W),3,,
Act 1,ensemble,373,268,268.0,0.7598770961387834,0.5735294,2346.992537313433,858.3731343283582,True,49.29182261950161,-115.71975204393569,S of Purcell Wilderness Conservancy Park (49.3°N 115.7°W),9,,
Act 1,ensemble,50,245,245.0,0.7249299846133407,0.4509804,1183.7877551020408,262.2326530612245,True,57.51745902333018,-129.78920044555235,NW of Tahltan - Sacred Headwaters (Klappan) (57.5°N 129.8°W),1,,
Act 1,ensemble,331,242,242.0,0.8435693885669235,0.17320263,2284.3223140495866,720.0123966942149,True,49.55598487148863,-117.88579996050052,SW of Valhalla Park (49.6°N 117.9°W),11,,
Act 1,ensemble,245,227,227.0,0.9040122704358878,0.60620916,2130.603524229075,645.9074889867842,True,50.67886029350006,-119.48538449339537,N of Granby Park (50.7°N 119.5°W),13,,
Act 1,ensemble,184,226,226.0,0.8022225202448601,0.30555555,1969.3053097345132,782.6725663716815,True,52.297150501922296,-118.05608401087844,S of Jasper National Park Of Canada (52.3°N 118.1°W),9,,
Act 1,ensemble,115,211,211.0,0.808753837341381,0.6176471,1354.9715639810427,253.54502369668248,True,56.08323161642404,-128.93610028838154,NW of Swan Lake Kispiox River Park (56.1°N 128.9°W),1,,
Act 1,ensemble,415,205,205.0,0.7407859223644908,0.56535953,2739.531707317073,917.7414634146342,True,46.12552281449556,-113.80671632699563,NW of Anaconda Pintler Wilderness (46.1°N 113.8°W),5,,
Act 1,ensemble,60,203,203.0,0.7456212504743942,0.5604575,1213.9802955665025,281.23152709359607,True,57.32623821337946,-129.3086724425987,Tahltan - Sacred Headwaters (Klappan) vicinity (57.3°N 129.3°W),1,,
Act 1,ensemble,290,184,184.0,0.7154021068759586,0.4526144,2209.8260869565215,880.1413043478261,True,50.47304030331964,-115.82412008616686,S of Kootenay National Park Of Canada (50.5°N 115.8°W),9,,
Act 1,ensemble,207,179,179.0,0.8135337989423528,0.624183,2011.2849162011173,615.6759776536313,True,51.601493564399924,-120.37342224101423,SW of Wells Gray Park (51.6°N 120.4°W),12,,
Act 1,ensemble,238,175,175.0,0.8779365101030895,0.21078433,2087.44,650.3314285714285,True,51.045333435836234,-119.57985550787953,S of Wells Gray Park (51.0°N 119.6°W),13,,
Act 1,ensemble,502,175,175.0,0.8178524787085397,0.6879085,2891.074285714286,721.7371428571429,True,44.53957011692415,-116.00516397544064,SW of Frank Church River Of No Return Wilderness (44.5°N 116.0°W),7,,
Act 1,ensemble,402,154,154.0,0.7516233781715492,0.61764705,2524.6623376623374,882.8571428571429,True,47.85583347133292,-114.86059893178464,SE of Cabinet Mountains Wilderness (47.9°N 114.9°W),14,,
Act 1,ensemble,219,145,145.0,0.8457629051701776,0.6405229,2044.503448275862,631.0206896551724,True,51.35973824753784,-120.0219165740879,S of Wells Gray Park (51.4°N 120.0°W),12,,
Act 1,ensemble,483,139,139.0,0.7901561243070973,0.45424843,2835.5107913669067,870.294964028777,True,45.25182735227593,-114.19528041208144,E of Frank Church River Of No Return Wilderness (45.3°N 114.2°W),4,,
Act 1,ensemble,459,138,138.0,0.7135431649892227,0.53267974,2791.608695652174,880.804347826087,True,45.63355433461956,-114.16881250914983,NE of Frank Church River Of No Return Wilderness (45.6°N 114.2°W),4,,
Act 1,ensemble,417,131,131.0,0.8580551893656491,0.6127451,2748.671755725191,667.0839694656488,True,45.61682632075163,-117.1399637416325,NE of Eagle Cap Wilderness (45.6°N 117.1°W),2,,
Act 1,ensemble,36,126,126.0,0.8826901080116393,0.59477127,1104.5079365079366,188.85714285714286,True,57.939291046184074,-131.44488919249477,NW of Mount Edziza Park (57.9°N 131.4°W),1,,
Act 1,ensemble,454,124,124.0,0.7865802314012281,0.68137264,2786.1612903225805,556.1370967741935,True,45.093703916928405,-118.48955161609238,W of Eagle Cap Wilderness (45.1°N 118.5°W),8,,
Act 1,ensemble,206,117,117.0,0.7649433072815593,0.5964052,1999.5726495726497,630.4017094017094,True,51.73037855116711,-120.20222713081723,SW of Wells Gray Park (51.7°N 120.2°W),12,,
Act 1,ensemble,223,113,113.0,0.7979495702064143,0.49836603,2056.7433628318586,853.6991150442478,True,51.7031176510458,-116.69985114592134,NW of Banff National Park Of Canada (51.7°N 116.7°W),9,,
Act 1,ensemble,346,110,110.0,0.8099821746349335,0.65686274,2291.318181818182,669.4272727272727,True,49.39807175890142,-118.57952082594264,NW of Gladstone Park (49.4°N 118.6°W),10,,
Act 1,ensemble,138,109,109.0,0.8595670724133833,0.6944445,1425.8990825688074,260.13761467889907,True,55.52122052016233,-128.43984330987536,S of Swan Lake Kispiox River Park (55.5°N 128.4°W),1,,
Act 1,ensemble,527,109,109.0,0.8126461609787897,0.5980393,3042.559633027523,1204.9174311926606,True,43.99202515352179,-109.31315422447695,SE of Washakie Wilderness (44.0°N 109.3°W),15,,
Act 1,ensemble,512,108,108.0,0.7805616176790662,0.5588236,2938.1944444444443,790.4074074074074,True,44.267921210446595,-114.97908692859566,NE of Sawtooth Wilderness (44.3°N 115.0°W),3,,
Act 1,ensemble,334,107,107.0,0.7235966074132474,0.5751634,2280.96261682243,945.4672897196261,True,49.991433376410306,-114.66617840948224,S of Don Getty Wildland (50.0°N 114.7°W),9,,
Act 1,ensemble,185,90,90.0,0.847657956679662,0.33169934,1966.3555555555556,762.3333333333334,False,52.28125926413875,-118.37047308184455,,-1,,
Act 1,ensemble,214,90,90.0,0.7816811978816987,0.53104573,2026.7,640.8333333333334,False,51.528138705424944,-119.94566208713418,,-1,,
Act 1,ensemble,35,80,80.0,0.7571691308170557,0.47058824,1100.85,205.275,False,58.02216289693603,-131.20500894705427,,-1,,
Act 1,ensemble,228,79,79.0,0.8022048548807071,0.6911765,2063.5949367088606,648.0379746835443,False,51.23792115899898,-119.70173752737091,,-1,,
Act 1,ensemble,200,73,73.0,0.7434416695000374,0.49019608,1997.109589041096,879.2191780821918,False,52.249050427301505,-116.51573549620858,,-1,,
Act 1,ensemble,375,72,72.0,0.7286900927623113,0.6405229,2341.8611111111113,934.8611111111111,False,49.46534756346123,-114.64412763769073,,-1,,
Act 1,ensemble,236,71,71.0,0.7906195445799492,0.41013074,2087.1830985915494,634.4647887323944,False,51.013937565126874,-119.81144326337335,,-1,,
Act 1,ensemble,221,67,67.0,0.7744366428745326,0.6160131,2041.402985074627,646.5522388059702,False,51.418552736681626,-119.80646152501673,,-1,,
Act 1,ensemble,291,64,64.0,0.7395322686061263,0.59150326,2199.828125,702.484375,False,50.22143111519796,-118.42376664508538,,-1,,
Act 1,ensemble,100,61,61.0,0.8836119243356048,0.64869285,1331.688524590164,242.9672131147541,False,56.24262247273838,-129.2325976317336,,-1,,
Act 1,ensemble,263,59,59.0,0.7373712274987819,0.42156863,2157.593220338983,862.271186440678,False,50.876825903482455,-116.24784186440031,,-1,,
Act 1,ensemble,118,58,58.0,0.7679175138473511,0.6454249,1365.0689655172414,267.17241379310343,False,56.04068912339249,-128.66759956692965,,-1,,
Act 1,ensemble,317,55,55.0,0.8103089809417725,0.65849674,2260.5272727272727,688.9454545454546,False,49.691794278536236,-118.40821486443792,,-1,,
Act 1,ensemble,88,55,55.0,0.6953060085123236,0.5424837,1313.5454545454545,364.1636363636364,False,56.746669262447064,-127.42943623169394,,-1,,
Act 1,ensemble,284,54,54.0,0.7588356507045252,0.49019608,2183.222222222222,895.3703703703703,False,50.721965213614304,-115.68428252591481,,-1,,
Act 1,ensemble,304,51,51.0,0.8144303466759476,0.6977124,2236.392156862745,864.9411764705883,False,50.22452288079245,-115.96238340922675,,-1,,
Act 1,ensemble,425,51,51.0,0.7581699525608736,0.63888896,2751.901960784314,923.4509803921569,False,46.03160934792558,-113.6980318920385,,-1,,
Act 1,ensemble,137,50,50.0,0.7449346524477005,0.4967321,1420.4,297.78,False,55.67533408094944,-127.88849184614061,,-1,,
Act 1,ensemble,368,49,49.0,0.84487127832004,0.49019608,2331.6326530612246,708.469387755102,False,49.14176171425606,-117.89175948433953,,-1,,
Act 1,ensemble,495,49,49.0,0.7706749354090009,0.6029413,2859.734693877551,775.204081632653,False,44.89236606838413,-115.38972165395472,,-1,,
Act 1,ensemble,465,49,49.0,0.7307923241537444,0.6683006,2803.0204081632655,916.0816326530612,False,45.59478330155609,-113.6674258616909,,-1,,
Act 1,ensemble,420,48,48.0,0.860021793593963,0.61928105,2747.5625,593.6041666666666,False,45.48529355573177,-118.11771130756482,,-1,,
Act 1,ensemble,210,48,48.0,0.8221677529315153,0.63888896,2007.0,861.3125,False,52.133125957211206,-116.7510485377065,,-1,,
Act 1,ensemble,209,47,47.0,0.7540676035779588,0.4918301,2003.5744680851064,652.1489361702128,False,51.74390936520982,-119.86695518811815,,-1,,
Act 1,ensemble,484,45,45.0,0.8503631128205194,0.70424837,2831.4222222222224,926.3777777777777,False,45.37455393076277,-113.45868329712329,,-1,,
Act 1,ensemble,62,43,43.0,0.8325353417285654,0.5735294,1223.860465116279,203.30232558139534,False,57.00542927032697,-130.48398929508244,,-1,,
Act 1,ensemble,385,43,43.0,0.7547499634498773,0.4771242,2383.4418604651164,832.8372093023256,False,48.943565044223845,-115.97188556885637,,-1,,
Act 1,ensemble,281,43,43.0,0.7184222597022389,0.41666666,2175.9767441860463,871.1162790697674,False,50.73937180946105,-116.06071103369433,,-1,,
Act 1,ensemble,437,41,41.0,0.8713534183618499,0.70424837,2765.878048780488,826.2926829268292,False,45.757400073651915,-114.96679168557831,,-1,,
Act 1,ensemble,466,41,41.0,0.7547027090700661,0.6013072,2805.243902439024,936.829268292683,False,45.60856604084191,-113.38400258030445,,-1,,
Act 1,ensemble,166,40,40.0,0.7926879182457924,0.5947712,1851.975,717.725,False,53.14327456746844,-119.4650660716919,,-1,,
Act 1,ensemble,366,37,37.0,0.8555025603320148,0.5702614,2321.324324324324,714.7567567567568,False,49.23931942886448,-117.83715129309148,,-1,,
Act 1,ensemble,356,32,32.0,0.8996629901230335,0.6879085,2301.96875,720.6875,False,49.41112202638612,-117.81741945507615,,-1,,
Act 1,ensemble,97,31,31.0,0.9200400748560505,0.70424837,1329.8387096774193,231.67741935483872,False,56.22384195922922,-129.41895980486208,,-1,,
Act 1,ensemble,153,31,31.0,0.7218532696846993,0.625817,1750.774193548387,743.9677419354839,False,54.044204203993495,-119.45476984549143,,-1,,
Act 1,ensemble,378,31,31.0,0.7170567147193416,0.6111111,2357.7096774193546,842.8709677419355,False,49.17531096777408,-115.90762827393408,,-1,,
Act 1,ensemble,94,31,31.0,0.6883301744537969,0.44444445,1320.3225806451612,369.8709677419355,False,56.70677540884083,-127.30213778219178,,-1,,
Act 1,ensemble,232,30,30.0,0.8355664590994517,0.71241826,2073.4333333333334,640.2666666666667,False,51.140019220040074,-119.77833562746801,,-1,,
Act 1,ensemble,66,29,29.0,0.8283186842655313,0.7238562,1244.5172413793102,211.10344827586206,False,56.86031914686799,-130.2380878920406,,-1,,
Act 1,ensemble,409,29,29.0,0.7722560434505857,0.64215684,2609.4827586206898,901.4137931034483,False,47.181061563748024,-114.37124831546247,,-1,,
Act 1,ensemble,514,29,29.0,0.7231237456716341,0.5408497,2956.0689655172414,790.5862068965517,False,44.12001145625785,-114.9295168817136,,-1,,
Act 1,ensemble,87,27,27.0,0.9081941467744333,0.70261437,1312.4814814814815,233.11111111111111,False,56.37043570245588,-129.49625238520824,,-1,,
Act 1,ensemble,441,27,27.0,0.7985959936071325,0.6993465,2764.5555555555557,818.7037037037037,False,45.75556804181089,-115.07197925189223,,-1,,
Act 1,ensemble,133,26,26.0,0.9336349826592666,0.73529416,1400.3076923076924,240.5,False,55.673078897378325,-128.88409744585067,,-1,,
Act 1,ensemble,82,26,26.0,0.7769608130821815,0.5392156,1294.3461538461538,231.03846153846155,False,56.51286192219072,-129.63335519998938,,-1,,
Act 1,ensemble,493,25,25.0,0.7474509906768799,0.6879085,2855.92,758.12,False,44.894425953237544,-115.6253545398344,,-1,,
Act 1,ensemble,531,24,24.0,0.7503404195110003,0.7058824,3206.75,1027.375,False,42.39282336338467,-111.2876397588201,,-1,,
Act 1,ensemble,273,24,24.0,0.7419662475585938,0.55392164,2166.0,818.875,False,50.72707498639524,-116.85395070372658,,-1,,
Act 1,ensemble,503,24,24.0,0.7354302853345871,0.501634,2879.75,1129.9166666666667,False,45.261507899200744,-110.62786056143403,,-1,,
Act 1,ensemble,246,21,21.0,0.7410520031338647,0.5735294,2126.6666666666665,795.2857142857143,False,51.01015980693821,-117.32790257160586,,-1,,
Act 1,ensemble,388,21,21.0,0.7241674604870024,0.63398695,2386.0476190476193,844.0952380952381,False,48.94183103932449,-115.80502335735606,,-1,,
Act 1,ensemble,110,21,21.0,0.7180983708018348,0.6143791,1346.2380952380952,337.8095238095238,False,56.401001991906995,-127.66703779757631,,-1,,
Act 1,ensemble,71,20,20.0,0.8285130709409714,0.44934642,1259.35,220.55,False,56.76783192723463,-130.0020617177084,,-1,,
Act 1,ensemble,195,20,20.0,0.727532684803009,0.67810464,1988.5,628.65,False,51.8182888095168,-120.27060193907731,,-1,,
Act 1,ensemble,360,20,20.0,0.7080882489681244,0.63071895,2309.65,940.5,False,49.74358271801499,-114.65532249559148,,-1,,
Act 1,ensemble,325,20,20.0,0.6669934675097465,0.49673203,2261.05,921.9,False,50.11803742337292,-115.06460843081236,,-1,,
Act 1,ensemble,370,19,19.0,0.8304953543763411,0.7009804,2334.4736842105262,696.4736842105264,False,49.09482488756789,-118.05144832679981,,-1,,
Act 1,ensemble,511,19,19.0,0.7927416500292326,0.7140524,2927.7368421052633,1187.842105263158,False,44.93307405005101,-109.75743351976494,,-1,,
Act 1,ensemble,54,19,19.0,0.7542139856438888,0.62254906,1187.8947368421052,247.73684210526315,False,57.43896008064696,-129.9957154181537,,-1,,
Act 1,ensemble,140,19,19.0,0.7313381558970401,0.4852941,1424.842105263158,569.2105263157895,False,56.36926610656763,-123.60147670779762,,-1,,
Act 1,ensemble,369,18,18.0,0.768155402607388,0.7238562,2329.277777777778,868.6111111111111,False,49.457227086571635,-115.62706283098706,,-1,,
Act 1,ensemble,349,18,18.0,0.7595315873622894,0.6470589,2286.0555555555557,691.6111111111111,False,49.4858414448137,-118.28323279465508,,-1,,
Act 1,ensemble,204,18,18.0,0.7486383451355828,0.67483664,1993.2777777777778,621.5555555555555,False,51.76332005178695,-120.35658043483079,,-1,,
Act 1,ensemble,396,17,17.0,0.7336601369521197,0.68627447,2476.8823529411766,903.2941176470588,False,48.28754526967882,-114.7094273570028,,-1,,
Act 1,ensemble,194,16,16.0,0.7380514815449715,0.6601307,1985.5625,767.875,False,52.13221316258126,-118.21918909174384,,-1,,
Act 1,ensemble,400,16,16.0,0.7325367778539658,0.63398695,2495.3125,877.875,False,48.09154289595821,-115.01258806548566,,-1,,
Act 1,ensemble,141,16,16.0,0.7291666679084301,0.56535953,1424.0625,576.75,False,56.39466879639715,-123.48502755813459,,-1,,
Act 1,ensemble,480,16,16.0,0.7216094769537449,0.68954253,2818.9375,580.0,False,44.8710010632288,-118.07375410105591,,-1,,
Act 1,ensemble,519,15,15.0,0.7601307193438213,0.7124183,3007.866666666667,858.2,False,43.80051483103908,-113.9175881730519,,-1,,
Act 1,ensemble,332,15,15.0,0.7592592795689901,0.5686275,2267.5333333333333,910.3333333333334,False,50.04416061544383,-115.21250211512603,,-1,,
Act 1,ensemble,482,15,15.0,0.7563181002934773,0.6830066,2824.733333333333,931.8,False,45.438603539743596,-113.40290171792444,,-1,,
Act 1,ensemble,394,15,15.0,0.7138344208399455,0.6535948,2459.5333333333333,901.3333333333334,False,48.42870814855373,-114.78562257627428,,-1,,
Act 1,ensemble,77,14,14.0,0.8920401462486812,0.74346405,1279.9285714285713,227.85714285714286,False,56.62142499347578,-129.76694139520262,,-1,,
Act 1,ensemble,439,14,14.0,0.8232959977218083,0.53267974,2762.5,677.8571428571429,False,45.522730198278715,-116.95540325296767,,-1,,
Act 1,ensemble,125,14,14.0,0.7872315517493657,0.7091503,1378.2142857142858,256.57142857142856,False,55.90157729770702,-128.75882793869175,,-1,,
Act 1,ensemble,42,14,14.0,0.751050421169826,0.6797386,1151.0714285714287,228.92857142857142,False,57.68370599108783,-130.51726528933014,,-1,,
Act 1,ensemble,39,14,14.0,0.687208218233926,0.633987,1144.2857142857142,248.0,False,57.79929547226894,-130.25353322527013,,-1,,
Act 1,ensemble,227,14,14.0,0.6796218539987292,0.4395425,2060.0,847.5,False,51.66439873667198,-116.78101235884918,,-1,,
Act 1,ensemble,74,13,13.0,0.8678984321080722,0.63398695,1270.1538461538462,225.07692307692307,False,56.69310408155069,-129.86761865443603,,-1,,
Act 1,ensemble,298,13,13.0,0.822021131332104,0.7009804,2210.4615384615386,907.3076923076923,False,50.51536106279876,-115.42725216981393,,-1,,
Act 1,ensemble,186,13,13.0,0.7531422926829412,0.70261437,1972.8461538461538,854.9230769230769,False,52.40695318926831,-116.96123184129708,,-1,,
Act 1,ensemble,494,13,13.0,0.7412016254204971,0.6944444,2855.3076923076924,765.0,False,44.911436590673446,-115.53637864880582,,-1,,
Act 1,ensemble,287,13,13.0,0.729135261132167,0.70424837,2192.3846153846152,697.0769230769231,False,50.272275227328976,-118.52734385203753,,-1,,
Act 1,ensemble,320,13,13.0,0.7203368498728826,0.61601305,2256.153846153846,940.9230769230769,False,50.191093103520764,-114.80370556477064,,-1,,
Act 1,ensemble,340,12,12.0,0.7472767184178034,0.6846406,2276.6666666666665,695.8333333333334,False,49.571903711860195,-118.25519593700513,,-1,,
Act 1,ensemble,312,12,12.0,0.7272603611151377,0.64542484,2243.8333333333335,888.75,False,50.20450912190158,-115.59537517749835,,-1,,
Act 1,ensemble,9,12,12.0,0.6924019803603491,0.619281,159.33333333333334,426.4166666666667,False,66.84629513504291,-134.02664568702764,,-1,,
Act 1,ensemble,393,11,11.0,0.8085264455188405,0.71732026,2459.0,908.0909090909091,False,48.44441830292319,-114.69228908771242,,-1,,
Act 1,ensemble,205,11,11.0,0.7917409430850636,0.72385615,1994.7272727272727,648.0,False,51.80838118119222,-119.96166414286584,,-1,,
Act 1,ensemble,458,11,11.0,0.7739156322045759,0.73202616,2783.2727272727275,709.7272727272727,False,45.40956107261988,-116.47128615585429,,-1,,
Act 1,ensemble,496,11,11.0,0.7571301406080072,0.70098037,2859.4545454545455,839.8181818181819,False,45.00333604375057,-114.5371775140014,,-1,,
Act 1,ensemble,288,11,11.0,0.7202911539511248,0.6584967,2195.818181818182,889.0909090909091,False,50.60574506454354,-115.73709271026493,,-1,,
Act 1,ensemble,354,11,11.0,0.7159833908081055,0.67483664,2297.7272727272725,939.2727272727273,False,49.84108608087449,-114.70720622685519,,-1,,
Act 1,ensemble,47,11,11.0,0.6978609453548085,0.59477127,1167.3636363636363,255.54545454545453,False,57.632337664986515,-129.99390645267562,,-1,,
Act 1,ensemble,286,10,10.0,0.7663398921489716,0.6650327,2191.3,907.0,False,50.67486039268221,-115.4898583785164,,-1,,
Act 1,ensemble,216,10,10.0,0.7357843577861786,0.7042484,2027.3,889.7,False,52.01544349144936,-116.26025557965745,,-1,,
Act 1,ensemble,51,10,10.0,0.7320261359214782,0.6699346,1176.4,272.2,False,57.60900966869642,-129.6738643551711,,-1,,
Act 1,ensemble,516,10,10.0,0.7282679796218872,0.7075164,2988.8,804.0,False,43.87088907289685,-114.66958143913736,,-1,,
Act 1,ensemble,93,10,10.0,0.7197712540626526,0.6045751,1317.2,298.7,False,56.527083533648614,-128.4423170325418,,-1,,
Act 1,ensemble,101,10,10.0,0.7176470696926117,0.6503268,1327.5,364.8,False,56.63293808503115,-127.34343325296848,,-1,,
Act 1,ensemble,430,9,9.0,0.9669571585125394,0.8333333,2755.1111111111113,675.5555555555555,False,45.57947067674442,-117.00804992950242,,-1,,
Act 1,ensemble,485,9,9.0,0.8010167479515076,0.7042484,2832.6666666666665,933.1111111111111,False,45.37460721274086,-113.36575130878366,,-1,,
Act 1,ensemble,193,9,9.0,0.777959320280287,0.71732026,1983.3333333333333,876.7777777777778,False,52.359913528464,-116.59790662699339,,-1,,
Act 1,ensemble,404,9,9.0,0.7650690078735352,0.7042484,2552.3333333333335,880.2222222222222,False,47.62131566877401,-114.81988339895013,,-1,,
Act 1,ensemble,198,9,9.0,0.7519970999823676,0.70424837,1990.0,879.3333333333334,False,52.30879792257413,-116.5374797804192,,-1,,
Act 1,ensemble,395,9,9.0,0.7469135986434089,0.7058824,2472.4444444444443,913.1111111111111,False,48.340785687557734,-114.58431919680436,,-1,,
Act 1,ensemble,230,9,9.0,0.7354756792386373,0.6781046,2069.8888888888887,629.8888888888889,False,51.14726608324146,-119.94270774586592,,-1,,
Act 1,ensemble,211,9,9.0,0.7233115699556139,0.67483664,2012.0,879.5555555555555,False,52.125001517830974,-116.4617455613416,,-1,,
Act 1,ensemble,92,9,9.0,0.7207697961065505,0.56372553,1316.7777777777778,351.55555555555554,False,56.68387751808877,-127.61135277128716,,-1,,
Act 1,ensemble,301,9,9.0,0.704429931110806,0.63071895,2216.6666666666665,885.6666666666666,False,50.4257271980202,-115.72286408885017,,-1,,
Act 1,ensemble,40,9,9.0,0.6940813726849027,0.5898693,1150.6666666666667,240.33333333333334,False,57.7227485480866,-130.33756215065821,,-1,,
Act 1,ensemble,187,8,8.0,0.7726715728640556,0.72222215,1978.375,764.125,False,52.1846481031873,-118.300691697192,,-1,,
Act 1,ensemble,412,8,8.0,0.7651143819093704,0.7075164,2715.375,884.0,False,46.27226209064968,-114.32570089328566,,-1,,
Act 1,ensemble,254,8,8.0,0.7563316971063614,0.71405226,2138.625,657.875,False,50.63742340715571,-119.28328977507613,,-1,,
Act 1,ensemble,335,8,8.0,0.7524509578943253,0.7026143,2268.625,727.875,False,49.70134580119954,-117.82632607217492,,-1,,
Act 1,ensemble,229,8,8.0,0.7432598099112511,0.68137246,2064.375,629.625,False,51.192319134031834,-119.96728561188256,,-1,,
Act 1,ensemble,530,8,8.0,0.7406045794487,0.7042484,3201.0,1039.25,False,42.4569174149016,-111.14798886889822,,-1,,
Act 1,ensemble,126,8,8.0,0.6970996856689453,0.6568628,1379.875,400.5,False,56.29916047284867,-126.50026207835809,,-1,,
Act 1,ensemble,41,8,8.0,0.6860702633857727,0.61764705,1150.25,246.625,False,57.74581125257284,-130.23947113874246,,-1,,
Act 1,ensemble,448,7,7.0,0.9589168855122158,0.92483664,2770.714285714286,758.1428571428571,False,45.59998784746721,-115.86365416605902,,-1,,
Act 1,ensemble,445,7,7.0,0.9304388761520386,0.86111116,2767.714285714286,670.0,False,45.46506230466678,-117.04406459553081,,-1,,
Act 1,ensemble,46,7,7.0,0.8989262325423104,0.8186274,1163.0,198.42857142857142,False,57.48942175233446,-130.92985570251923,,-1,,
Act 1,ensemble,296,7,7.0,0.8160597596849714,0.77450985,2207.714285714286,704.0,False,50.15911435255053,-118.3747296836738,,-1,,
Act 1,ensemble,491,7,7.0,0.771942104612078,0.7091503,2849.1428571428573,842.7142857142857,False,45.09369492121294,-114.52586661340324,,-1,,
Act 1,ensemble,442,7,7.0,0.7691410098757062,0.7107844,2762.285714285714,880.2857142857143,False,45.87638495252837,-114.25223799873767,,-1,,
Act 1,ensemble,244,7,7.0,0.7577030829020909,0.6830066,2115.5714285714284,650.7142857142857,False,50.81329133036913,-119.4708312475685,,-1,,
Act 1,ensemble,478,7,7.0,0.7504668491227287,0.7009804,2816.5714285714284,921.8571428571429,False,45.491085638095726,-113.55610142523332,,-1,,
Act 1,ensemble,492,7,7.0,0.7464985932622638,0.70261437,2851.0,673.4285714285714,False,44.78364784955665,-116.75271957185913,,-1,,
Act 1,ensemble,167,7,7.0,0.7352941461971828,0.5767974,1858.7142857142858,721.1428571428571,False,53.09426219609015,-119.38763072693536,,-1,,
Act 1,ensemble,497,7,7.0,0.733426707131522,0.7091503,2859.1428571428573,783.4285714285714,False,44.91136725306099,-115.28289469664291,,-1,,
Act 1,ensemble,372,7,7.0,0.7233893701008388,0.7058824,2332.8571428571427,808.1428571428571,False,49.319458553365884,-116.47682405592896,,-1,,
Act 1,ensemble,477,7,7.0,0.719654551574162,0.7075164,2813.285714285714,575.2857142857143,False,44.90830871047497,-118.1530835173901,,-1,,
Act 1,ensemble,26,7,7.0,0.7175536666597638,0.6830065,963.7142857142857,210.71428571428572,False,59.17175699322178,-131.99224768531383,,-1,,
Act 1,ensemble,387,7,7.0,0.6897759437561035,0.60784316,2382.714285714286,851.2857142857143,False,48.98219702801043,-115.71335503648874,,-1,,
Act 1,ensemble,302,7,7.0,0.6767040320805141,0.5882353,2222.1428571428573,896.8571428571429,False,50.39965101798477,-115.54372814372624,,-1,,
Act 1,ensemble,481,6,6.0,0.8967865109443665,0.89052296,2820.0,926.5,False,45.469781842054445,-113.48548429439815,,-1,,
Act 1,ensemble,243,6,6.0,0.7780501246452332,0.72222227,2110.0,648.1666666666666,False,50.854061414645,-119.52818177046831,,-1,,
Act 1,ensemble,104,6,6.0,0.7647058665752411,0.7238562,1331.8333333333333,289.8333333333333,False,56.380542291309034,-128.49957080877036,,-1,,
Act 1,ensemble,218,6,6.0,0.745915025472641,0.6372549,2030.8333333333333,616.6666666666666,False,51.44191574572536,-120.283791416862,,-1,,
Act 1,ensemble,410,6,6.0,0.7437364061673483,0.7189543,2691.0,896.5,False,46.49516792077988,-114.22077654201355,,-1,,
Act 1,ensemble,419,6,6.0,0.7393790980180105,0.7042484,2737.1666666666665,931.0,False,46.166065496095776,-113.63361419745586,,-1,,
Act 1,ensemble,463,6,6.0,0.7372004191080729,0.7058824,2792.5,840.0,False,45.559387929448995,-114.71186286432616,,-1,,
Act 1,ensemble,160,6,6.0,0.7352941532929739,0.67483664,1833.0,726.5,False,53.32006167419043,-119.40462391998317,,-1,,
Act 1,ensemble,327,6,6.0,0.7227668960889181,0.6911765,2261.5,720.5,False,49.74602163913241,-117.9553655187055,,-1,,
Act 1,ensemble,111,6,6.0,0.7184096177419027,0.70424837,1343.5,373.3333333333333,False,56.5246319865298,-127.1221262105491,,-1,,
Act 1,ensemble,22,6,6.0,0.7170479396979014,0.7009804,906.3333333333334,847.1666666666666,False,61.489476950874064,-121.42945367413095,,-1,,
Act 1,ensemble,350,6,6.0,0.7107843259970347,0.70098037,2286.3333333333335,677.1666666666666,False,49.45479209516922,-118.48704027302462,,-1,,
Act 1,ensemble,215,6,6.0,0.709967315196991,0.6372549,2024.0,864.5,False,51.996840715468956,-116.64712979595069,,-1,,
Act 1,ensemble,48,6,6.0,0.702614426612854,0.6535948,1167.5,262.8333333333333,False,57.65370900774311,-129.87660247674276,,-1,,
Act 1,ensemble,108,6,6.0,0.6993464330832163,0.6127451,1340.5,340.0,False,56.454666721754734,-127.66390475564505,,-1,,
Act 1,ensemble,86,6,6.0,0.6990740696589152,0.64379084,1305.5,358.0,False,56.79567837736459,-127.57112588731809,,-1,,
Act 1,ensemble,377,5,5.0,0.8598039269447326,0.70424837,2348.0,671.0,False,48.932719082400496,-118.36434657890455,,-1,,
Act 1,ensemble,251,5,5.0,0.80751633644104,0.7614379,2136.0,799.0,False,50.93951885379251,-117.24249118296228,,-1,,
Act 1,ensemble,384,5,5.0,0.7794118046760559,0.75163406,2373.4,825.4,False,49.01375671206146,-116.1074205001793,,-1,,
Act 1,ensemble,523,5,5.0,0.7777777910232544,0.70098037,3016.4,1202.6,False,44.20839527680214,-109.39242867579925,,-1,,
Act 1,ensemble,282,5,5.0,0.748692798614502,0.70424837,2172.4,666.2,False,50.375089442188724,-119.04187579269143,,-1,,
Act 1,ensemble,146,5,5.0,0.7398693084716796,0.67483664,1434.8,576.6,False,56.3043854135645,-123.43642926963389,,-1,,
Act 1,ensemble,124,5,5.0,0.730718982219696,0.70098037,1374.6,303.8,False,56.069289225238485,-128.04446097946314,,-1,,
Act 1,ensemble,151,5,5.0,0.7271242022514344,0.7107844,1456.8,309.0,False,55.40831255658025,-127.51966801866206,,-1,,
Act 1,ensemble,157,5,5.0,0.7267973780632019,0.71405226,1821.6,698.8,False,53.35632135340966,-119.8693360661451,,-1,,
Act 1,ensemble,401,5,5.0,0.7238562345504761,0.7058824,2507.8,881.4,False,47.993629489969976,-114.92820885097933,,-1,,
Act 1,ensemble,154,5,5.0,0.7209150195121765,0.70098037,1750.6,736.2,False,54.02919663138425,-119.57504441287762,,-1,,
Act 1,ensemble,526,5,5.0,0.7137255072593689,0.6062092,3021.6,862.8,False,43.69368229896517,-113.82391409730023,,-1,,
Act 1,ensemble,27,5,5.0,0.7120915412902832,0.70098037,973.8,209.2,False,59.083298331988274,-131.95125978315238,,-1,,
Act 1,ensemble,112,5,5.0,0.7111111402511596,0.6977125,1345.6,363.0,False,56.478046272862215,-127.27387217076296,,-1,,
Act 1,ensemble,328,5,5.0,0.7055555701255798,0.64705884,2262.4,729.4,False,49.75590423311793,-117.82538588712069,,-1,,
Act 1,ensemble,471,5,5.0,0.7009804129600525,0.6699347,2802.8,875.2,False,45.53151557919887,-114.21467100357475,,-1,,
Act 1,ensemble,310,5,5.0,0.6947712898254395,0.6683007,2237.6,904.2,False,50.2834063059677,-115.39055479443816,,-1,,
Act 1,ensemble,434,4,4.0,0.9901960790157318,0.98039216,2758.5,675.5,False,45.551383197287784,-116.99864805138547,,-1,,
Act 1,ensemble,455,4,4.0,0.9673202633857727,0.9607844,2775.5,660.5,False,45.38304481488806,-117.14658437635164,,-1,,
Act 1,ensemble,509,4,4.0,0.9391339868307114,0.8382353,2910.75,1217.75,False,45.11146468794569,-109.3907632738452,,-1,,
Act 1,ensemble,292,4,4.0,0.8390523046255112,0.81535953,2196.5,902.0,False,50.622708768525555,-115.5469326466198,,-1,,
Act 1,ensemble,467,4,4.0,0.8263889253139496,0.75490206,2798.25,838.5,False,45.509172945372754,-114.71653226439612,,-1,,
Act 1,ensemble,315,4,4.0,0.7957516610622406,0.73529416,2250.5,663.0,False,49.722557189422595,-118.81205766848787,,-1,,
Act 1,ensemble,475,4,4.0,0.7949346452951431,0.7303922,2811.5,841.0,False,45.40333899429677,-114.64795414697917,,-1,,
Act 1,ensemble,268,4,4.0,0.7712418437004089,0.72222227,2156.25,807.25,False,50.786510160708296,-117.05515765120155,,-1,,
Act 1,ensemble,533,4,4.0,0.766339898109436,0.71895427,3215.5,1030.0,False,42.323295485225366,-111.23607024533719,,-1,,
Act 1,ensemble,300,4,4.0,0.763888880610466,0.7091503,2213.25,818.0,False,50.332079804317566,-116.71389478361628,,-1,,
Act 1,ensemble,191,4,4.0,0.7557189464569092,0.7091504,1982.5,624.0,False,51.85787862078889,-120.36228701379002,,-1,,
Act 1,ensemble,383,4,4.0,0.7532679885625839,0.7124183,2369.5,866.5,False,49.11872022487389,-115.53720659818767,,-1,,
Act 1,ensemble,59,4,4.0,0.7520424872636795,0.7091503,1197.5,222.75,False,57.28244238149486,-130.334973300298,,-1,,
Act 1,ensemble,399,4,4.0,0.7508169859647751,0.70424837,2490.0,861.5,False,48.10785444433067,-115.2559776489226,,-1,,
Act 1,ensemble,504,4,4.0,0.7426470518112183,0.7009804,2878.5,1124.25,False,45.26457007587389,-110.7063158397694,,-1,,
Act 1,ensemble,518,4,4.0,0.7291666716337204,0.7091503,3002.5,859.5,False,43.84717445740549,-113.9140353609048,,-1,,
Act 1,ensemble,99,4,4.0,0.7214052528142929,0.7009804,1326.0,356.75,False,56.62243225387178,-127.47884807327935,,-1,,
Act 1,ensemble,343,4,4.0,0.7201797813177109,0.7009804,2274.5,667.0,False,49.53222674737753,-118.67186845634467,,-1,,
Act 1,ensemble,326,4,4.0,0.6879085153341293,0.6388889,2261.5,898.0,False,50.073243253530435,-115.40848153599526,,-1,,
Act 1,ensemble,44,4,4.0,0.6764705777168274,0.58006537,1155.75,253.0,False,57.72026369703107,-130.10431483277927,,-1,,
Act 1,ensemble,382,4,4.0,0.6760621070861816,0.625817,2367.0,846.5,False,49.10446680658562,-115.82816905042363,,-1,,
Act 1,ensemble,17,4,4.0,0.6691176444292068,0.5866013,195.5,439.0,False,66.56761525973977,-133.49512977687314,,-1,,
Act 1,ensemble,57,4,4.0,0.6527778059244156,0.54411775,1193.5,254.0,False,57.41207635246163,-129.8626847684643,,-1,,
Act 1,ensemble,436,3,3.0,0.9972767233848572,0.99509805,2760.3333333333335,668.6666666666666,False,45.523513013723964,-117.08387183564959,,-1,,
Act 1,ensemble,269,3,3.0,0.9400871594746908,0.9019608,2156.0,817.6666666666666,False,50.80810859629716,-116.9041712322992,,-1,,
Act 1,ensemble,438,3,3.0,0.9123093883196512,0.9052288,2761.6666666666665,653.6666666666666,False,45.48437535783812,-117.27880724081818,,-1,,
Act 1,ensemble,508,3,3.0,0.8845315972963969,0.753268,2905.6666666666665,1212.0,False,45.14717899230627,-109.47740426220011,,-1,,
Act 1,ensemble,192,3,3.0,0.8698257207870483,0.77941173,1983.0,783.6666666666666,False,52.184858332222454,-117.99285128992032,,-1,,
Act 1,ensemble,61,3,3.0,0.8126361767450968,0.79738563,1204.0,194.0,False,57.13908892253943,-130.75019567788274,,-1,,
Act 1,ensemble,371,3,3.0,0.7941176692644755,0.7107844,2332.6666666666665,677.3333333333334,False,49.07202680473732,-118.32708590096384,,-1,,
Act 1,ensemble,297,3,3.0,0.7913943529129028,0.77124184,2207.0,903.0,False,50.53677489684571,-115.50042314144925,,-1,,
Act 1,ensemble,275,3,3.0,0.7826797564824423,0.76633984,2166.6666666666665,665.6666666666666,False,50.42144157892245,-119.07002503548725,,-1,,
Act 1,ensemble,255,3,3.0,0.7826797366142273,0.71405226,2138.0,851.3333333333334,False,51.02038557588244,-116.47047042933204,,-1,,
Act 1,ensemble,270,3,3.0,0.7815904418627421,0.75653595,2156.3333333333335,813.0,False,50.79660617465936,-116.97110257938661,,-1,,
Act 1,ensemble,435,3,3.0,0.7799564599990845,0.7205882,2758.3333333333335,679.3333333333334,False,45.5598797978959,-116.9482323613569,,-1,,
Act 1,ensemble,52,3,3.0,0.7745098074277242,0.70261437,1179.0,196.66666666666666,False,57.352523859729565,-130.859972787104,,-1,,
Act 1,ensemble,416,3,3.0,0.7696078419685364,0.7320261,2735.0,692.0,False,45.77606455767369,-116.84923930807868,,-1,,
Act 1,ensemble,386,3,3.0,0.7630719145139059,0.7075164,2380.0,825.0,False,48.95819679049952,-116.09299757252923,,-1,,
Act 1,ensemble,500,3,3.0,0.7587146162986755,0.71895427,2869.0,773.6666666666666,False,44.81295820947024,-115.38465948748504,,-1,,
Act 1,ensemble,234,3,3.0,0.7549019654591879,0.72222227,2071.3333333333335,832.3333333333334,False,51.54143545424757,-116.96789574211908,,-1,,
Act 1,ensemble,21,3,3.0,0.7467320561408997,0.7238563,884.0,740.0,False,61.41636305402628,-123.44734201145369,,-1,,
Act 1,ensemble,241,3,3.0,0.7401960690816244,0.73529416,2101.6666666666665,822.3333333333334,False,51.269628318201214,-117.0146357275912,,-1,,
Act 1,ensemble,4,3,3.0,0.7374727725982666,0.7238562,150.33333333333334,426.6666666666667,False,66.92865713034246,-134.09509700251252,,-1,,
Act 1,ensemble,295,3,3.0,0.7358388304710388,0.7107844,2205.3333333333335,693.3333333333334,False,50.15750691542555,-118.53605733452859,,-1,,
Act 1,ensemble,248,3,3.0,0.7309368252754211,0.71732026,2131.3333333333335,789.0,False,50.959318481940365,-117.40410698835744,,-1,,
Act 1,ensemble,75,3,3.0,0.7287581364313761,0.71732026,1271.3333333333333,301.3333333333333,False,56.91305924071123,-128.65941313486908,,-1,,
Act 1,ensemble,106,3,3.0,0.7265795667966207,0.67810464,1334.0,328.0,False,56.47382172956973,-127.88835825177819,,-1,,
Act 1,ensemble,76,3,3.0,0.7244008779525757,0.7156863,1272.6666666666667,306.3333333333333,False,56.91684119247419,-128.5727033780223,,-1,,
Act 1,ensemble,213,3,3.0,0.7238562107086182,0.70098037,2022.0,790.0,False,51.87200657731028,-117.76226809108184,,-1,,
Act 1,ensemble,91,3,3.0,0.7238561908404032,0.71405226,1311.0,356.6666666666667,False,56.74632807875642,-127.5621112793792,,-1,,
Act 1,ensemble,103,3,3.0,0.7211328943570455,0.7009804,1330.6666666666667,361.6666666666667,False,56.59782143652179,-127.37577247401556,,-1,,
Act 1,ensemble,265,3,3.0,0.7167755961418152,0.70261437,2148.0,850.0,False,50.93453117368765,-116.45788714506624,,-1,,
Act 1,ensemble,63,3,3.0,0.7156862815221151,0.71568626,1225.0,287.6666666666667,False,57.25469233806085,-129.1421592713768,,-1,,
Act 1,ensemble,424,3,3.0,0.7102396488189697,0.70261437,2744.3333333333335,929.3333333333334,False,46.103815721251415,-113.63790853755377,,-1,,
Act 1,ensemble,96,3,3.0,0.7053377230962118,0.6830065,1319.3333333333333,355.3333333333333,False,56.673546956685215,-127.53762408534317,,-1,,
Act 1,ensemble,353,3,3.0,0.7020697196324667,0.5849673,2293.3333333333335,690.6666666666666,False,49.42375244440416,-118.27192071109761,,-1,,
Act 1,ensemble,367,3,3.0,0.7004357576370239,0.6895425,2325.0,678.0,False,49.13673146742294,-118.34361826095491,,-1,,
Act 1,ensemble,212,2,2.0,0.8635621070861816,0.85457516,2016.5,626.0,False,51.58071595384058,-120.20198854193734,,-1,,
Act 1,ensemble,68,2,2.0,0.8341503739356995,0.77124184,1251.5,214.0,False,56.812023191055694,-130.15121552790197,,-1,,
Act 1,ensemble,486,2,2.0,0.8096405267715454,0.78431374,2834.5,810.0,False,45.160757255801,-114.99829488775708,,-1,,
Act 1,ensemble,271,2,2.0,0.7965686619281769,0.74673206,2159.5,815.0,False,50.77397740466933,-116.9315931954678,,-1,,
Act 1,ensemble,18,2,2.0,0.7867647111415863,0.7205882,308.0,534.5,False,65.89863359284215,-130.81661451816797,,-1,,
Act 1,ensemble,23,2,2.0,0.7826797962188721,0.75,912.0,844.5,False,61.43329793995727,-121.44921092394804,,-1,,
Act 1,ensemble,321,2,2.0,0.7818627655506134,0.753268,2255.5,809.5,False,49.96490960066703,-116.70123398889682,,-1,,
Act 1,ensemble,274,2,2.0,0.7638888955116272,0.73856205,2165.0,812.5,False,50.72350391365546,-116.95001238806039,,-1,,
Act 1,ensemble,117,2,2.0,0.7630718946456909,0.74346405,1349.5,331.0,False,56.3545397572154,-127.7562143400493,,-1,,
Act 1,ensemble,472,2,2.0,0.7549020051956177,0.7254903,2806.5,873.0,False,45.49721689177565,-114.23443149830044,,-1,,
Act 1,ensemble,24,2,2.0,0.7540850043296814,0.73529416,914.0,826.5,False,61.37206401794807,-121.7596441793988,,-1,,
Act 1,ensemble,414,2,2.0,0.7500000596046448,0.74836606,2719.0,887.5,False,46.247818452650414,-114.26879204565181,,-1,,
Act 1,ensemble,324,2,2.0,0.7483660578727722,0.73529416,2258.5,731.5,False,49.792311793985114,-117.80845323735285,,-1,,
Act 1,ensemble,468,2,2.0,0.7475490570068359,0.7385621,2798.5,707.0,False,45.278732656658406,-116.46317213177237,,-1,,
Act 1,ensemble,469,2,2.0,0.7450980544090271,0.74346405,2798.5,892.0,False,45.59424910822791,-114.00120933174516,,-1,,
Act 1,ensemble,237,2,2.0,0.7450980246067047,0.74019605,2078.5,630.0,False,51.07626900907382,-119.9087829982494,,-1,,
Act 1,ensemble,515,2,2.0,0.7434640824794769,0.7254903,2980.5,1221.5,False,44.53150529029425,-109.20968467518409,,-1,,
Act 1,ensemble,159,2,2.0,0.7426470816135406,0.7385621,1831.0,714.5,False,53.31140731082521,-119.59452135861493,,-1,,
Act 1,ensemble,406,2,2.0,0.7410130798816681,0.7124183,2598.0,889.5,False,47.25700834757587,-114.56612850345434,,-1,,
Act 1,ensemble,280,2,2.0,0.7410130500793457,0.7352941,2169.5,856.0,False,50.766142534624436,-116.30165884595239,,-1,,
Act 1,ensemble,316,2,2.0,0.7401960790157318,0.71568626,2249.0,943.5,False,50.255196347242794,-114.78719021333514,,-1,,
Act 1,ensemble,278,2,2.0,0.7393790781497955,0.72875816,2169.5,660.0,False,50.38633595933269,-119.1414373392306,,-1,,
Act 1,ensemble,276,2,2.0,0.7352941036224365,0.7058823,2167.5,865.0,False,50.799101084345914,-116.17663566183761,,-1,,
Act 1,ensemble,32,2,2.0,0.734477162361145,0.7107844,1082.5,190.0,False,58.123932232843735,-131.56509125302225,,-1,,
Act 1,ensemble,429,2,2.0,0.7336601614952087,0.70261437,2753.0,647.5,False,45.544235745224796,-117.38689245884176,,-1,,
Act 1,ensemble,174,2,2.0,0.733660101890564,0.7124183,1910.5,724.0,False,52.66856497750901,-119.14911377154449,,-1,,
Act 1,ensemble,256,2,2.0,0.733660101890564,0.7238562,2138.5,868.0,False,51.04653319094985,-116.22455900719048,,-1,,
Act 1,ensemble,231,2,2.0,0.7312092185020447,0.72222227,2068.0,856.5,False,51.614255564482356,-116.62139894059587,,-1,,
Act 1,ensemble,489,2,2.0,0.7230392396450043,0.7107844,2840.5,942.0,False,45.32306084727752,-113.22788409910004,,-1,,
Act 1,ensemble,398,2,2.0,0.7222222089767456,0.7058824,2486.5,902.0,False,48.205330207269284,-114.70063516472165,,-1,,
Act 1,ensemble,464,2,2.0,0.7214052379131317,0.71895427,2791.5,894.0,False,45.6556330305487,-113.99244357698802,,-1,,
Act 1,ensemble,299,2,2.0,0.7205882370471954,0.7042484,2212.5,665.0,False,50.04086880440317,-118.91685701036077,,-1,,
Act 1,ensemble,64,2,2.0,0.7197712659835815,0.7075164,1233.5,289.0,False,57.188534426767866,-129.0717499242188,,-1,,
Act 1,ensemble,341,2,2.0,0.7197712659835815,0.7009804,2272.5,925.0,False,50.02770831533219,-114.98618497917933,,-1,,
Act 1,ensemble,342,2,2.0,0.7189542949199677,0.7107844,2273.0,920.5,False,50.015895358211814,-115.04965854810618,,-1,,
Act 1,ensemble,390,2,2.0,0.7189542651176453,0.70424837,2449.5,903.5,False,48.5158690123583,-114.78348684516091,,-1,,
Act 1,ensemble,397,2,2.0,0.7189542651176453,0.70424837,2482.5,868.0,False,48.18131866787621,-115.18682878971103,,-1,,
Act 1,ensemble,440,2,2.0,0.7173203229904175,0.7091504,2761.5,704.0,False,45.579117833486016,-116.61101093476505,,-1,,
Act 1,ensemble,188,2,2.0,0.7173202931880951,0.7075164,1977.5,771.0,False,52.20564874565543,-118.20129093820131,,-1,,
Act 1,ensemble,266,2,2.0,0.7165032625198364,0.71078426,2149.5,654.0,False,50.53939679204723,-119.29985892801864,,-1,,
Act 1,ensemble,506,2,2.0,0.7156863212585449,0.7058824,2885.5,1112.0,False,45.18994900473181,-110.855430815486,,-1,,
Act 1,ensemble,529,2,2.0,0.7156863212585449,0.7042484,3099.0,1121.5,False,43.41718759612999,-110.2944405803933,,-1,,
Act 1,ensemble,156,2,2.0,0.7156862914562225,0.71568626,1786.0,692.5,False,53.639628974591226,-120.10528835114135,,-1,,
Act 1,ensemble,177,2,2.0,0.7156862318515778,0.7091503,1917.0,847.5,False,52.86048931445426,-117.26386294221395,,-1,,
Act 1,ensemble,119,2,2.0,0.7148692905902863,0.7009804,1354.5,316.5,False,56.271537229438,-127.95622960509927,,-1,,
Act 1,ensemble,490,2,2.0,0.71405228972435,0.70098037,2841.5,931.5,False,45.29861383085009,-113.36541313648516,,-1,,
Act 1,ensemble,347,2,2.0,0.7132352888584137,0.70261437,2278.5,924.0,False,49.975924770183205,-114.98304133553751,,-1,,
Act 1,ensemble,58,2,2.0,0.7124183177947998,0.7009804,1194.5,284.0,False,57.49549018652017,-129.37852214502587,,-1,,
Act 1,ensemble,535,2,2.0,0.7124182879924774,0.71241826,3236.5,1029.0,False,42.14650787519008,-111.20552560919246,,-1,,
Act 1,ensemble,134,2,2.0,0.710784375667572,0.7075164,1395.5,303.0,False,55.89503627266739,-127.94271375968727,,-1,,
Act 1,ensemble,83,2,2.0,0.7099673449993134,0.7075164,1290.5,358.5,False,56.92134165062964,-127.64564476748626,,-1,,
Act 1,ensemble,357,2,2.0,0.7083333432674408,0.7075164,2303.0,881.5,False,49.698597078708374,-115.52147842795064,,-1,,
Act 1,ensemble,176,2,2.0,0.7075164020061493,0.7009804,1914.5,727.0,False,52.641457325641376,-119.08914818767283,,-1,,
Act 1,ensemble,473,2,2.0,0.7075164020061493,0.7009804,2807.5,567.0,False,44.939647223756495,-118.27973157962683,,-1,,
Act 1,ensemble,78,2,2.0,0.7075163722038269,0.7075164,1281.5,312.0,False,56.860612742223076,-128.43310478896709,,-1,,
Act 1,ensemble,132,2,2.0,0.7066993713378906,0.7058824,1392.5,302.0,False,55.91682699474163,-127.97461468398765,,-1,,
Act 1,ensemble,289,2,2.0,0.7066993713378906,0.7009804,2193.5,824.0,False,50.50757439877516,-116.690476156172,,-1,,
Act 1,ensemble,178,2,2.0,0.7066993117332458,0.70261437,1919.5,729.0,False,52.60393360809805,-119.04052548670488,,-1,,
Act 1,ensemble,102,2,2.0,0.7050653696060181,0.70261437,1328.5,371.0,False,56.64224693910008,-127.23993995754915,,-1,,
Act 1,ensemble,226,2,2.0,0.7050653696060181,0.70261437,2054.0,640.5,False,51.30137394130766,-119.84765590435326,,-1,,
Act 1,ensemble,355,2,2.0,0.7026143670082092,0.70098037,2296.5,692.0,False,49.40019046544899,-118.24230480816858,,-1,,
Act 1,ensemble,479,1,1.0,1.0,1.0,2816.0,812.0,False,45.317557266369754,-115.02165387127117,,-1,,
Act 1,ensemble,447,1,1.0,0.9526143670082092,0.95261437,2769.0,754.0,False,45.60687522929193,-115.92372648197778,,-1,,
Act 1,ensemble,55,1,1.0,0.9232025742530823,0.9232026,1189.0,202.0,False,57.287289290389694,-130.71474717312321,,-1,,
Act 1,ensemble,173,1,1.0,0.8839869499206543,0.88398695,1908.0,773.0,False,52.789593958718385,-118.42121218860908,,-1,,
Act 1,ensemble,457,1,1.0,0.8692810535430908,0.86928105,2775.0,825.0,False,45.679545147609026,-114.95934271045753,,-1,,
Act 1,ensemble,196,1,1.0,0.8562092185020447,0.8562092,1986.0,784.0,False,52.16048945612552,-117.97731175624503,,-1,,
Act 1,ensemble,432,1,1.0,0.8529412150382996,0.8529412,2755.0,628.0,False,45.49060556355527,-117.63926243253431,,-1,,
Act 1,ensemble,37,1,1.0,0.8447713255882263,0.8447713,1109.0,198.0,False,57.93177240964545,-131.27061284462982,,-1,,
Act 1,ensemble,69,1,1.0,0.8398692607879639,0.83986926,1254.0,216.0,False,56.79769630382126,-130.10503553127708,,-1,,
Act 1,ensemble,451,1,1.0,0.8382353186607361,0.8382353,2771.0,754.0,False,45.59031826515069,-115.91804285357316,,-1,,
Act 1,ensemble,199,1,1.0,0.834967315196991,0.8349673,1988.0,869.0,False,52.306423460012724,-116.69914358248067,,-1,,
Act 1,ensemble,456,1,1.0,0.8333332538604736,0.83333325,2775.0,823.0,False,45.676179363859035,-114.98608194238764,,-1,,
Act 1,ensemble,363,1,1.0,0.8120915293693542,0.8120915,2313.0,797.0,False,49.463990636000275,-116.69753701924576,,-1,,
Act 1,ensemble,376,1,1.0,0.8120915293693542,0.8120915,2345.0,670.0,False,48.95552272208149,-118.38852097597368,,-1,,
Act 1,ensemble,171,1,1.0,0.805555522441864,0.8055555,1902.0,776.0,False,52.84574249381554,-118.39776343605566,,-1,,
Act 1,ensemble,336,1,1.0,0.8039215207099915,0.8039215,2269.0,803.0,False,49.84066757742943,-116.75144812700516,,-1,,
Act 1,ensemble,449,1,1.0,0.7990196347236633,0.79901963,2770.0,672.0,False,45.44991411027716,-117.01071431948161,,-1,,
Act 1,ensemble,131,1,1.0,0.7924836277961731,0.7924836,1391.0,238.0,False,55.74185825478695,-128.9746812883639,,-1,,
Act 1,ensemble,501,1,1.0,0.779411792755127,0.7794118,2872.0,773.0,False,44.78695715121914,-115.38524535564271,,-1,,
Act 1,ensemble,139,1,1.0,0.7777778506278992,0.77777785,1420.0,586.0,False,56.451768019898154,-123.35671417669563,,-1,,
Act 1,ensemble,250,1,1.0,0.774509847164154,0.77450985,2133.0,786.0,False,50.93970853722665,-117.44230954622665,,-1,,
Act 1,ensemble,15,1,1.0,0.7728758454322815,0.77287585,186.0,437.0,False,66.64575321002015,-133.6091707783238,,-1,,
Act 1,ensemble,247,1,1.0,0.7712419033050537,0.7712419,2129.0,866.0,False,51.12221752585548,-116.28416027354659,,-1,,
Act 1,ensemble,257,1,1.0,0.7712418437004089,0.77124184,2139.0,787.0,False,50.89169492531287,-117.4075919172728,,-1,,
Act 1,ensemble,450,1,1.0,0.7712418437004089,0.77124184,2770.0,750.0,False,45.59152467456453,-115.97417334318175,,-1,,
Act 1,ensemble,240,1,1.0,0.7696078419685364,0.76960784,2099.0,639.0,False,50.925782532464375,-119.70169052342725,,-1,,
Act 1,ensemble,423,1,1.0,0.7696078419685364,0.76960784,2744.0,882.0,False,46.03111931956831,-114.27716618839266,,-1,,
Act 1,ensemble,145,1,1.0,0.7663398385047913,0.76633984,1432.0,569.0,False,56.30883011952152,-123.57069519278667,,-1,,
Act 1,ensemble,319,1,1.0,0.7630719542503357,0.76307195,2253.0,808.0,False,49.982927925789966,-116.73075436314616,,-1,,
Act 1,ensemble,147,1,1.0,0.7614378929138184,0.7614379,1437.0,574.0,False,56.27948506546445,-123.4673736726596,,-1,,
Act 1,ensemble,123,1,1.0,0.7565359473228455,0.75653595,1363.0,278.0,False,56.08951340214638,-128.51061861023996,,-1,,
Act 1,ensemble,488,1,1.0,0.7565359473228455,0.75653595,2840.0,935.0,False,45.31648616363979,-113.32245669566367,,-1,,
Act 1,ensemble,306,1,1.0,0.7549020648002625,0.75490206,2231.0,890.0,False,50.31375307012465,-115.6162578797874,,-1,,
Act 1,ensemble,107,1,1.0,0.7532680034637451,0.753268,1336.0,336.0,False,56.4803512132615,-127.75148267661156,,-1,,
Act 1,ensemble,13,1,1.0,0.7532679438591003,0.75326794,178.0,437.0,False,66.71797542522273,-133.67330133626757,,-1,,
Act 1,ensemble,105,1,1.0,0.7483660578727722,0.74836606,1332.0,339.0,False,56.52201086862174,-127.72615150209187,,-1,,
Act 1,ensemble,520,1,1.0,0.7483660578727722,0.74836606,3005.0,863.0,False,43.83195411943533,-113.86235452997688,,-1,,
Act 1,ensemble,11,1,1.0,0.7467320561408997,0.74673206,171.0,434.0,False,66.7698205033666,-133.78702588422962,,-1,,
Act 1,ensemble,25,1,1.0,0.7467320561408997,0.74673206,915.0,815.0,False,61.335132450678316,-121.95893460809776,,-1,,
Act 1,ensemble,208,1,1.0,0.7467320561408997,0.74673206,1998.0,656.0,False,51.798330872981985,-119.83132886921284,,-1,,
Act 1,ensemble,392,1,1.0,0.7450980544090271,0.74509805,2455.0,894.0,False,48.454149543679016,-114.90133432202796,,-1,,
Act 1,ensemble,3,1,1.0,0.7434641718864441,0.7434642,142.0,443.0,False,67.06692144873368,-133.84894370271164,,-1,,
Act 1,ensemble,277,1,1.0,0.7434641718864441,0.7434642,2168.0,809.0,False,50.69197412987829,-116.99111984798549,,-1,,
Act 1,ensemble,16,1,1.0,0.7434640526771545,0.74346405,191.0,440.0,False,66.61196437201286,-133.51191541067953,,-1,,
Act 1,ensemble,267,1,1.0,0.7434639930725098,0.743464,2149.0,872.0,False,50.96609918598334,-116.13266798937276,,-1,,
Act 1,ensemble,362,1,1.0,0.7385621070861816,0.7385621,2311.0,668.0,False,49.23252057331245,-118.53224144427303,,-1,,
Act 1,ensemble,374,1,1.0,0.7385621070861816,0.7385621,2333.0,929.0,False,49.52951014820139,-114.7532970143415,,-1,,
Act 1,ensemble,510,1,1.0,0.7369281649589539,0.73692816,2922.0,1183.0,False,44.9751643209975,-109.83320710899896,,-1,,
Act 1,ensemble,293,1,1.0,0.7352941632270813,0.73529416,2202.0,891.0,False,50.55750870499837,-115.69031125579012,,-1,,
Act 1,ensemble,262,1,1.0,0.7352941036224365,0.7352941,2145.0,656.0,False,50.58077944877382,-119.28728720230953,,-1,,
Act 1,ensemble,233,1,1.0,0.7336601614952087,0.73366016,2070.0,917.0,False,51.706845235545366,-115.71734434396613,,-1,,
Act 1,ensemble,452,1,1.0,0.7336601614952087,0.73366016,2772.0,713.0,False,45.50869239840106,-116.46065821848848,,-1,,
Act 1,ensemble,49,1,1.0,0.7320262789726257,0.7320263,1170.0,270.0,False,57.65511538066624,-129.74706902940648,,-1,,
Act 1,ensemble,352,1,1.0,0.7320261597633362,0.73202616,2286.0,924.0,False,49.91332016351838,-114.96111510765893,,-1,,
Act 1,ensemble,1,1,1.0,0.7303922176361084,0.7303922,67.0,296.0,False,67.15535999496167,-137.29793764077738,,-1,,
Act 1,ensemble,31,1,1.0,0.7303922176361084,0.7303922,1080.0,210.0,False,58.20905581688331,-131.25962352265392,,-1,,
Act 1,ensemble,20,1,1.0,0.7303921580314636,0.73039216,872.0,747.0,False,61.53926829235354,-123.38655797497105,,-1,,
Act 1,ensemble,84,1,1.0,0.7303921580314636,0.73039216,1302.0,333.0,False,56.75258513903093,-127.98627791869046,,-1,,
Act 1,ensemble,148,1,1.0,0.7303921580314636,0.73039216,1439.0,579.0,False,56.27520017992802,-123.37834973180411,,-1,,
Act 1,ensemble,172,1,1.0,0.7303921580314636,0.73039216,1908.0,723.0,False,52.687316858948385,-119.1734850529907,,-1,,
Act 1,ensemble,361,1,1.0,0.7303921580314636,0.73039216,2307.0,935.0,False,49.756529954204915,-114.74196689829273,,-1,,
Act 1,ensemble,418,1,1.0,0.7303921580314636,0.73039216,2736.0,910.0,False,46.14261974376022,-113.92036161053768,,-1,,
Act 1,ensemble,461,1,1.0,0.7303921580314636,0.73039216,2790.0,705.0,False,45.34536737208678,-116.5143696691657,,-1,,
Act 1,ensemble,152,1,1.0,0.7287582755088806,0.7287583,1460.0,308.0,False,55.37918862650573,-127.5180497912597,,-1,,
Act 1,ensemble,283,1,1.0,0.7271242737770081,0.7271243,2172.0,660.0,False,50.365652297413725,-119.13248285372127,,-1,,
Act 1,ensemble,6,1,1.0,0.7271242141723633,0.7271242,155.0,429.0,False,66.8953905810848,-134.0123515060676,,-1,,
Act 1,ensemble,143,1,1.0,0.7271242141723633,0.7271242,1430.0,550.0,False,56.27770800971645,-123.88237986066041,,-1,,
Act 1,ensemble,169,1,1.0,0.7271242141723633,0.7271242,1875.0,726.0,False,52.968623011975566,-119.25246282754888,,-1,,
Act 1,ensemble,222,1,1.0,0.7271242141723633,0.7271242,2044.0,909.0,False,51.91037274833826,-115.91859794907568,,-1,,
Act 1,ensemble,431,1,1.0,0.7271242141723633,0.7271242,2754.0,882.0,False,45.94801653566429,-114.25090666991431,,-1,,
Act 1,ensemble,164,1,1.0,0.7271241545677185,0.72712415,1842.0,714.0,False,53.21859643352119,-119.55973553183263,,-1,,
Act 1,ensemble,217,1,1.0,0.7271241545677185,0.72712415,2026.0,615.0,False,51.47828374643729,-120.32670718234328,,-1,,
Act 1,ensemble,522,1,1.0,0.7254902720451355,0.7254903,3008.0,840.0,False,43.77029038158026,-114.15345615174262,,-1,,
Act 1,ensemble,525,1,1.0,0.7254902720451355,0.7254903,3018.0,1200.0,False,44.19189326263979,-109.42368124828607,,-1,,
Act 1,ensemble,446,1,1.0,0.7238562703132629,0.7238563,2768.0,749.0,False,45.60630811820865,-115.99319670870858,,-1,,
Act 1,ensemble,43,1,1.0,0.7238562107086182,0.7238562,1154.0,266.0,False,57.774948246669695,-129.90664436670042,,-1,,
Act 1,ensemble,45,1,1.0,0.7238562107086182,0.7238562,1158.0,248.0,False,57.68617593217178,-130.1707216041311,,-1,,
Act 1,ensemble,114,1,1.0,0.7238562107086182,0.7238562,1345.0,367.0,False,56.49433118852863,-127.21401770002512,,-1,,
Act 1,ensemble,259,1,1.0,0.7238562107086182,0.7238562,2142.0,855.0,False,50.99371341884853,-116.40392733375369,,-1,,
Act 1,ensemble,314,1,1.0,0.7238562107086182,0.7238562,2247.0,893.0,False,50.18551450005614,-115.52433613431026,,-1,,
Act 1,ensemble,338,1,1.0,0.7238562107086182,0.7238562,2270.0,671.0,False,49.57748951304849,-118.63067074972048,,-1,,
Act 1,ensemble,90,1,1.0,0.7238561511039734,0.72385615,1309.0,348.0,False,56.738014828360555,-127.71029829844188,,-1,,
Act 1,ensemble,7,1,1.0,0.7222222685813904,0.72222227,156.0,422.0,False,66.85946392227908,-134.13835522093723,,-1,,
Act 1,ensemble,73,1,1.0,0.7222222685813904,0.72222227,1266.0,303.0,False,56.96201524336918,-128.6633269821759,,-1,,
Act 1,ensemble,127,1,1.0,0.7222222685813904,0.72222227,1383.0,236.0,False,55.80140109588222,-129.05043789559863,,-1,,
Act 1,ensemble,180,1,1.0,0.7222222685813904,0.72222227,1928.0,730.0,False,52.53517986115552,-118.99398057853958,,-1,,
Act 1,ensemble,252,1,1.0,0.7222222685813904,0.72222227,2135.0,787.0,False,50.92497971929294,-117.42100214582229,,-1,,
Act 1,ensemble,305,1,1.0,0.7222221493721008,0.72222215,2229.0,897.0,False,50.34267249503854,-115.5208636782067,,-1,,
Act 1,ensemble,428,1,1.0,0.7222221493721008,0.72222215,2751.0,800.0,False,45.83610009667594,-115.35971496420761,,-1,,
Act 1,ensemble,499,1,1.0,0.7222221493721008,0.72222215,2864.0,758.0,False,44.827305438295525,-115.60460015321941,,-1,,
Act 1,ensemble,79,1,1.0,0.7205882668495178,0.72058827,1283.0,315.0,False,56.857040487215244,-128.37718728018007,,-1,,
Act 1,ensemble,260,1,1.0,0.7205882668495178,0.72058827,2142.0,866.0,False,51.01369964287235,-116.24276026103357,,-1,,
Act 1,ensemble,95,1,1.0,0.720588207244873,0.7205882,1318.0,364.0,False,56.7093153397822,-127.40774747422354,,-1,,
Act 1,ensemble,403,1,1.0,0.720588207244873,0.7205882,2514.0,921.0,False,48.007694456669064,-114.3594396780479,,-1,,
Act 1,ensemble,128,1,1.0,0.71895432472229,0.7189543,1383.0,404.0,False,56.28291872145256,-126.42873009604668,,-1,,
Act 1,ensemble,413,1,1.0,0.71895432472229,0.7189543,2715.0,913.0,False,46.32206479536369,-113.93414896095423,,-1,,
Act 1,ensemble,149,1,1.0,0.7189542651176453,0.71895427,1445.0,601.0,False,56.27929395835823,-122.9998835826836,,-1,,
Act 1,ensemble,163,1,1.0,0.7189542651176453,0.71895427,1837.0,710.0,False,53.25181399774049,-119.63962830095548,,-1,,
Act 1,ensemble,220,1,1.0,0.7189542651176453,0.71895427,2032.0,893.0,False,51.982081121708134,-116.19578435487885,,-1,,
Act 1,ensemble,253,1,1.0,0.7189542651176453,0.71895427,2135.0,849.0,False,51.04113778484557,-116.51431463695535,,-1,,
Act 1,ensemble,272,1,1.0,0.7189542651176453,0.71895427,2163.0,811.0,False,50.737348382477265,-116.97839128596958,,-1,,
Act 1,ensemble,285,1,1.0,0.7189542651176453,0.71895427,2189.0,713.0,False,50.33212639203393,-118.30994345047925,,-1,,
Act 1,ensemble,524,1,1.0,0.7189542651176453,0.71895427,3016.0,1207.0,False,44.21697609697967,-109.33519247692541,,-1,,
Act 1,ensemble,29,1,1.0,0.7156863212585449,0.7156863,1047.0,196.0,False,58.4356820497574,-131.69389134722175,,-1,,
Act 1,ensemble,67,1,1.0,0.7156863212585449,0.7156863,1243.0,217.0,False,56.891005642411244,-130.1543901766659,,-1,,
Act 1,ensemble,162,1,1.0,0.7156863212585449,0.7156863,1833.0,700.0,False,53.26385293915295,-119.80670972571575,,-1,,
Act 1,ensemble,182,1,1.0,0.7156863212585449,0.7156863,1942.0,736.0,False,52.43087518144144,-118.85249217959574,,-1,,
Act 1,ensemble,249,1,1.0,0.7156863212585449,0.7156863,2131.0,800.0,False,50.983045732287216,-117.24453041629495,,-1,,
Act 1,ensemble,311,1,1.0,0.7156863212585449,0.7156863,2237.0,893.0,False,50.26894053431581,-115.55458884526756,,-1,,
Act 1,ensemble,122,1,1.0,0.7156862616539001,0.71568626,1361.0,280.0,False,56.111813115493916,-128.49058182685056,,-1,,
Act 1,ensemble,279,1,1.0,0.7156862616539001,0.71568626,2169.0,666.0,False,50.40281604844323,-119.05688955355258,,-1,,
Act 1,ensemble,136,1,1.0,0.7140523791313171,0.7140524,1412.0,564.0,False,56.463660933852296,-123.7460697987292,,-1,,
Act 1,ensemble,258,1,1.0,0.7140523791313171,0.7140524,2140.0,798.0,False,50.90432167686375,-117.24378078428867,,-1,,
Act 1,ensemble,339,1,1.0,0.7140523791313171,0.7140524,2270.0,906.0,False,50.01613748172446,-115.26769412165771,,-1,,
Act 1,ensemble,33,1,1.0,0.7140522599220276,0.71405226,1082.0,209.0,False,58.189360643859196,-131.26315748629807,,-1,,
Act 1,ensemble,113,1,1.0,0.7140522599220276,0.71405226,1344.0,390.0,False,56.56730491004073,-126.8560073193106,,-1,,
Act 1,ensemble,318,1,1.0,0.7140522599220276,0.71405226,2250.0,946.0,False,50.251030371811225,-114.74803110127387,,-1,,
Act 1,ensemble,351,1,1.0,0.7140522599220276,0.71405226,2284.0,937.0,False,49.951912531854894,-114.77956851337501,,-1,,
Act 1,ensemble,426,1,1.0,0.7140522599220276,0.71405226,2748.0,883.0,False,45.99949895261105,-114.25319038241392,,-1,,
Act 1,ensemble,476,1,1.0,0.7140522599220276,0.71405226,2811.0,910.0,False,45.51885917619403,-113.72861874997503,,-1,,
Act 1,ensemble,12,1,1.0,0.7124183773994446,0.7124184,173.0,439.0,False,66.7707448265653,-133.67519118691058,,-1,,
Act 1,ensemble,10,1,1.0,0.7124183177947998,0.7124183,162.0,436.0,False,66.85882742951142,-133.82136424675306,,-1,,
Act 1,ensemble,165,1,1.0,0.7124183177947998,0.7124183,1843.0,709.0,False,53.199660113898304,-119.63163177936113,,-1,,
Act 1,ensemble,348,1,1.0,0.7124183177947998,0.7124183,2281.0,801.0,False,49.73723647392089,-116.74187250642888,,-1,,
Act 1,ensemble,144,1,1.0,0.710784375667572,0.7107844,1431.0,589.0,False,56.367032757435375,-123.25682581005736,,-1,,
Act 1,ensemble,158,1,1.0,0.7107842564582825,0.71078426,1826.0,708.0,False,53.33929790245765,-119.71253880197673,,-1,,
Act 1,ensemble,168,1,1.0,0.7107842564582825,0.71078426,1871.0,735.0,False,53.020726355730076,-119.13161322842053,,-1,,
Act 1,ensemble,190,1,1.0,0.7107842564582825,0.71078426,1982.0,616.0,False,51.84456651729191,-120.48207491477348,,-1,,
Act 1,ensemble,264,1,1.0,0.7107842564582825,0.71078426,2146.0,871.0,False,50.9893411230426,-116.15680132643458,,-1,,
Act 1,ensemble,422,1,1.0,0.7107842564582825,0.71078426,2742.0,880.0,False,46.044491883066094,-114.3093729907777,,-1,,
Act 1,ensemble,470,1,1.0,0.7107842564582825,0.71078426,2801.0,891.0,False,45.57187011004775,-114.0081562543813,,-1,,
Act 1,ensemble,507,1,1.0,0.7107842564582825,0.71078426,2893.0,782.0,False,44.628334803093075,-115.20997946002049,,-1,,
Act 1,ensemble,329,1,1.0,0.7091503739356995,0.7091504,2262.0,906.0,False,50.08288780673581,-115.29150147268774,,-1,,
Act 1,ensemble,407,1,1.0,0.7091503739356995,0.7091504,2598.0,1011.0,False,47.44853502133454,-112.88981650229978,,-1,,
Act 1,ensemble,19,1,1.0,0.7091503143310547,0.7091503,605.0,474.0,False,63.07049515540107,-129.8561914600861,,-1,,
Act 1,ensemble,116,1,1.0,0.7091503143310547,0.7091503,1347.0,333.0,False,56.38091597281171,-127.73846588196542,,-1,,
Act 1,ensemble,121,1,1.0,0.7091503143310547,0.7091503,1360.0,346.0,False,56.3107504259574,-127.46354995071687,,-1,,
Act 1,ensemble,155,1,1.0,0.7091503143310547,0.7091503,1762.0,740.0,False,53.94186363672749,-119.47217234997176,,-1,,
Act 1,ensemble,203,1,1.0,0.7091503143310547,0.7091503,1991.0,615.0,False,51.76788523082602,-120.46182009878244,,-1,,
Act 1,ensemble,364,1,1.0,0.7091503143310547,0.7091503,2313.0,949.0,False,49.729708997248515,-114.5236177370229,,-1,,
Act 1,ensemble,405,1,1.0,0.7091503143310547,0.7091503,2592.0,1017.0,False,47.507610202082994,-112.82164796996773,,-1,,
Act 1,ensemble,427,1,1.0,0.7091503143310547,0.7091503,2749.0,789.0,False,45.83371775218674,-115.51259606133097,,-1,,
Act 1,ensemble,517,1,1.0,0.7091503143310547,0.7091503,3000.0,1190.0,False,44.33062297778367,-109.58958905010113,,-1,,
Act 1,ensemble,330,1,1.0,0.7075164318084717,0.70751643,2264.0,895.0,False,50.047188957057436,-115.44427032233177,,-1,,
Act 1,ensemble,5,1,1.0,0.7075163722038269,0.7075164,153.0,428.0,False,66.90964935065814,-134.04779878979372,,-1,,
Act 1,ensemble,89,1,1.0,0.7075163722038269,0.7075164,1308.0,351.0,False,56.75490918615422,-127.66830581938736,,-1,,
Act 1,ensemble,189,1,1.0,0.7075163722038269,0.7075164,1978.0,851.0,False,52.35643731484759,-117.00271371116871,,-1,,
Act 1,ensemble,337,1,1.0,0.7075163722038269,0.7075164,2270.0,666.0,False,49.56741232189215,-118.70162757204858,,-1,,
Act 1,ensemble,411,1,1.0,0.7075163722038269,0.7075164,2702.0,890.0,False,46.3931841183344,-114.27986932638089,,-1,,
Act 1,ensemble,505,1,1.0,0.7075163722038269,0.7075164,2884.0,1118.0,False,45.21039268589905,-110.77838809683738,,-1,,
Act 1,ensemble,309,1,1.0,0.7075162529945374,0.70751625,2236.0,877.0,False,50.249183738915484,-115.78920924738692,,-1,,
Act 1,ensemble,120,1,1.0,0.7058823704719543,0.7058824,1355.0,372.0,False,56.42568319053963,-127.08140335931262,,-1,,
Act 1,ensemble,161,1,1.0,0.7058823704719543,0.7058824,1832.0,695.0,False,53.26147778460311,-119.88637770514721,,-1,,
Act 1,ensemble,307,1,1.0,0.7058823704719543,0.7058824,2234.0,668.0,False,49.869141937551255,-118.79849339292426,,-1,,
Act 1,ensemble,344,1,1.0,0.7058823704719543,0.7058824,2275.0,683.0,False,49.56018535777604,-118.44313047079982,,-1,,
Act 1,ensemble,359,1,1.0,0.7058823704719543,0.7058824,2305.0,944.0,False,49.78822988969658,-114.61832073894068,,-1,,
Act 1,ensemble,521,1,1.0,0.7058823704719543,0.7058824,3007.0,842.0,False,43.781814168988326,-114.13002306494879,,-1,,
Act 1,ensemble,534,1,1.0,0.7058823704719543,0.7058824,3234.0,1027.0,False,42.16468768883699,-111.23608050929631,,-1,,
Act 1,ensemble,80,1,1.0,0.7058823108673096,0.7058823,1285.0,317.0,False,56.84639024784778,-128.3342955569311,,-1,,
Act 1,ensemble,358,1,1.0,0.7058823108673096,0.7058823,2303.0,935.0,False,49.78992197886648,-114.753488446312,,-1,,
Act 1,ensemble,8,1,1.0,0.7042484283447266,0.7042484,156.0,432.0,False,66.89783954570022,-133.94668894317277,,-1,,
Act 1,ensemble,85,1,1.0,0.7042484283447266,0.7042484,1302.0,344.0,False,56.7844001638883,-127.81220296504287,,-1,,
Act 1,ensemble,130,1,1.0,0.7042484283447266,0.7042484,1389.0,237.0,False,55.7552600582086,-129.00132519201748,,-1,,
Act 1,ensemble,179,1,1.0,0.7042484283447266,0.7042484,1924.0,733.0,False,52.57468761432182,-118.96384428905816,,-1,,
Act 1,ensemble,380,1,1.0,0.7042484283447266,0.7042484,2363.0,846.0,False,49.13685102694743,-115.84729426647186,,-1,,
Act 1,ensemble,389,1,1.0,0.7042484283447266,0.7042484,2447.0,901.0,False,48.53250104648309,-114.82568258025753,,-1,,
Act 1,ensemble,109,1,1.0,0.7042483687400818,0.70424837,1342.0,264.0,False,56.22071866032894,-128.84633312634384,,-1,,
Act 1,ensemble,129,1,1.0,0.7042483687400818,0.70424837,1386.0,368.0,False,56.15805920325125,-126.97879561568791,,-1,,
Act 1,ensemble,235,1,1.0,0.7042483687400818,0.70424837,2072.0,663.0,False,51.19977724941663,-119.452270966806,,-1,,
Act 1,ensemble,313,1,1.0,0.7042483687400818,0.70424837,2247.0,807.0,False,50.03097030601573,-116.76430496635885,,-1,,
Act 1,ensemble,333,1,1.0,0.7042483687400818,0.70424837,2266.0,918.0,False,50.0700691585587,-115.10636021271249,,-1,,
Act 1,ensemble,381,1,1.0,0.7042483687400818,0.70424837,2364.0,808.0,False,49.06050149759739,-116.38224176534418,,-1,,
Act 1,ensemble,444,1,1.0,0.7042483687400818,0.70424837,2767.0,619.0,False,45.37441402914758,-117.72138716509576,,-1,,
Act 1,ensemble,528,1,1.0,0.7042483687400818,0.70424837,3057.0,1207.0,False,43.87351839384967,-109.25910787164409,,-1,,
Act 1,ensemble,532,1,1.0,0.7042483687400818,0.70424837,3212.0,1036.0,False,42.360641341603454,-111.1668213013104,,-1,,
Act 1,ensemble,2,1,1.0,0.7026144862174988,0.7026145,91.0,246.0,False,66.73245976600427,-138.02849203587903,,-1,,
Act 1,ensemble,81,1,1.0,0.7026144862174988,0.7026145,1288.0,327.0,False,56.85084482243968,-128.15918583065275,,-1,,
Act 1,ensemble,30,1,1.0,0.7026143670082092,0.70261437,1076.0,212.0,False,58.24845453362453,-131.2525469896923,,-1,,
Act 1,ensemble,34,1,1.0,0.7026143670082092,0.70261437,1087.0,221.0,False,58.18660205650779,-131.03887471299927,,-1,,
Act 1,ensemble,65,1,1.0,0.7026143670082092,0.70261437,1240.0,291.0,False,57.14088145363883,-129.00246852989338,,-1,,
Act 1,ensemble,175,1,1.0,0.7026143670082092,0.70261437,1913.0,725.0,False,52.64981090546766,-119.12475985704718,,-1,,
Act 1,ensemble,197,1,1.0,0.7026143670082092,0.70261437,1987.0,867.0,False,52.31107677117601,-116.7324747798262,,-1,,
Act 1,ensemble,224,1,1.0,0.7026143670082092,0.70261437,2049.0,904.0,False,51.85955830754694,-115.97721359663869,,-1,,
Act 1,ensemble,225,1,1.0,0.7026143670082092,0.70261437,2053.0,650.0,False,51.32981204812949,-119.71260588110067,,-1,,
Act 1,ensemble,239,1,1.0,0.7026143670082092,0.70261437,2084.0,667.0,False,51.10870774096943,-119.34985645561025,,-1,,
Act 1,ensemble,261,1,1.0,0.7026143670082092,0.70261437,2144.0,868.0,False,51.00062254491416,-116.20709852876384,,-1,,
Act 1,ensemble,365,1,1.0,0.7026143670082092,0.70261437,2314.0,945.0,False,49.714737388841385,-114.57823811345098,,-1,,
Act 1,ensemble,391,1,1.0,0.7026143670082092,0.70261437,2450.0,899.0,False,48.50417069666212,-114.84529735019997,,-1,,
Act 1,ensemble,453,1,1.0,0.7026143670082092,0.70261437,2773.0,617.0,False,45.32111546402128,-117.72931871193163,,-1,,
Act 1,ensemble,498,1,1.0,0.7026143670082092,0.70261437,2864.0,721.0,False,44.76223533070333,-116.09102503802067,,-1,,
Act 1,ensemble,323,1,1.0,0.7026143074035645,0.7026143,2257.0,812.0,False,49.95704467203515,-116.66055417361164,,-1,,
Act 1,ensemble,308,1,1.0,0.7009804844856262,0.7009805,2234.0,891.0,False,50.2904745977941,-115.59265291976058,,-1,,
Act 1,ensemble,14,1,1.0,0.7009804248809814,0.7009804,180.0,436.0,False,66.69612377093709,-133.6763706566188,,-1,,
Act 1,ensemble,70,1,1.0,0.7009804248809814,0.7009804,1255.0,293.0,False,57.02307247923546,-128.88455399633605,,-1,,
Act 1,ensemble,142,1,1.0,0.7009804248809814,0.7009804,1422.0,573.0,False,56.402559325734394,-123.55464373852634,,-1,,
Act 1,ensemble,183,1,1.0,0.7009804248809814,0.7009804,1945.0,740.0,False,52.414060621776564,-118.7816616372215,,-1,,
Act 1,ensemble,303,1,1.0,0.7009804248809814,0.7009804,2228.0,669.0,False,49.920797492309454,-118.80522391934424,,-1,,
Act 1,ensemble,379,1,1.0,0.7009804248809814,0.7009804,2356.0,860.0,False,49.219718804143334,-115.66964888285314,,-1,,
Act 1,ensemble,474,1,1.0,0.7009804248809814,0.7009804,2808.0,871.0,False,45.48151702217581,-114.25722429328027,,-1,,
Act 1,ensemble,150,1,1.0,0.7009803652763367,0.70098037,1453.0,627.0,False,56.275476727991105,-122.54836226313176,,-1,,
Act 1,ensemble,181,1,1.0,0.7009803652763367,0.70098037,1935.0,731.0,False,52.47892539524591,-118.95309959358399,,-1,,
Act 1,ensemble,408,1,1.0,0.7009803652763367,0.70098037,2601.0,896.0,False,47.242755081020206,-114.46859408876588,,-1,,
Act 1,ensemble,460,1,1.0,0.7009803652763367,0.70098037,2785.0,584.0,False,45.15823713852811,-118.12701947962614,,-1,,
Act 2,s1,24,10960,10960.0,0.8881762623413038,0.078431375,1263.5234489051095,278.08877737226277,True,56.90821163260921,-129.07159957548149,Tahltan - Sacred Headwaters (Klappan) vicinity (57.0°N 128.9°W),1,46.934306569343065,5816.0
Act 2,s1,191,9364,9364.0,0.9208839059493471,0.13725491,2255.487825715506,834.697458351132,True,50.011109043860024,-116.3390806715122,Purcell Wilderness Conservancy Park vicinity (49.9°N 116.3°W),10,69.77787270397266,2830.0
Act 2,s1,388,3793,3793.0,0.8710395388448581,0.3529412,2904.5523332454522,834.1813867650936,True,44.619738382515685,-114.49385178568595,Frank Church River Of No Return Wilderness vicinity (44.6°N 114.5°W),12,21.223306090166094,2988.0
Act 2,s1,170,3431,3431.0,0.8612620865410947,0.21568628,2066.1262022733895,830.8813756922181,True,51.58216485332198,-117.00668189702034,NW of Yoho National Park Of Canada (51.5°N 117.0°W),10,51.15126785193821,1676.0
Act 2,s1,355,3152,3152.0,0.8666766275684845,0.51960784,2802.806472081218,898.336611675127,True,45.56854562021091,-113.90540886031684,SW of Anaconda Pintler Wilderness (45.6°N 113.8°W),12,23.191624365482234,2421.0
Act 2,s1,38,2818,2818.0,0.7694025934800093,0.47058827,1344.0479063165365,385.5188076650106,True,56.55435775891824,-126.92662850776547,N of Sustut Park (56.5°N 126.9°W),1,4.080908445706174,2703.0
Act 2,s1,43,2471,2471.0,0.8727910492655142,0.23529412,1366.7636584378795,291.5880210441117,True,56.09830204798187,-128.2780137070771,NE of Swan Lake Kispiox River Park (56.1°N 128.3°W),1,64.26547956292998,883.0
Act 2,s1,246,2393,2393.0,0.8518882760606049,0.3627451,2277.192227329712,902.3322189720017,True,49.949825512011216,-115.29917547044872,S of Height Of The Rockies Park (50.0°N 115.3°W),10,32.55328040117008,1614.0
Act 2,s1,373,2201,2201.0,0.9284059869287123,0.24509804,2833.9159472966835,764.2716946842345,True,45.08734893949356,-115.60512880972924,W of Frank Church River Of No Return Wilderness (45.0°N 115.6°W),13,56.383462062698776,960.0
Act 2,s1,231,2104,2104.0,0.8832848786089583,0.30392158,2237.560836501901,676.977186311787,True,49.85783956838726,-118.65802418532239,NW of Granby Park (49.9°N 118.7°W),8,38.87832699619772,1286.0
Act 2,s1,8,2062,2062.0,0.8470217464012966,0.4509804,1055.6416100872939,214.57080504364694,True,58.42464019659632,-131.33929537916347,SE of T’akú Tlatsini (Taku River Tlingit) (58.4°N 131.3°W),1,29.049466537342386,1463.0
Act 2,s1,333,1521,1521.0,0.8224143149976586,0.48039216,2737.215647600263,922.7626561472715,True,46.15271735108305,-113.7448229143846,NW of Anaconda Pintler Wilderness (46.2°N 113.7°W),12,15.318869165023012,1288.0
Act 2,s1,437,1416,1416.0,0.8528788732522625,0.5588235,2986.247175141243,839.6137005649717,True,43.950321111898965,-114.21334952766006,SE of Boulders-White Clouds (44.0°N 114.2°W),12,1.765536723163842,1391.0
Act 2,s1,144,1319,1319.0,0.9233450803219413,0.078431375,1922.467020470053,749.4503411675512,True,52.621165440423276,-118.72268352931434,S of Mount Robson Park (52.6°N 118.7°W),11,71.94844579226687,370.0
Act 2,s1,343,1162,1162.0,0.929609195552061,0.28431374,2770.6772805507744,791.7168674698795,True,45.65875274893697,-115.41590690276315,N of Frank Church River Of No Return Wilderness (45.7°N 115.3°W),13,78.22719449225474,253.0
Act 2,s1,362,1154,1154.0,0.8604682851808736,0.5686275,2803.7504332755634,568.9402079722704,True,44.97432623912954,-118.26606580514084,W of Eagle Cap Wilderness (45.0°N 118.2°W),14,12.564991334488735,1009.0
Act 2,s1,15,1129,1129.0,0.9110526445431452,0.25490198,1173.3746678476527,199.92648361381754,True,57.40899334020171,-130.84265527403545,Mount Edziza Park vicinity (57.3°N 130.8°W),1,71.6563330380868,320.0
Act 2,s1,256,981,981.0,0.7968459674342327,0.59803927,2286.59123343527,943.2110091743119,True,49.94065632713161,-114.6825234477806,S of Don Getty Wildland (49.9°N 114.7°W),10,11.62079510703364,867.0
Act 2,s1,164,895,895.0,0.8772373816154523,0.44117647,1998.786592178771,623.1832402234637,True,51.7212507281989,-120.31138416945613,SW of Wells Gray Park (51.8°N 120.3°W),7,34.86033519553072,583.0
Act 2,s1,159,859,859.0,0.7925768791241474,0.29411766,1998.7869615832362,870.8591385331781,True,52.2195733785225,-116.63545899398112,E of White Goat (52.2°N 116.6°W),10,16.29802095459837,719.0
Act 2,s1,87,771,771.0,0.9592838455112374,0.5294118,1438.271076523995,277.69130998702985,False,55.47077584606934,-128.10190115184744,,-1,91.82879377431907,63.0
Act 2,s1,347,768,768.0,0.9151603383167336,0.5,2776.5807291666665,657.7252604166666,True,45.3689256179854,-117.18006190509278,E of Eagle Cap Wilderness (45.4°N 117.1°W),15,66.796875,255.0
Act 2,s1,311,708,708.0,0.8379445079356264,0.43137255,2509.1949152542375,878.5112994350283,True,47.97716170594867,-114.96447507097679,SE of Cabinet Mountains Wilderness (48.0°N 115.0°W),9,21.1864406779661,558.0
Act 2,s1,400,543,543.0,0.840790097665172,0.54901963,2884.8987108655615,720.7145488029466,True,44.58884635425344,-116.03588253101438,W of Frank Church River Of No Return Wilderness (44.6°N 116.1°W),13,31.860036832412522,370.0
Act 2,s1,304,542,542.0,0.8062730752673976,0.47058827,2465.1420664206644,902.2011070110701,True,48.383462667314305,-114.75766891740334,W of Glacier (48.4°N 114.8°W),9,9.96309963099631,488.0
Act 2,s1,481,480,480.0,0.7979575277616581,0.5392157,3213.7291666666665,1038.6229166666667,True,42.34972657372617,-111.12983238744685,SW of Gros Ventre Wilderness (42.3°N 111.1°W),3,7.083333333333333,446.0
Act 2,s1,177,475,475.0,0.8997110477246736,0.3627451,2038.9263157894736,638.1052631578947,True,51.421064787543145,-119.93940490540967,S of Wells Gray Park (51.4°N 119.9°W),7,59.578947368421055,192.0
Act 2,s1,229,404,404.0,0.7994321606831976,0.45098042,2215.940594059406,880.8886138613861,True,50.42335387817909,-115.7944439304526,S of Kootenay National Park Of Canada (50.4°N 115.8°W),10,33.91089108910891,267.0
Act 2,s1,252,401,401.0,0.8623783737049435,0.16666667,2280.14463840399,719.6882793017456,True,49.58996230623447,-117.90437788668618,SW of Valhalla Park (49.6°N 117.9°W),8,51.62094763092269,194.0
Act 2,s1,471,398,398.0,0.780594160209349,0.5686275,3143.1331658291456,1102.1231155778894,True,43.02332579025856,-110.457957360217,S of Gros Ventre Wilderness (43.0°N 110.5°W),5,0.0,398.0
Act 2,s1,182,393,393.0,0.7941426004617269,0.30392158,2064.798982188295,641.6946564885496,True,51.214515723530035,-119.78977347785369,S of Wells Gray Park (51.2°N 119.8°W),7,31.552162849872772,269.0
Act 2,s1,464,385,385.0,0.7709447546438737,0.59803927,3098.32987012987,1141.548051948052,True,43.44804252942459,-110.03525204429219,E of Gros Ventre Wilderness (43.4°N 110.0°W),6,0.5194805194805194,383.0
Act 2,s1,18,348,348.0,0.7843700842610721,0.45098042,1149.698275862069,247.7183908045977,True,57.75376780978544,-130.22531080602764,E of Mount Edziza Park (57.8°N 130.2°W),1,6.32183908045977,326.0
Act 2,s1,175,339,339.0,0.7473249036302257,0.60784316,2025.0766961651918,892.5811209439528,True,52.03928886191791,-116.22442118440347,NE of Siffleur (52.0°N 116.2°W),10,3.2448377581120944,328.0
Act 2,s1,12,321,321.0,0.8962800113768592,0.49019608,1102.3115264797507,196.57632398753893,True,57.98220715834869,-131.33518849459506,N of Mount Edziza Park (58.0°N 131.3°W),1,57.320872274143305,137.0
Act 2,s1,106,320,320.0,0.7469669263809919,0.42156863,1441.11875,315.4,True,55.55535314841155,-127.5044314757105,S of Wilps Gwininitxw (55.6°N 127.5°W),1,1.875,314.0
Act 2,s1,220,297,297.0,0.7723971851144977,0.27450982,2186.1111111111113,895.7441077441077,True,50.69849921983692,-115.6699495813803,SE of Kootenay National Park Of Canada (50.7°N 115.7°W),10,22.22222222222222,231.0
Act 2,s1,47,279,279.0,0.9228336548292508,0.5882353,1356.6666666666667,253.1290322580645,False,56.06809241933498,-128.9330252019233,,-1,73.47670250896057,74.0
Act 2,s1,157,271,271.0,0.871753133640958,0.42156863,1968.929889298893,782.1328413284133,False,52.299215628077114,-118.06548204083994,,-1,69.74169741697418,82.0
Act 2,s1,200,263,263.0,0.9367404785219707,0.28431374,2129.9049429657794,646.0798479087453,False,50.6849998532206,-119.4854471700967,,-1,81.36882129277566,49.0
Act 2,s1,453,253,253.0,0.9193985940439428,0.5294118,3046.4347826086955,1205.7549407114625,True,43.96055463793444,-109.29497276032926,SE of Washakie Wilderness (43.9°N 109.3°W),4,38.73517786561265,155.0
Act 2,s1,488,242,242.0,0.7129719843549177,0.5882353,3251.5,1058.7520661157025,True,42.060823403840146,-110.79729011990358,SW of Bridger Wilderness (42.1°N 110.8°W),3,0.0,242.0
Act 2,s1,192,221,221.0,0.9024044041315354,0.19607843,2087.733031674208,650.7692307692307,False,51.04382797638665,-119.57240554282029,,-1,73.30316742081448,59.0
Act 2,s1,330,221,221.0,0.7797444888908939,0.5,2657.235294117647,881.8461538461538,True,46.751956755326844,-114.51027459916843,NE of Selway Bitterroot Wilderness (46.8°N 114.5°W),12,0.0,221.0
Act 2,s1,287,212,212.0,0.8101183982952586,0.5686275,2340.9528301886794,933.4669811320755,True,49.47060712960545,-114.66664993134587,NW of Castle Provincial Park (49.5°N 114.7°W),10,30.18867924528302,148.0
Act 2,s1,339,192,192.0,0.9117647083476186,0.6666667,2747.890625,666.390625,False,45.62197630880563,-117.15153374306826,,-1,65.625,66.0
Act 2,s1,103,186,186.0,0.7426207131275566,0.27450982,1426.1774193548388,573.9677419354839,True,56.37000331077959,-123.51931310191851,SW of Graham Laurier Park (56.4°N 123.5°W),2,15.053763440860216,158.0
Act 2,s1,332,165,165.0,0.8364824815229936,0.38235295,2703.3212121212123,892.3757575757576,True,46.38605320584231,-114.24417650897054,NE of Selway Bitterroot Wilderness (46.4°N 114.2°W),12,10.303030303030303,148.0
Act 2,s1,450,146,146.0,0.91465216752601,0.54901963,3015.4520547945203,1209.9178082191781,True,44.22502240438312,-109.29775414566609,NE of Washakie Wilderness (44.2°N 109.3°W),4,4.794520547945205,139.0
Act 2,s1,138,140,140.0,0.7912465099777494,0.4117647,1854.4071428571428,718.2714285714286,False,53.12414297899157,-119.4474993919242,,-1,31.428571428571427,96.0
Act 2,s1,306,128,128.0,0.7433364065364003,0.6372549,2461.15625,873.4453125,True,48.368110439991995,-115.17190903127445,E of Cabinet Mountains Wilderness (48.4°N 115.2°W),9,0.0,128.0
Act 2,s1,405,121,121.0,0.8106465802704992,0.3627451,2881.3636363636365,1123.6528925619834,False,45.23984513348692,-110.70831280905028,,-1,23.140495867768596,93.0
Act 2,s1,125,119,119.0,0.8451145256266874,0.7058824,1750.436974789916,742.5210084033613,False,54.04396642221036,-119.47836289966858,,-1,25.210084033613445,89.0
Act 2,s1,80,119,119.0,0.73537651380571,0.48039216,1407.4957983193278,306.7731092436975,True,55.80722697143281,-127.81893275394276,SW of Wilps Gwininitxw (55.8°N 127.8°W),1,0.0,119.0
Act 2,s1,56,118,118.0,0.8050847583908146,0.627451,1383.3813559322034,367.91525423728814,True,56.17946743106296,-126.99405203387109,SW of Sustut Park (56.2°N 127.0°W),1,0.847457627118644,117.0
Act 2,s1,105,117,117.0,0.9706720307342007,0.65686274,1426.2393162393162,260.4957264957265,False,55.519478092999115,-128.43246040122523,,-1,92.3076923076923,9.0
Act 2,s1,190,112,112.0,0.8215161162827697,0.3627451,2087.526785714286,634.4553571428571,False,51.011074359168695,-119.81029920575371,,-1,58.92857142857143,46.0
Act 2,s1,279,111,111.0,0.8929517806113303,0.5294118,2326.8828828828828,711.3603603603603,False,49.18670156076782,-117.86670704464967,,-1,70.27027027027027,33.0
Act 2,s1,171,108,108.0,0.7921205598998953,0.44117647,2001.9444444444443,650.2314814814815,False,51.75332952034072,-119.90136668782507,,-1,42.592592592592595,62.0
Act 2,s1,325,107,107.0,0.7639728946106457,0.5294118,2595.0560747663553,1017.4766355140187,True,47.4828146446133,-112.8074535598571,N of Scapegoat Wilderness (47.5°N 112.8°W),16,1.8691588785046729,105.0
Act 2,s1,328,106,106.0,0.8636700044263084,0.5588236,2606.509433962264,898.311320754717,False,47.200720972189885,-114.4219016934983,,-1,28.30188679245283,76.0
Act 2,s1,7,105,105.0,0.8121381992385501,0.6862745,974.2952380952381,211.46666666666667,False,59.08667020142363,-131.9110162688737,,-1,9.523809523809524,95.0
Act 2,s1,392,104,104.0,0.767722479855785,0.23529412,2851.778846153846,674.75,False,44.779641907549696,-116.73311499193278,,-1,6.730769230769231,97.0
Act 2,s1,158,103,103.0,0.8794974357757753,0.23529413,1966.3980582524273,762.0970873786408,False,52.28043129685695,-118.37384801964984,,-1,73.7864077669903,27.0
Act 2,s1,230,100,100.0,0.7760784393548965,0.54901963,2200.61,702.13,False,50.214245108305626,-118.4261501479306,,-1,46.0,54.0
Act 2,s1,411,97,97.0,0.8436426243831202,0.64705884,2906.237113402062,931.8453608247422,False,44.76040171802951,-113.2024510137777,,-1,0.0,97.0
Act 2,s1,100,97,97.0,0.792399447603324,0.4901961,1419.9484536082475,298.82474226804123,False,55.682045086892906,-127.8747590950622,,-1,46.391752577319586,52.0
Act 2,s1,42,91,91.0,0.9085326518986251,0.30392158,1332.4835164835165,243.17582417582418,False,56.236728390973205,-129.22481935282667,,-1,64.83516483516483,32.0
Act 2,s1,169,91,91.0,0.8716871410935789,0.5,1996.5384615384614,787.3956043956044,False,52.07925639749597,-117.8897079051909,,-1,48.35164835164835,47.0
Act 2,s1,270,91,91.0,0.8039215731096792,0.627451,2283.1428571428573,693.0989010989011,False,49.51289169673454,-118.2720193358858,,-1,34.065934065934066,60.0
Act 2,s1,110,89,89.0,0.7574355742904577,0.5294118,1442.4719101123596,372.3370786516854,False,55.703643705679156,-126.61388945906482,,-1,0.0,89.0
Act 2,s1,430,80,80.0,0.8503676533699036,0.64705884,2932.425,1190.85,False,44.897493370896484,-109.70823537081787,,-1,25.0,60.0
Act 2,s1,41,79,79.0,0.9297592466390585,0.4901961,1321.8481012658228,232.62025316455697,False,56.29217024509074,-129.45007907930184,,-1,73.41772151898734,21.0
Act 2,s1,259,78,78.0,0.7972599344375806,0.48039216,2265.397435897436,729.5,False,49.73125307895581,-117.81393948871029,,-1,16.666666666666668,65.0
Act 2,s1,181,78,78.0,0.7443439051126822,0.57843137,2054.7179487179487,908.4102564102565,False,51.81956254736338,-115.89334506284442,,-1,1.2820512820512822,77.0
Act 2,s1,30,71,71.0,0.8743441082851987,0.068627454,1224.6760563380283,202.98591549295776,False,56.99775500460896,-130.48408237338097,,-1,54.929577464788736,32.0
Act 2,s1,63,67,67.0,0.7304653356324381,0.57843137,1382.4776119402984,355.7910447761194,False,56.15284748750013,-127.18898824704479,,-1,0.0,67.0
Act 2,s1,340,65,65.0,0.8030166011590224,0.4019608,2750.5846153846155,881.6615384615385,False,45.97585061520915,-114.26442186876656,,-1,16.923076923076923,54.0
Act 2,s1,316,61,61.0,0.7394728445615925,0.5980392,2514.1147540983607,918.639344262295,False,48.002880080196896,-114.39202683159303,,-1,1.639344262295082,60.0
Act 2,s1,361,60,60.0,0.7367647210756938,0.57843137,2774.6,909.1,False,45.82016304138903,-113.83325956408812,,-1,0.0,60.0
Act 2,s1,341,58,58.0,0.8860716737549881,0.5980392,2747.189655172414,593.3275862068965,False,45.48782253662594,-118.12254252185555,,-1,72.41379310344827,16.0
Act 2,s1,232,57,57.0,0.8140695000949659,0.34313726,2208.280701754386,904.6842105263158,False,50.52901319280937,-115.47202843131222,,-1,28.07017543859649,41.0
Act 2,s1,189,55,55.0,0.7000000086697665,0.47058827,2082.181818181818,666.3636363636364,False,51.12244549308717,-119.36579318459478,,-1,1.8181818181818181,54.0
Act 2,s1,354,54,54.0,0.834604227984393,0.63725495,2768.6296296296296,617.8518518518518,False,45.35877454868668,-117.73153625033481,,-1,3.7037037037037037,52.0
Act 2,s1,19,51,51.0,0.728373718027975,0.64705884,1142.9607843137255,271.5686274509804,False,57.8833650498507,-129.8834668523456,,-1,0.0,51.0
Act 2,s1,436,50,50.0,0.7478431510925293,0.6666667,2950.86,869.38,False,44.2919800306032,-113.91398568855774,,-1,0.0,50.0
Act 2,s1,219,48,48.0,0.8288398757576942,0.6372549,2174.3958333333335,666.0,False,50.35816280679453,-119.03763464334561,,-1,12.5,42.0
Act 2,s1,127,45,45.0,0.7289760483635797,0.5588236,1771.4222222222222,743.1777777777778,False,53.869739468258544,-119.3868413733468,,-1,0.0,45.0
Act 2,s1,209,44,44.0,0.7729501046917655,0.6666667,2143.681818181818,656.0909090909091,False,50.59187548903694,-119.29074537012033,,-1,25.0,33.0
Act 2,s1,299,43,43.0,0.7774737948595092,0.54901963,2425.046511627907,880.5581395348837,False,48.68067608089224,-115.17600894841185,,-1,0.0,43.0
Act 2,s1,34,41,41.0,0.9378287923045274,0.64705884,1276.1951219512196,227.0,False,56.649431294680205,-129.80215150183284,,-1,63.41463414634146,15.0
Act 2,s1,40,41,41.0,0.9237207087074838,0.6372549,1293.878048780488,231.1951219512195,False,56.517176999714685,-129.63361727818508,,-1,46.34146341463415,22.0
Act 2,s1,272,41,41.0,0.9191774304320173,0.71568626,2301.878048780488,720.4878048780488,False,49.411485731232894,-117.82055256540768,,-1,75.60975609756098,10.0
Act 2,s1,216,41,41.0,0.79053085897027,0.6862745,2162.317073170732,667.7560975609756,False,50.46173284626662,-119.05547962558708,,-1,7.317073170731708,38.0
Act 2,s1,350,38,38.0,0.8310113627659647,0.6666667,2768.2631578947367,699.8157894736842,False,45.51557531548893,-116.64674726436995,,-1,5.2631578947368425,36.0
Act 2,s1,208,38,38.0,0.7053663683565039,0.46078432,2140.6315789473683,791.921052631579,False,50.88750807022182,-117.3303634125946,,-1,2.6315789473684212,37.0
Act 2,s1,245,37,37.0,0.7747747833664352,0.61764705,2238.2162162162163,904.2972972972973,False,50.27843153056506,-115.38729325782127,,-1,8.108108108108109,34.0
Act 2,s1,294,37,37.0,0.7596714561050003,0.6862745,2384.108108108108,872.081081081081,False,49.00682243538518,-115.41499674217867,,-1,0.0,37.0
Act 2,s1,79,36,36.0,0.9327342063188553,0.71568626,1400.5555555555557,240.97222222222223,False,55.67244714909762,-128.87543174449604,,-1,72.22222222222223,10.0
Act 2,s1,462,36,36.0,0.8090958744287491,0.6372549,3083.0833333333335,1194.3055555555557,False,43.639990038235844,-109.37690487404595,,-1,0.0,36.0
Act 2,s1,166,36,36.0,0.7905773470799128,0.5588236,1984.4444444444443,766.8333333333334,False,52.13945875480239,-118.23868457243515,,-1,33.333333333333336,24.0
Act 2,s1,31,35,35.0,0.9672268918582372,0.7058824,1244.2,211.57142857142858,False,56.86436967146919,-130.23261709705486,,-1,85.71428571428571,5.0
Act 2,s1,133,35,35.0,0.7921568768365043,0.7156863,1828.5428571428572,711.6285714285714,False,53.325809400922246,-119.64760141762852,,-1,8.571428571428571,32.0
Act 2,s1,39,35,35.0,0.7369748064449855,0.67647064,1287.1714285714286,333.14285714285717,False,56.8755862994544,-128.0664909253053,,-1,0.0,35.0
Act 2,s1,284,34,34.0,0.8362168459331288,0.51960784,2333.4411764705883,696.7058823529412,False,49.103821887863965,-118.05162315624212,,-1,55.88235294117647,15.0
Act 2,s1,228,34,34.0,0.7505767117528355,0.7058824,2190.676470588235,698.2352941176471,False,50.28875052422734,-118.51663382421792,,-1,38.23529411764706,21.0
Act 2,s1,301,34,34.0,0.7393310403122622,0.6666667,2429.1470588235293,887.8823529411765,False,48.659010626901484,-115.0610753263475,,-1,0.0,34.0
Act 2,s1,486,32,32.0,0.9102328605949879,0.6666667,3234.0,1029.5,False,42.168070066376224,-111.20431158682057,,-1,9.375,29.0
Act 2,s1,14,32,32.0,0.7591911908239126,0.6666667,1119.5625,241.5625,False,57.98314068332418,-130.50721661477118,,-1,0.0,32.0
Act 2,s1,137,32,32.0,0.7083333497866988,0.3529412,1841.53125,710.375,False,53.21482443010542,-119.61646571957615,,-1,9.375,29.0
Act 2,s1,101,31,31.0,0.7599620626818749,0.65686274,1421.6129032258063,376.19354838709677,False,55.88657989769752,-126.66268569142693,,-1,0.0,31.0
Act 2,s1,198,30,30.0,0.8382353027661641,0.7058824,2113.1,649.6,False,50.83141152061387,-119.49603157092591,,-1,40.0,18.0
Act 2,s1,52,30,30.0,0.7879085123538971,0.67647064,1368.0666666666666,313.96666666666664,False,56.152443337818916,-127.92151579734215,,-1,0.0,30.0
Act 2,s1,240,30,30.0,0.7124183058738709,0.61764705,2226.733333333333,897.3666666666667,False,50.36222819157965,-115.52241278557757,,-1,13.333333333333334,26.0
Act 2,s1,58,27,27.0,0.8511256509357028,0.7058824,1377.5925925925926,256.4074074074074,False,55.90619073993964,-128.76484075764697,,-1,51.851851851851855,13.0
Act 2,s1,291,27,27.0,0.8028322480343006,0.54901963,2372.5185185185187,865.3703703703703,False,49.09163417201171,-115.54427362473626,,-1,14.814814814814815,23.0
Act 2,s1,64,27,27.0,0.7102396664796052,0.6666667,1382.851851851852,312.7037037037037,False,56.02704830746966,-127.86051668333522,,-1,0.0,27.0
Act 2,s1,321,26,26.0,0.7511312342607058,0.6666667,2550.3846153846152,1024.8076923076924,False,47.86674413171445,-112.81684048590903,,-1,0.0,26.0
Act 2,s1,33,25,25.0,0.951372549533844,0.5686275,1259.4,220.88,False,56.76843646716052,-129.99658701869578,,-1,76.0,6.0
Act 2,s1,203,25,25.0,0.7529411900043488,0.4509804,2126.68,796.56,False,51.01247564459123,-117.30922879932184,,-1,48.0,13.0
Act 2,s1,461,24,24.0,0.7553104708592097,0.64705884,3075.625,1209.1666666666667,False,43.720032189162396,-109.1965020752899,,-1,0.0,24.0
Act 2,s1,369,23,23.0,0.9258312064668407,0.64705884,2784.8260869565215,709.0,False,45.395400189746795,-116.47641194449704,,-1,52.17391304347826,11.0
Act 2,s1,348,23,23.0,0.8759590827900431,0.5588235,2761.478260869565,678.4347826086956,False,45.5322400418791,-116.95078241339755,,-1,65.21739130434783,8.0
Act 2,s1,135,23,23.0,0.7480818473774454,0.57843137,1835.695652173913,726.3913043478261,False,53.29733393044605,-119.39595931633828,,-1,17.391304347826086,19.0
Act 2,s1,86,23,23.0,0.7399829626083374,0.54901963,1405.3478260869565,568.9130434782609,False,56.53175166963185,-123.69960425184829,,-1,0.0,23.0
Act 2,s1,10,21,21.0,0.8739495873451233,0.71568626,1081.7142857142858,189.85714285714286,False,58.12993225592074,-131.57234499439107,,-1,9.523809523809524,19.0
Act 2,s1,217,21,21.0,0.8239962714059013,0.7156863,2171.095238095238,658.6190476190476,False,50.37029151348733,-119.15558306772728,,-1,14.285714285714286,18.0
Act 2,s1,375,21,21.0,0.7278244779223487,0.32352942,2799.095238095238,704.952380952381,False,45.27009813018396,-116.48854220267097,,-1,9.523809523809524,19.0
Act 2,s1,445,20,20.0,0.7725490272045136,0.57843137,3004.55,872.85,False,43.851248199335366,-113.73545191075776,,-1,0.0,20.0
Act 2,s1,297,20,20.0,0.7519607990980148,0.5882353,2405.8,867.05,False,48.817621105448644,-115.42240885782348,,-1,0.0,20.0
Act 2,s1,55,20,20.0,0.7289215832948684,0.67647064,1371.35,322.45,False,56.14979678878707,-127.77097477725228,,-1,0.0,20.0
Act 2,s1,187,20,20.0,0.7240196138620376,0.64705884,2073.4,662.9,False,51.1879691649187,-119.44857158924964,,-1,5.0,19.0
Act 2,s1,322,19,19.0,0.8740970147283453,0.7156863,2552.315789473684,880.3157894736842,False,47.621618048460576,-114.81863812178175,,-1,47.36842105263158,10.0
Act 2,s1,342,19,19.0,0.8467492335721066,0.71568626,2745.7894736842104,775.1578947368421,False,45.83625014951492,-115.70691767072908,,-1,84.21052631578948,3.0
Act 2,s1,211,19,19.0,0.8405572866138659,0.6960784,2144.4736842105262,847.8947368421053,False,50.960089289812665,-116.50001147764988,,-1,15.789473684210526,16.0
Act 2,s1,21,19,19.0,0.7936016634890908,0.7058824,1152.6842105263158,267.8421052631579,False,57.79150346928504,-129.88499266733095,,-1,5.2631578947368425,18.0
Act 2,s1,124,19,19.0,0.7714138501568845,0.7058824,1732.0526315789473,729.421052631579,False,54.169948622958884,-119.75236220752448,,-1,0.0,19.0
Act 2,s1,236,18,18.0,0.8148148225413429,0.60784316,2208.1666666666665,704.3333333333334,False,50.15603033649913,-118.36838352010635,,-1,38.888888888888886,11.0
Act 2,s1,281,18,18.0,0.7657952109972636,0.5980392,2329.0555555555557,677.7777777777778,False,49.102761686280736,-118.33303110898721,,-1,27.77777777777778,13.0
Act 2,s1,477,18,18.0,0.7543573081493378,0.6372549,3174.5555555555557,1162.4444444444443,False,42.83568035010839,-109.61998239752957,,-1,0.0,18.0
Act 2,s1,395,18,18.0,0.7271241909927793,0.6862745,2850.222222222222,723.5,False,44.880657867562626,-116.09713695218835,,-1,0.0,18.0
Act 2,s1,20,17,17.0,0.9094579009448781,0.74509805,1151.0588235294117,229.2941176470588,False,57.68495691210869,-130.51150764415542,,-1,76.47058823529412,4.0
Act 2,s1,109,17,17.0,0.804498272783616,0.7058824,1434.4117647058824,577.0,False,56.30863279932239,-123.43190176719298,,-1,23.529411764705884,13.0
Act 2,s1,460,17,17.0,0.756632082602557,0.6666667,3071.823529411765,1215.3529411764705,False,43.75912483460724,-109.12253522403654,,-1,0.0,17.0
Act 2,s1,274,17,17.0,0.7254902194528019,0.67647064,2313.294117647059,958.5882352941177,False,49.7430424208804,-114.38496619719753,,-1,0.0,17.0
Act 2,s1,61,16,16.0,0.9050245173275471,0.7156863,1379.1875,381.5625,False,56.252304522058914,-126.80195838768105,,-1,0.0,16.0
Act 2,s1,478,16,16.0,0.8057598136365414,0.7058824,3183.0625,1165.75,False,42.768436617590325,-109.56162449765448,,-1,0.0,16.0
Act 2,s1,146,16,16.0,0.7757352963089943,0.57843137,1880.6875,699.25,False,52.864955906873895,-119.63397354145012,,-1,0.0,16.0
Act 2,s1,206,16,16.0,0.7604166753590107,0.5588235,2132.625,788.25,False,50.94713477670788,-117.41072471945324,,-1,31.25,11.0
Act 2,s1,303,16,16.0,0.7561274617910385,0.7058824,2445.0,888.25,False,48.52768342877607,-115.0105236893549,,-1,0.0,16.0
Act 2,s1,483,16,16.0,0.7359068840742111,0.7058824,3204.4375,1177.375,False,42.60332275331679,-109.37295015486497,,-1,0.0,16.0
Act 2,s1,238,16,16.0,0.7291666865348816,0.65686274,2219.9375,901.5625,False,50.42625939389302,-115.48209522812303,,-1,0.0,16.0
Act 2,s1,132,15,15.0,0.7653594891230265,0.7058824,1821.7333333333333,698.9333333333333,False,53.35549564037385,-119.86679126752611,,-1,33.333333333333336,10.0
Act 2,s1,98,15,15.0,0.7620915095011394,0.61764705,1417.2666666666667,362.93333333333334,False,55.88561541494849,-126.89252031813668,,-1,0.0,15.0
Act 2,s1,222,15,15.0,0.7601307312647502,0.6960784,2177.3333333333335,808.9333333333333,False,50.614156691015324,-116.96157175919653,,-1,0.0,15.0
Act 2,s1,456,15,15.0,0.74248366355896,0.65686274,3062.4666666666667,1136.9333333333334,False,43.742309977134774,-110.16540243492896,,-1,0.0,15.0
Act 2,s1,227,15,15.0,0.7098039269447327,0.6862745,2187.4666666666667,710.0666666666667,False,50.339000207763696,-118.35749107539489,,-1,6.666666666666667,14.0
Act 2,s1,443,14,14.0,0.8326330653258732,0.71568626,2979.214285714286,1220.142857142857,False,44.54068180632353,-109.2300613704921,,-1,14.285714285714286,12.0
Act 2,s1,288,14,14.0,0.8137254927839551,0.6666667,2346.9285714285716,671.2857142857143,False,48.9421408609009,-118.36395125238215,,-1,42.857142857142854,8.0
Act 2,s1,162,13,13.0,0.7948718070983887,0.7058824,1978.2307692307693,763.4615384615385,False,52.18452451903475,-118.31109743099027,,-1,61.53846153846154,5.0
Act 2,s1,482,13,13.0,0.7428356133974515,0.7058824,3194.6923076923076,1171.6153846153845,False,42.67808177002001,-109.46475008568744,,-1,0.0,13.0
Act 2,s1,95,13,13.0,0.7375565629739028,0.7058824,1410.1538461538462,393.53846153846155,False,56.02922989491588,-126.45119828403783,,-1,0.0,13.0
Act 2,s1,336,13,13.0,0.7217194621379559,0.5980392,2723.5384615384614,687.0769230769231,False,45.861634230124885,-116.94920545855733,,-1,0.0,13.0
Act 2,s1,371,13,13.0,0.7171945938697228,0.6862745,2783.3846153846152,899.7692307692307,False,45.73230093778346,-113.93598756635473,,-1,0.0,13.0
Act 2,s1,70,13,13.0,0.7021116293393649,0.5882353,1387.923076923077,432.46153846153845,False,56.319923861946386,-125.95419801158405,,-1,0.0,13.0
Act 2,s1,313,12,12.0,0.817810465892156,0.7058824,2493.1666666666665,903.4166666666666,False,48.15219158084777,-114.66224654448264,,-1,0.0,12.0
Act 2,s1,258,12,12.0,0.7467320412397385,0.7058824,2256.0,878.75,False,50.08551616088816,-115.70285861973106,,-1,0.0,12.0
Act 2,s1,65,12,12.0,0.7361111293236414,0.7058824,1381.4166666666667,336.0833333333333,False,56.10577020946185,-127.50320613228004,,-1,0.0,12.0
Act 2,s1,173,12,12.0,0.7205882569154104,0.7058824,2003.5,896.0833333333334,False,52.22636657058419,-116.24199548007442,,-1,0.0,12.0
Act 2,s1,372,11,11.0,0.9527629234574058,0.85294116,2790.0,840.4545454545455,False,45.5808929103839,-114.71246954949905,,-1,54.54545454545455,5.0
Act 2,s1,357,11,11.0,0.9135472449389371,0.7254902,2770.909090909091,749.9090909090909,False,45.58383878916773,-115.97279452808525,,-1,18.181818181818183,9.0
Act 2,s1,413,11,11.0,0.8057041005654768,0.627451,2899.909090909091,1122.8181818181818,False,45.083691409678586,-110.68074583674124,,-1,0.0,11.0
Act 2,s1,11,11,11.0,0.7789661450819536,0.6372549,1086.3636363636363,194.0909090909091,False,58.10538336467055,-131.47512375291092,,-1,0.0,11.0
Act 2,s1,46,11,11.0,0.745098048990423,0.7058824,1341.2727272727273,416.45454545454544,False,56.66349922060094,-126.45125623715178,,-1,0.0,11.0
Act 2,s1,221,11,11.0,0.7442067861557007,0.71568626,2175.6363636363635,678.5454545454545,False,50.37353151083223,-118.8527290725243,,-1,0.0,11.0
Act 2,s1,408,11,11.0,0.7130124839869413,0.6764706,2887.181818181818,747.7272727272727,False,44.61747291919983,-115.6755397706503,,-1,0.0,11.0
Act 2,s1,346,10,10.0,0.9892156839370727,0.89215684,2754.9,675.8,False,45.581668713241186,-117.00543407259019,,-1,90.0,1.0
Act 2,s1,423,10,10.0,0.8421568691730499,0.65686274,2911.2,1218.4,False,45.10846859362859,-109.38121254359633,,-1,40.0,6.0
Act 2,s1,207,10,10.0,0.8401961028575897,0.7058824,2137.5,798.7,False,50.92646181222315,-117.24188005325914,,-1,60.0,4.0
Act 2,s1,315,10,10.0,0.7598039269447326,0.7156863,2508.0,873.5,False,47.978631953015814,-115.03757064257248,,-1,0.0,10.0
Act 2,s1,396,9,9.0,1.0,1.0,2849.222222222222,842.3333333333334,False,45.09241000402266,-114.53070620088616,,-1,77.77777777777777,2.0
Act 2,s1,23,9,9.0,0.9651416142781576,0.8137255,1162.4444444444443,198.44444444444446,False,57.49403331736257,-130.933008263209,,-1,77.77777777777777,2.0
Act 2,s1,97,9,9.0,0.8137255112330118,0.67647064,1412.3333333333333,563.7777777777778,False,56.460309860261624,-123.74801248114996,,-1,11.11111111111111,8.0
Act 2,s1,458,9,9.0,0.7712418437004089,0.6862745,3064.222222222222,1131.111111111111,False,43.7202729954183,-110.23796264536503,,-1,0.0,9.0
Act 2,s1,115,9,9.0,0.7625272538926866,0.7058824,1445.5555555555557,601.0,False,56.27463738148485,-122.99729242700235,,-1,11.11111111111111,8.0
Act 2,s1,442,9,9.0,0.7549019787046645,0.6764706,2973.222222222222,810.2222222222222,False,44.01042449220285,-114.62906963036583,,-1,0.0,9.0
Act 2,s1,338,8,8.0,0.8198529481887817,0.71568626,2735.5,691.5,False,45.77101016668733,-116.8544160827341,,-1,37.5,5.0
Act 2,s1,449,8,8.0,0.7745098099112511,0.7058824,3008.0,793.5,False,43.694190993068375,-114.75589061244236,,-1,0.0,8.0
Act 2,s1,455,8,8.0,0.7708333656191826,0.7058824,3055.5,1141.75,False,43.80664912260254,-110.11614214345576,,-1,0.0,8.0
Act 2,s1,401,8,8.0,0.7585784494876862,0.7156863,2856.0,792.75,False,44.95330392913468,-115.16842541776053,,-1,0.0,8.0
Act 2,s1,465,8,8.0,0.7524509951472282,0.7058824,3089.625,1114.875,False,43.48714434662713,-110.39910490479357,,-1,0.0,8.0
Act 2,s1,300,8,8.0,0.7279412001371384,0.65686274,2425.75,863.375,False,48.64531591240113,-115.41579077669005,,-1,0.0,8.0
Act 2,s1,320,8,8.0,0.7230392172932625,0.6764706,2542.25,1033.25,False,47.94729155432141,-112.71930225812291,,-1,0.0,8.0
Act 2,s1,60,8,8.0,0.7181372791528702,0.6862745,1374.5,337.625,False,56.167214669526885,-127.5164427554865,,-1,0.0,8.0
Act 2,s1,176,8,8.0,0.7144608050584793,0.7058824,2018.25,900.5,False,52.11079614079941,-116.12807205170738,,-1,0.0,8.0
Act 2,s1,195,8,8.0,0.7132353112101555,0.7058824,2092.5,665.75,False,51.035687891697776,-119.33694945301865,,-1,0.0,8.0
Act 2,s1,123,8,8.0,0.7107843235135078,0.64705884,1607.375,653.25,False,55.04393790712512,-121.44851306129573,,-1,0.0,8.0
Act 2,s1,334,8,8.0,0.7022058963775635,0.65686274,2703.5,951.0,False,46.47749146984635,-113.4478974517851,,-1,0.0,8.0
Act 2,s1,356,7,7.0,1.0,1.0,2767.714285714286,670.0,False,45.46506230466678,-117.04406459553081,,-1,100.0,0.0
Act 2,s1,359,7,7.0,1.0,1.0,2770.714285714286,758.1428571428571,False,45.59998784746721,-115.86365416605902,,-1,100.0,0.0
Act 2,s1,444,7,7.0,0.9005602257592338,0.8137255,3000.8571428571427,1189.857142857143,False,44.323272897442614,-109.58984159768035,,-1,14.285714285714286,6.0
Act 2,s1,218,7,7.0,0.806722709110805,0.71568626,2168.8571428571427,856.1428571428571,False,50.77176301956267,-116.30161446695911,,-1,28.571428571428573,5.0
Act 2,s1,118,7,7.0,0.7773109333855766,0.71568626,1452.0,625.8571428571429,False,56.28110985573632,-122.57118512282649,,-1,14.285714285714286,6.0
Act 2,s1,6,7,7.0,0.7675069996288845,0.6960784,884.5714285714286,740.8571428571429,False,61.413605734940326,-123.42915886483733,,-1,42.857142857142854,4.0
Act 2,s1,168,7,7.0,0.7633053149495806,0.7352941,1990.857142857143,607.0,False,51.75155159889364,-120.57998866743416,,-1,0.0,7.0
Act 2,s1,305,7,7.0,0.756302535533905,0.7058824,2448.4285714285716,881.4285714285714,False,48.48758574745648,-115.0965004311306,,-1,0.0,7.0
Act 2,s1,424,7,7.0,0.7394957968166896,0.7058824,2913.4285714285716,1014.1428571428571,False,44.8221619995867,-112.09654971191966,,-1,0.0,7.0
Act 2,s1,148,7,7.0,0.7380952409335545,0.7058824,1906.7142857142858,726.1428571428571,False,52.70455573613158,-119.13109359017974,,-1,0.0,7.0
Act 2,s1,113,7,7.0,0.7366946850504194,0.65686274,1439.4285714285713,579.5714285714286,False,56.27303327160408,-123.36723138635519,,-1,14.285714285714286,6.0
Act 2,s1,480,7,7.0,0.7310924274580819,0.6960784,3188.4285714285716,1168.857142857143,False,42.72723644681126,-109.51173699973212,,-1,0.0,7.0
Act 2,s1,199,7,7.0,0.7240896395274571,0.7058824,2118.285714285714,664.1428571428571,False,50.81879347385163,-119.2663385272085,,-1,0.0,7.0
Act 2,s1,314,7,7.0,0.7226890836443219,0.6666667,2499.4285714285716,866.2857142857143,False,48.037646524864634,-115.16233363302048,,-1,0.0,7.0
Act 2,s1,404,7,7.0,0.717086843081883,0.6862745,2868.0,890.4285714285714,False,45.01402918222505,-113.84506759808751,,-1,0.0,7.0
Act 2,s1,387,6,6.0,1.0,1.0,2820.0,926.5,False,45.469781842054445,-113.48548429439815,,-1,100.0,0.0
Act 2,s1,253,6,6.0,0.8741830090681711,0.74509805,2248.8333333333335,807.3333333333334,False,50.016342236478934,-116.7536478868719,,-1,16.666666666666668,5.0
Act 2,s1,448,6,6.0,0.8382352987925211,0.7058824,3005.0,865.5,False,43.83591217838719,-113.82987091686822,,-1,0.0,6.0
Act 2,s1,28,6,6.0,0.8316993514696757,0.7254902,1178.1666666666667,196.66666666666666,False,57.35936139580279,-130.8650558138972,,-1,50.0,3.0
Act 2,s1,142,6,6.0,0.8300653795401255,0.754902,1874.6666666666667,725.5,False,52.97035866069295,-119.26126934615849,,-1,16.666666666666668,5.0
Act 2,s1,71,6,6.0,0.8284313778082529,0.71568626,1390.6666666666667,237.83333333333334,False,55.74409209556238,-128.97912095213937,,-1,33.333333333333336,4.0
Act 2,s1,434,6,6.0,0.82352943221728,0.8039216,2934.5,949.6666666666666,False,44.5520995395744,-112.89954263538687,,-1,0.0,6.0
Act 2,s1,364,6,6.0,0.7990196247895559,0.7254902,2773.6666666666665,713.5,False,45.49581861216893,-116.44916182351864,,-1,16.666666666666668,5.0
Act 2,s1,85,6,6.0,0.7712418437004089,0.7058824,1400.5,365.0,False,56.029846592717014,-126.94884359382887,,-1,0.0,6.0
Act 2,s1,344,6,6.0,0.743464062611262,0.71568626,2753.8333333333335,747.3333333333334,False,45.72060590120751,-116.05593249160516,,-1,0.0,6.0
Act 2,s1,377,6,6.0,0.7401961088180542,0.63725495,2802.1666666666665,627.1666666666666,False,45.10012119302692,-117.50604068689117,,-1,0.0,6.0
Act 2,s1,161,6,6.0,0.7352941334247589,0.7058824,1978.5,771.0,False,52.19731055624573,-118.19773273616532,,-1,33.333333333333336,4.0
Act 2,s1,439,6,6.0,0.7205882569154104,0.7058824,2963.6666666666665,875.8333333333334,False,44.19577089974776,-113.7976314655934,,-1,0.0,6.0
Act 2,s1,266,6,6.0,0.7205882469813029,0.6666667,2266.5,735.3333333333334,False,49.733417651975714,-117.72705199948837,,-1,0.0,6.0
Act 2,s1,244,6,6.0,0.7156862914562225,0.627451,2228.8333333333335,666.3333333333334,False,49.908489889832374,-118.8403676358411,,-1,0.0,6.0
Act 2,s1,384,6,6.0,0.7091503540674845,0.7058824,2813.5,954.3333333333334,False,45.56665827469894,-113.12916062957261,,-1,0.0,6.0
Act 2,s1,51,6,6.0,0.702614406744639,0.65686274,1362.5,319.1666666666667,False,56.213294816164826,-127.87063905773907,,-1,0.0,6.0
Act 2,s1,326,5,5.0,0.8450980663299561,0.7156863,2589.0,1028.0,False,47.54905078242818,-112.67655556238454,,-1,0.0,5.0
Act 2,s1,441,5,5.0,0.8313725590705872,0.7254902,2969.8,1200.0,False,44.59558300185126,-109.51480244581303,,-1,0.0,5.0
Act 2,s1,264,5,5.0,0.8196078419685364,0.7352941,2261.8,737.8,False,49.777155171809156,-117.70748848660241,,-1,0.0,5.0
Act 2,s1,163,5,5.0,0.8019607782363891,0.7156863,1978.8,861.0,False,52.368521991031386,-116.84994075976421,,-1,0.0,5.0
Act 2,s1,242,5,5.0,0.7784313678741455,0.7352941,2222.8,704.6,False,50.03532683031579,-118.31417373016275,,-1,0.0,5.0
Act 2,s1,108,5,5.0,0.7745097994804382,0.6960784,1431.2,550.2,False,56.26818407119444,-123.87342907804877,,-1,20.0,4.0
Act 2,s1,399,5,5.0,0.7686274647712708,0.6862745,2853.6,591.2,False,44.6072795048016,-117.82058329480103,,-1,0.0,5.0
Act 2,s1,126,5,5.0,0.7529411911964417,0.7058824,1761.0,739.8,False,53.94980762738953,-119.479132700536,,-1,20.0,4.0
Act 2,s1,302,5,5.0,0.7470588445663452,0.7058824,2431.4,867.8,False,48.60595037722313,-115.33709962621722,,-1,0.0,5.0
Act 2,s1,414,5,5.0,0.7372549295425415,0.7156863,2901.6,919.2,False,44.7795785983599,-113.38081752645049,,-1,0.0,5.0
Act 2,s1,156,5,5.0,0.7215686678886414,0.7058824,1956.0,865.0,False,52.566922611295475,-116.86647222735117,,-1,0.0,5.0
Act 2,s1,212,5,5.0,0.7117647051811218,0.61764705,2149.4,796.4,False,50.823044206938235,-117.23587649022812,,-1,0.0,5.0
Act 2,s1,121,5,5.0,0.7078431606292724,0.6960784,1457.6,334.2,False,55.4728058758287,-127.12627429070056,,-1,0.0,5.0
Act 2,s1,349,4,4.0,1.0,1.0,2758.5,675.5,False,45.551383197287784,-116.99864805138547,,-1,100.0,0.0
Act 2,s1,365,4,4.0,1.0,1.0,2775.5,660.5,False,45.38304481488806,-117.14658437635164,,-1,100.0,0.0
Act 2,s1,32,4,4.0,0.9975490272045135,0.9901961,1252.5,214.75,False,56.806139340618564,-130.13352542818595,,-1,75.0,1.0
Act 2,s1,376,4,4.0,0.9901960790157318,0.9607843,2798.25,838.5,False,45.509172945372754,-114.71653226439612,,-1,100.0,0.0
Act 2,s1,419,4,4.0,0.9730392247438431,0.9019608,2906.0,1212.0,False,45.14438656808132,-109.47676574516412,,-1,75.0,1.0
Act 2,s1,417,4,4.0,0.7990196198225021,0.7647059,2905.75,829.25,False,44.60169618694438,-114.55555293276592,,-1,0.0,4.0
Act 2,s1,204,4,4.0,0.7941176444292068,0.6372549,2128.75,790.75,False,50.98416397176984,-117.38721021577474,,-1,75.0,1.0
Act 2,s1,489,4,4.0,0.7843137383460999,0.7156863,3238.5,1037.0,False,42.140573276779364,-111.09979430477111,,-1,0.0,4.0
Act 2,s1,67,4,4.0,0.7745097875595093,0.7352941,1382.5,236.0,False,55.80549409238247,-129.05324677800675,,-1,25.0,3.0
Act 2,s1,226,4,4.0,0.7671568691730499,0.7058824,2182.5,655.5,False,50.26952195636193,-119.15955287742993,,-1,0.0,4.0
Act 2,s1,9,4,4.0,0.7500000149011612,0.7058824,1010.0,238.75,False,58.880038148101725,-131.23608815122734,,-1,0.0,4.0
Act 2,s1,141,4,4.0,0.7500000149011612,0.7254902,1874.25,696.5,False,52.912721676786724,-119.70008170833329,,-1,0.0,4.0
Act 2,s1,17,4,4.0,0.7475490123033524,0.7058824,1136.5,259.5,False,57.8993694952639,-130.11620313089324,,-1,0.0,4.0
Act 2,s1,273,4,4.0,0.7352941334247589,0.7058824,2301.5,692.75,False,49.3603029494524,-118.21477650410495,,-1,0.0,4.0
Act 2,s1,237,4,4.0,0.7328431457281113,0.71568626,2213.25,897.75,False,50.475436740224026,-115.55778229542139,,-1,0.0,4.0
Act 2,s1,260,4,4.0,0.7279411852359772,0.7058824,2258.5,766.0,False,49.85855409178797,-117.31523511095894,,-1,0.0,4.0
Act 2,s1,186,4,4.0,0.7254902124404907,0.7058824,2069.0,917.25,False,51.71566098998179,-115.71676516269149,,-1,25.0,3.0
Act 2,s1,292,4,4.0,0.7205882668495178,0.7058824,2370.5,859.75,False,49.098627507589384,-115.62993174437929,,-1,0.0,4.0
Act 2,s1,179,4,4.0,0.7156862765550613,0.6960784,2040.0,903.5,False,51.93402510074936,-116.01339683404088,,-1,0.0,4.0
Act 2,s1,484,4,4.0,0.7132353335618973,0.7058824,3228.5,1056.0,False,42.2494667047871,-110.87842376607013,,-1,0.0,4.0
Act 2,s1,44,4,4.0,0.7034313827753067,0.6960784,1336.75,424.75,False,56.723972583466086,-126.34333132211691,,-1,0.0,4.0
Act 2,s1,150,4,4.0,0.696078434586525,0.6666667,1912.5,728.0,False,52.660192355289055,-119.08159712152768,,-1,0.0,4.0
Act 2,s1,84,4,4.0,0.6789215803146362,0.48039216,1397.75,547.25,False,56.540405874560754,-124.08232556453963,,-1,0.0,4.0
Act 2,s1,116,4,4.0,0.6789215803146362,0.627451,1450.5,587.0,False,56.19874856521202,-123.1969617882456,,-1,0.0,4.0
Act 2,s1,165,3,3.0,1.0,1.0,1983.0,783.6666666666666,False,52.184858332222454,-117.99285128992032,,-1,100.0,0.0
Act 2,s1,215,3,3.0,1.0,1.0,2156.0,817.6666666666666,False,50.80810859629716,-116.9041712322992,,-1,100.0,0.0
Act 2,s1,352,3,3.0,1.0,1.0,2760.3333333333335,668.6666666666666,False,45.523513013723964,-117.08387183564959,,-1,100.0,0.0
Act 2,s1,353,3,3.0,1.0,1.0,2761.6666666666665,653.6666666666666,False,45.48437535783812,-117.27880724081818,,-1,100.0,0.0
Act 2,s1,393,3,3.0,0.8888888955116272,0.87254906,2845.6666666666665,784.6666666666666,False,45.02516693695559,-115.30326441150453,,-1,0.0,3.0
Act 2,s1,476,3,3.0,0.8660130898157755,0.85294116,3172.3333333333335,1154.3333333333333,False,42.84442231880303,-109.72859976612278,,-1,0.0,3.0
Act 2,s1,53,3,3.0,0.8071895440419515,0.7352941,1363.6666666666667,328.3333333333333,False,56.230019049445154,-127.72074095875347,,-1,0.0,3.0
Act 2,s1,403,3,3.0,0.8006535967191061,0.7745098,2859.6666666666665,788.0,False,44.91482786425538,-115.22117459229018,,-1,0.0,3.0
Act 2,s1,145,3,3.0,0.7941176692644755,0.7254902,1877.6666666666667,722.6666666666666,False,52.93942574185666,-119.29267702924226,,-1,0.0,3.0
Act 2,s1,380,3,3.0,0.78758172194163,0.7058824,2806.0,710.3333333333334,False,45.222760645969366,-116.39734930676445,,-1,0.0,3.0
Act 2,s1,323,3,3.0,0.7679738998413086,0.754902,2557.3333333333335,852.6666666666666,False,47.53322752175935,-115.18651351369371,,-1,0.0,3.0
Act 2,s1,295,3,3.0,0.7647058963775635,0.71568626,2379.3333333333335,793.3333333333334,False,48.90649061427631,-116.54183292048921,,-1,0.0,3.0
Act 2,s1,374,3,3.0,0.758169949054718,0.7352941,2793.0,722.0,False,45.351281865529636,-116.28037761387029,,-1,0.0,3.0
Act 2,s1,92,3,3.0,0.7549020051956177,0.7156863,1407.0,445.3333333333333,False,56.19625619371559,-125.65318095687155,,-1,0.0,3.0
Act 2,s1,428,3,3.0,0.7516339818636576,0.71568626,2917.6666666666665,1008.3333333333334,False,44.77849538074749,-112.16386377641773,,-1,0.0,3.0
Act 2,s1,130,3,3.0,0.7483660181363424,0.7058824,1809.0,685.0,False,53.431593110394516,-120.12841537120597,,-1,0.0,3.0
Act 2,s1,128,3,3.0,0.7450980544090271,0.7352941,1785.6666666666667,692.0,False,53.641325332645124,-120.11423728042945,,-1,66.66666666666667,1.0
Act 2,s1,25,3,3.0,0.7450980345408121,0.7352941,1162.6666666666667,235.66666666666666,False,57.609300307738685,-130.3394671493241,,-1,0.0,3.0
Act 2,s1,335,3,3.0,0.7418300906817118,0.7254902,2710.0,950.0,False,46.42181515069078,-113.44504452919324,,-1,0.0,3.0
Act 2,s1,114,3,3.0,0.7385621269543966,0.7058824,1440.0,485.0,False,56.027055211607106,-124.86204057206484,,-1,0.0,3.0
Act 2,s1,438,3,3.0,0.7385621269543966,0.7058824,2956.0,1194.0,False,44.70391108409464,-109.62081578758209,,-1,0.0,3.0
Act 2,s1,318,3,3.0,0.7385620872179667,0.71568626,2538.3333333333335,1025.3333333333333,False,47.96817847756764,-112.83968218503374,,-1,0.0,3.0
Act 2,s1,410,3,3.0,0.7320261597633362,0.7156863,2897.0,916.3333333333334,False,44.81341861387356,-113.4299872032894,,-1,0.0,3.0
Act 2,s1,91,3,3.0,0.7320261398951212,0.7254902,1405.3333333333333,507.6666666666667,False,56.374991337448826,-124.6752185110388,,-1,0.0,3.0
Act 2,s1,368,3,3.0,0.7320261398951212,0.7254902,2778.0,589.0,False,45.22565131788699,-118.08308464009832,,-1,0.0,3.0
Act 2,s1,446,3,3.0,0.7287581960360209,0.7156863,3003.3333333333335,796.3333333333334,False,43.73761017197389,-114.73131695880195,,-1,0.0,3.0
Act 2,s1,68,3,3.0,0.7254902323087057,0.7058824,1384.3333333333333,434.0,False,56.353910519660275,-125.94843211611726,,-1,0.0,3.0
Act 2,s1,293,3,3.0,0.7254902323087057,0.7156863,2375.3333333333335,878.3333333333334,False,49.090656345035654,-115.3521942838946,,-1,0.0,3.0
Act 2,s1,54,3,3.0,0.7222222487131754,0.7058824,1365.3333333333333,436.3333333333333,False,56.51811383023248,-126.00990426763147,,-1,0.0,3.0
Act 2,s1,309,3,3.0,0.71568630139033,0.6862745,2468.0,858.0,False,48.28472866978943,-115.36825625141417,,-1,0.0,3.0
Act 2,s1,479,3,3.0,0.71568630139033,0.7058824,3184.3333333333335,1159.6666666666667,False,42.75043549739752,-109.63751497841642,,-1,0.0,3.0
Act 2,s1,13,3,3.0,0.7156862616539001,0.71568626,1097.6666666666667,250.66666666666666,False,58.192620658370934,-130.49492295120038,,-1,0.0,3.0
Act 2,s1,468,3,3.0,0.7124183376630148,0.7058824,3105.0,1150.0,False,43.4027265672569,-109.91253813650073,,-1,0.0,3.0
Act 2,s1,196,3,3.0,0.7124182979265848,0.7058824,2096.0,661.0,False,50.99680092947258,-119.39323078265991,,-1,0.0,3.0
Act 2,s1,425,3,3.0,0.7124182979265848,0.7058824,2916.0,767.0,False,44.41211623703173,-115.3443816321285,,-1,0.0,3.0
Act 2,s1,188,3,3.0,0.7091503540674845,0.7058824,2071.0,803.3333333333334,False,51.489251185991,-117.39710694671103,,-1,0.0,3.0
Act 2,s1,249,3,3.0,0.7091503540674845,0.7058824,2238.0,911.0,False,50.29181137980607,-115.29081364710213,,-1,0.0,3.0
Act 2,s1,36,3,3.0,0.7091503341992696,0.7058824,1279.0,357.0,False,57.01230476928975,-127.73300577421688,,-1,0.0,3.0
Act 2,s1,155,3,3.0,0.7091503341992696,0.7058824,1935.3333333333333,730.6666666666666,False,52.475462894998444,-118.95685581451482,,-1,33.333333333333336,2.0
Act 2,s1,307,3,3.0,0.7091503341992696,0.7058824,2462.0,855.0,False,48.3294303712786,-115.4276097452645,,-1,0.0,3.0
Act 2,s1,298,3,3.0,0.7058823704719543,0.7058824,2415.0,863.6666666666666,False,48.73523534909183,-115.44314040369245,,-1,0.0,3.0
Act 2,s1,183,3,3.0,0.6993464231491089,0.6862745,2065.0,914.0,False,51.74340392374247,-115.77766658377296,,-1,0.0,3.0
Act 2,s1,172,3,3.0,0.6895424922307333,0.5588235,1997.6666666666667,656.6666666666666,False,51.80251423045911,-119.82276327658828,,-1,33.333333333333336,2.0
Act 2,s1,390,2,2.0,1.0,1.0,2834.5,810.0,False,45.160757255801,-114.99829488775708,,-1,100.0,0.0
Act 2,s1,420,2,2.0,1.0,1.0,2906.5,1162.0,False,45.07877559337898,-110.14422105607345,,-1,0.0,2.0
Act 2,s1,398,2,2.0,0.9950980544090271,0.9901961,2852.5,839.5,False,45.06054061145263,-114.55963346713966,,-1,0.0,2.0
Act 2,s1,447,2,2.0,0.9901960790157318,0.98039216,3004.5,863.0,False,43.83610923611478,-113.86359336821783,,-1,50.0,1.0
Act 2,s1,421,2,2.0,0.8235294222831726,0.7745098,2906.5,1216.0,False,45.14498419757724,-109.42227582203765,,-1,0.0,2.0
Act 2,s1,267,2,2.0,0.7843137383460999,0.7647059,2265.5,741.5,False,49.753613762525944,-117.64237239316687,,-1,0.0,2.0
Act 2,s1,379,2,2.0,0.7843137383460999,0.7156863,2803.5,693.5,False,45.21283967227082,-116.627157997326,,-1,0.0,2.0
Act 2,s1,345,2,2.0,0.7745098173618317,0.71568626,2753.5,645.0,False,45.53537392411806,-117.4185305660282,,-1,0.0,2.0
Act 2,s1,89,2,2.0,0.7647058963775635,0.7156863,1401.0,548.5,False,56.51640519466087,-124.04655830620133,,-1,0.0,2.0
Act 2,s1,174,2,2.0,0.7598039209842682,0.74509805,2004.5,794.0,False,52.025756669581654,-117.76359921046678,,-1,0.0,2.0
Act 2,s1,289,2,2.0,0.7549020051956177,0.754902,2361.5,809.0,False,49.0830796015587,-116.3758191767925,,-1,0.0,2.0
Act 2,s1,4,2,2.0,0.7549019753932953,0.7254902,872.0,747.5,False,61.540565959001356,-123.37768284545477,,-1,50.0,1.0
Act 2,s1,239,2,2.0,0.7549019753932953,0.7254902,2217.0,702.5,False,50.07919736484422,-118.36421943473857,,-1,0.0,2.0
Act 2,s1,210,2,2.0,0.7500000298023224,0.74509805,2140.5,782.0,False,50.8696420193088,-117.47545774567264,,-1,0.0,2.0
Act 2,s1,107,2,2.0,0.7450980544090271,0.7352941,1427.5,594.0,False,56.408745331102516,-123.19354083347363,,-1,0.0,2.0
Act 2,s1,435,2,2.0,0.7450980544090271,0.7352941,2939.0,950.5,False,44.515877946888374,-112.87789650808651,,-1,0.0,2.0
Act 2,s1,90,2,2.0,0.7401960790157318,0.7058824,1404.5,441.0,False,56.20536236390716,-125.73427908095749,,-1,0.0,2.0
Act 2,s1,296,2,2.0,0.7401960790157318,0.7352941,2397.5,872.0,False,48.895231491480466,-115.37684177062566,,-1,0.0,2.0
Act 2,s1,250,2,2.0,0.7352941334247589,0.7254902,2239.5,942.0,False,50.332068111719806,-114.83667253450575,,-1,0.0,2.0
Act 2,s1,406,2,2.0,0.7352941334247589,0.7058824,2879.5,716.0,False,44.62512045491422,-116.11283944414585,,-1,0.0,2.0
Act 2,s1,427,2,2.0,0.7352941334247589,0.71568626,2916.5,1219.0,False,45.06477705773167,-109.36312546431063,,-1,0.0,2.0
Act 2,s1,429,2,2.0,0.7352941334247589,0.71568626,2917.0,1172.5,False,45.00403122148772,-109.98312534483006,,-1,0.0,2.0
Act 2,s1,257,2,2.0,0.7352941036224365,0.7352941,2250.5,946.0,False,50.24685170645781,-114.7465783942169,,-1,50.0,1.0
Act 2,s1,319,2,2.0,0.7352941036224365,0.7352941,2539.5,1021.0,False,47.95192674836917,-112.8972788969569,,-1,0.0,2.0
Act 2,s1,45,2,2.0,0.7303921580314636,0.7254902,1337.0,430.5,False,56.737714990331106,-126.25056634204624,,-1,0.0,2.0
Act 2,s1,269,2,2.0,0.7303921580314636,0.7254902,2268.5,769.0,False,49.781226785860554,-117.23966468010411,,-1,0.0,2.0
Act 2,s1,337,2,2.0,0.7303921580314636,0.7254902,2732.5,945.0,False,46.22672607455165,-113.45603899880518,,-1,0.0,2.0
Act 2,s1,389,2,2.0,0.7303921580314636,0.7254902,2826.5,965.0,False,45.47453902333142,-112.95474827234396,,-1,0.0,2.0
Act 2,s1,96,2,2.0,0.7254902124404907,0.7254902,1408.5,541.0,False,56.43453529831837,-124.12961391718687,,-1,0.0,2.0
Act 2,s1,111,2,2.0,0.7254902124404907,0.7254902,1435.0,483.5,False,56.06473090853375,-124.91047117975782,,-1,0.0,2.0
Act 2,s1,129,2,2.0,0.7254902124404907,0.7058824,1787.5,698.5,False,53.640097305174805,-120.00781539458742,,-1,0.0,2.0
Act 2,s1,397,2,2.0,0.7254902124404907,0.7254902,2852.0,627.5,False,44.689801283872214,-117.35130455820922,,-1,0.0,2.0
Act 2,s1,3,2,2.0,0.7254901826381683,0.71568626,867.5,750.0,False,61.586366818942764,-123.35701788277765,,-1,0.0,2.0
Act 2,s1,27,2,2.0,0.7205882668495178,0.7156863,1172.0,234.5,False,57.52880324871322,-130.30172995213982,,-1,0.0,2.0
Act 2,s1,50,2,2.0,0.7205882668495178,0.7156863,1349.0,426.5,False,56.6269723194697,-126.2511261776322,,-1,0.0,2.0
Act 2,s1,470,2,2.0,0.7205882668495178,0.7156863,3117.0,1124.5,False,43.27042617828908,-110.22013520344312,,-1,0.0,2.0
Act 2,s1,154,2,2.0,0.7205882370471954,0.71568626,1927.5,730.0,False,52.5393453469548,-118.99583392731388,,-1,50.0,1.0
Act 2,s1,251,2,2.0,0.7205882370471954,0.7058824,2244.0,927.5,False,50.26994486254353,-115.03381790003553,,-1,0.0,2.0
Act 2,s1,308,2,2.0,0.7205882370471954,0.71568626,2463.5,859.0,False,48.323861295485244,-115.36731078159727,,-1,0.0,2.0
Act 2,s1,82,2,2.0,0.7156862914562225,0.7058824,1395.0,549.5,False,56.569159992359836,-124.05979623331261,,-1,0.0,2.0
Act 2,s1,223,2,2.0,0.7156862914562225,0.7058824,2175.0,811.5,False,50.63837910609376,-116.93189649712201,,-1,0.0,2.0
Act 2,s1,234,2,2.0,0.7156862914562225,0.7058824,2205.5,814.5,False,50.39009808959987,-116.78946003697389,,-1,0.0,2.0
Act 2,s1,241,2,2.0,0.7156862914562225,0.7058824,2219.0,714.5,False,50.086428416319926,-118.18529939195273,,-1,0.0,2.0
Act 2,s1,285,2,2.0,0.7156862914562225,0.7058824,2329.5,798.0,False,49.328785779166935,-116.63136506501944,,-1,0.0,2.0
Act 2,s1,49,2,2.0,0.7107843458652496,0.7058824,1347.0,434.5,False,56.66552525990155,-126.13453710594564,,-1,0.0,2.0
Act 2,s1,457,2,2.0,0.7107843458652496,0.7058824,3061.0,1146.5,False,43.76657796183981,-110.04329660918361,,-1,0.0,2.0
Act 2,s1,475,2,2.0,0.7107843458652496,0.7058824,3172.0,1100.5,False,42.77983099981433,-110.4217983925427,,-1,0.0,2.0
Act 2,s1,119,2,2.0,0.7107843160629272,0.7058824,1453.0,568.5,False,56.13190862325018,-123.47895071621183,,-1,0.0,2.0
Act 2,s1,185,2,2.0,0.7107843160629272,0.7058824,2068.0,670.5,False,51.24858750061292,-119.35749139218233,,-1,0.0,2.0
Act 2,s1,201,2,2.0,0.7107843160629272,0.7058824,2117.0,671.5,False,50.844667869123136,-119.16431026638838,,-1,0.0,2.0
Act 2,s1,459,2,2.0,0.7107843160629272,0.7058824,3064.0,1142.5,False,43.73647409752509,-110.08969424009973,,-1,0.0,2.0
Act 2,s1,57,2,2.0,0.7058823704719543,0.7058824,1371.5,340.0,False,56.198732001878135,-127.49546216350046,,-1,0.0,2.0
Act 2,s1,66,2,2.0,0.7058823704719543,0.7058824,1380.5,340.5,False,56.12589171804963,-127.43905833330102,,-1,0.0,2.0
Act 2,s1,94,2,2.0,0.7058823704719543,0.7058824,1408.0,316.5,False,55.830922039756686,-127.66509504811835,,-1,0.0,2.0
Act 2,s1,120,2,2.0,0.7058823704719543,0.7058824,1456.5,330.0,False,55.470069209811946,-127.19701211127048,,-1,0.0,2.0
Act 2,s1,454,2,2.0,0.7058823704719543,0.7058824,3040.0,774.5,False,43.397066920089024,-114.91793768695469,,-1,0.0,2.0
Act 2,s1,487,2,2.0,0.7058823704719543,0.6862745,3232.5,1056.0,False,42.216031009159295,-110.87036886427482,,-1,0.0,2.0
Act 2,s1,265,2,2.0,0.6960784792900085,0.67647064,2261.5,955.0,False,50.1699194794238,-114.58435744038837,,-1,0.0,2.0
Act 2,s1,29,1,1.0,1.0,1.0,1189.0,202.0,False,57.287289290389694,-130.71474717312321,,-1,100.0,0.0
Act 2,s1,149,1,1.0,1.0,1.0,1908.0,773.0,False,52.789593958718385,-118.42121218860908,,-1,100.0,0.0
Act 2,s1,167,1,1.0,1.0,1.0,1986.0,784.0,False,52.16048945612552,-117.97731175624503,,-1,100.0,0.0
Act 2,s1,276,1,1.0,1.0,1.0,2313.0,797.0,False,49.463990636000275,-116.69753701924576,,-1,100.0,0.0
Act 2,s1,358,1,1.0,1.0,1.0,2769.0,754.0,False,45.60687522929193,-115.92372648197778,,-1,100.0,0.0
Act 2,s1,363,1,1.0,1.0,1.0,2771.0,754.0,False,45.59031826515069,-115.91804285357316,,-1,100.0,0.0
Act 2,s1,366,1,1.0,1.0,1.0,2775.0,823.0,False,45.676179363859035,-114.98608194238764,,-1,100.0,0.0
Act 2,s1,367,1,1.0,1.0,1.0,2775.0,825.0,False,45.679545147609026,-114.95934271045753,,-1,100.0,0.0
Act 2,s1,385,1,1.0,1.0,1.0,2816.0,812.0,False,45.317557266369754,-115.02165387127117,,-1,100.0,0.0
Act 2,s1,394,1,1.0,1.0,1.0,2846.0,780.0,False,45.01440659141935,-115.36400668199066,,-1,0.0,1.0
Act 2,s1,147,1,1.0,0.9411764740943909,0.9411765,1902.0,776.0,False,52.84574249381554,-118.39776343605566,,-1,100.0,0.0
Act 2,s1,416,1,1.0,0.9411764740943909,0.9411765,2903.0,1211.0,False,45.16831828777862,-109.49590275617022,,-1,0.0,1.0
Act 2,s1,140,1,1.0,0.9313725233078003,0.9313725,1871.0,735.0,False,53.020726355730076,-119.13161322842053,,-1,100.0,0.0
Act 2,s1,151,1,1.0,0.9117647409439087,0.91176474,1914.0,753.0,False,52.69901919730043,-118.70042294617647,,-1,0.0,1.0
Act 2,s1,381,1,1.0,0.8921568393707275,0.89215684,2805.0,801.0,False,45.39013063780246,-115.19775147138837,,-1,0.0,1.0
Act 2,s1,382,1,1.0,0.8725490570068359,0.87254906,2806.0,803.0,False,45.385241684848104,-115.16842728598009,,-1,0.0,1.0
Act 2,s1,275,1,1.0,0.8627451062202454,0.8627451,2311.0,668.0,False,49.23252057331245,-118.53224144427303,,-1,100.0,0.0
Act 2,s1,26,1,1.0,0.8529411554336548,0.85294116,1167.0,197.0,False,57.452057351329685,-130.9280190823598,,-1,0.0,1.0
Act 2,s1,418,1,1.0,0.8333333730697632,0.8333334,2905.0,832.0,False,44.612442161082164,-114.52136333033846,,-1,0.0,1.0
Act 2,s1,286,1,1.0,0.813725471496582,0.8137255,2330.0,943.0,False,49.57784341585123,-114.56138214114752,,-1,0.0,1.0
Act 2,s1,391,1,1.0,0.813725471496582,0.8137255,2841.0,813.0,False,45.11189429558561,-114.94108690007651,,-1,0.0,1.0
Act 2,s1,139,1,1.0,0.8039215803146362,0.8039216,1845.0,727.0,False,53.2209639279901,-119.35119290238988,,-1,0.0,1.0
Act 2,s1,415,1,1.0,0.8039215803146362,0.8039216,2902.0,832.0,False,44.637342104901755,-114.52917032190851,,-1,0.0,1.0
Act 2,s1,383,1,1.0,0.7941176891326904,0.7941177,2809.0,692.0,False,45.16465126283997,-116.63090835002656,,-1,0.0,1.0
Act 2,s1,426,1,1.0,0.7941176891326904,0.7941177,2916.0,1214.0,False,45.06300641309989,-109.43090820341638,,-1,0.0,1.0
Act 2,s1,136,1,1.0,0.7843137383460999,0.78431374,1833.0,700.0,False,53.26385293915295,-119.80670972571575,,-1,100.0,0.0
Act 2,s1,247,1,1.0,0.7843137383460999,0.78431374,2236.0,785.0,False,50.08134230131335,-117.1161325153945,,-1,0.0,1.0
Act 2,s1,451,1,1.0,0.7745097875595093,0.7745098,3017.0,845.0,False,43.70356739700217,-114.06606002597876,,-1,0.0,1.0
Act 2,s1,78,1,1.0,0.7647058963775635,0.7647059,1393.0,436.0,False,56.28735831677091,-125.87216056427177,,-1,0.0,1.0
Act 2,s1,134,1,1.0,0.7647058963775635,0.7647059,1832.0,695.0,False,53.26147778460311,-119.88637770514721,,-1,100.0,0.0
Act 2,s1,224,1,1.0,0.7647058963775635,0.7647059,2177.0,921.0,False,50.818645021296646,-115.32867878696733,,-1,0.0,1.0
Act 2,s1,278,1,1.0,0.7647058963775635,0.7647059,2314.0,907.0,False,49.65083867777148,-115.12345214514586,,-1,0.0,1.0
Act 2,s1,1,1,1.0,0.7549020051956177,0.754902,308.0,535.0,False,65.90036729590369,-130.80710812457892,,-1,100.0,0.0
Act 2,s1,117,1,1.0,0.7549020051956177,0.754902,1450.0,566.0,False,56.150752812576634,-123.5328178838703,,-1,0.0,1.0
Act 2,s1,180,1,1.0,0.7549020051956177,0.754902,2040.0,913.0,False,51.951015668189555,-115.87162480607395,,-1,0.0,1.0
Act 2,s1,193,1,1.0,0.7549020051956177,0.754902,2089.0,675.0,False,51.08389261283385,-119.21503747048506,,-1,0.0,1.0
Act 2,s1,214,1,1.0,0.7549020051956177,0.754902,2152.0,646.0,False,50.50207777092944,-119.40610348582402,,-1,0.0,1.0
Act 2,s1,268,1,1.0,0.7549020051956177,0.754902,2266.0,744.0,False,49.754280137532284,-117.60502681550635,,-1,0.0,1.0
Act 2,s1,317,1,1.0,0.7549020051956177,0.754902,2537.0,1023.0,False,47.97581178101594,-112.87562931642869,,-1,0.0,1.0
Act 2,s1,412,1,1.0,0.7549020051956177,0.754902,2898.0,831.0,False,44.6688969020029,-114.5527459093086,,-1,0.0,1.0
Act 2,s1,440,1,1.0,0.7549020051956177,0.754902,2964.0,874.0,False,44.19010370290448,-113.82076810296685,,-1,0.0,1.0
Act 2,s1,452,1,1.0,0.7549020051956177,0.754902,3026.0,857.0,False,43.647929039212364,-113.88820401769425,,-1,0.0,1.0
Act 2,s1,5,1,1.0,0.7450980544090271,0.74509805,880.0,741.0,False,61.453851650917365,-123.45073628775543,,-1,0.0,1.0
Act 2,s1,102,1,1.0,0.7450980544090271,0.74509805,1413.0,597.0,False,56.537771310389,-123.21398596551236,,-1,0.0,1.0
Act 2,s1,143,1,1.0,0.7450980544090271,0.74509805,1874.0,759.0,False,53.04514234822798,-118.75742672806481,,-1,0.0,1.0
Act 2,s1,290,1,1.0,0.7450980544090271,0.74509805,2364.0,808.0,False,49.06050149759739,-116.38224176534418,,-1,100.0,0.0
Act 2,s1,402,1,1.0,0.7450980544090271,0.74509805,2855.0,594.0,False,44.601146068702135,-117.77978297920227,,-1,0.0,1.0
Act 2,s1,473,1,1.0,0.7450980544090271,0.74509805,3167.0,1154.0,False,42.88866734320244,-109.74291991131501,,-1,0.0,1.0
Act 2,s1,474,1,1.0,0.7450980544090271,0.74509805,3169.0,1156.0,False,42.874364581391596,-109.71338884318263,,-1,0.0,1.0
Act 2,s1,72,1,1.0,0.7352941036224365,0.7352941,1389.0,425.0,False,56.29069407526722,-126.06640494936464,,-1,0.0,1.0
Act 2,s1,93,1,1.0,0.7352941036224365,0.7352941,1406.0,542.0,False,56.45799242524097,-124.12586007620156,,-1,0.0,1.0
Act 2,s1,225,1,1.0,0.7352941036224365,0.7352941,2181.0,658.0,False,50.28708006524956,-119.12902494374605,,-1,0.0,1.0
Act 2,s1,277,1,1.0,0.7352941036224365,0.7352941,2314.0,744.0,False,49.356289675115754,-117.44723338866248,,-1,0.0,1.0
Act 2,s1,73,1,1.0,0.7254902124404907,0.7254902,1390.0,427.0,False,56.28783959415477,-126.02967522300331,,-1,0.0,1.0
Act 2,s1,74,1,1.0,0.7254902124404907,0.7254902,1391.0,338.0,False,56.032183290487744,-127.42163125304195,,-1,0.0,1.0
Act 2,s1,160,1,1.0,0.7254902124404907,0.7254902,1974.0,767.0,False,52.22686101779764,-118.27344330595322,,-1,0.0,1.0
Act 2,s1,202,1,1.0,0.7254902124404907,0.7254902,2122.0,789.0,False,51.03700138162855,-117.43545746868476,,-1,0.0,1.0
Act 2,s1,205,1,1.0,0.7254902124404907,0.7254902,2129.0,866.0,False,51.12221752585548,-116.28416027354659,,-1,100.0,0.0
Act 2,s1,213,1,1.0,0.7254902124404907,0.7254902,2149.0,729.0,False,50.69568283914514,-118.21702586009019,,-1,0.0,1.0
Act 2,s1,233,1,1.0,0.7254902124404907,0.7254902,2204.0,811.0,False,50.39607997644255,-116.84495305441949,,-1,0.0,1.0
Act 2,s1,248,1,1.0,0.7254902124404907,0.7254902,2237.0,900.0,False,50.28113022066632,-115.45320833123951,,-1,0.0,1.0
Act 2,s1,327,1,1.0,0.7254902124404907,0.7254902,2592.0,1009.0,False,47.49559630751159,-112.93249218941843,,-1,0.0,1.0
Act 2,s1,422,1,1.0,0.7254902124404907,0.7254902,2909.0,1011.0,False,44.854593160059885,-112.14829235366696,,-1,0.0,1.0
Act 2,s1,432,1,1.0,0.7254902124404907,0.7254902,2925.0,1189.0,False,44.95740616830954,-109.74732673140747,,-1,0.0,1.0
Act 2,s1,472,1,1.0,0.7254902124404907,0.7254902,3155.0,1144.0,False,42.97683070265624,-109.89458971486067,,-1,0.0,1.0
Act 2,s1,2,1,1.0,0.7156863212585449,0.7156863,605.0,475.0,False,63.07373603195106,-129.8382578236416,,-1,0.0,1.0
Act 2,s1,16,1,1.0,0.7156863212585449,0.7156863,1131.0,287.0,False,58.02988428842159,-129.7067821304733,,-1,0.0,1.0
Act 2,s1,59,1,1.0,0.7156863212585449,0.7156863,1374.0,318.0,False,56.11517828004278,-127.82608844619685,,-1,0.0,1.0
Act 2,s1,75,1,1.0,0.7156863212585449,0.7156863,1391.0,429.0,False,56.28497767604792,-125.99294970680162,,-1,0.0,1.0
Act 2,s1,77,1,1.0,0.7156863212585449,0.7156863,1392.0,356.0,False,56.074798505455945,-127.13485163692107,,-1,0.0,1.0
Act 2,s1,81,1,1.0,0.7156863212585449,0.7156863,1395.0,431.0,False,56.257205086214626,-125.94075819823736,,-1,0.0,1.0
Act 2,s1,83,1,1.0,0.7156863212585449,0.7156863,1396.0,427.0,False,56.238046373084785,-125.99867339452004,,-1,0.0,1.0
Act 2,s1,99,1,1.0,0.7156863212585449,0.7156863,1412.0,445.0,False,56.153835236480994,-125.63295423956284,,-1,0.0,1.0
Act 2,s1,178,1,1.0,0.7156863212585449,0.7156863,2018.0,884.0,False,52.082913625484366,-116.37566162654463,,-1,0.0,1.0
Act 2,s1,261,1,1.0,0.7156863212585449,0.7156863,2259.0,776.0,False,49.8733257499725,-117.17042592429473,,-1,0.0,1.0
Act 2,s1,262,1,1.0,0.7156863212585449,0.7156863,2260.0,773.0,False,49.85935874694057,-117.21012967314766,,-1,0.0,1.0
Act 2,s1,271,1,1.0,0.7156863212585449,0.7156863,2282.0,956.0,False,50.000246395344504,-114.51113618605626,,-1,0.0,1.0
Act 2,s1,280,1,1.0,0.7156863212585449,0.7156863,2318.0,909.0,False,49.62088925496393,-115.08308870142015,,-1,0.0,1.0
Act 2,s1,283,1,1.0,0.7156863212585449,0.7156863,2324.0,940.0,False,49.62295368851514,-114.62147105479842,,-1,0.0,1.0
Act 2,s1,431,1,1.0,0.7156863212585449,0.7156863,2924.0,1206.0,False,44.98640012970548,-109.52246324385104,,-1,0.0,1.0
Act 2,s1,466,1,1.0,0.7156863212585449,0.7156863,3102.0,1161.0,False,43.44137863054495,-109.77529496435334,,-1,0.0,1.0
Act 2,s1,467,1,1.0,0.7156863212585449,0.7156863,3104.0,1180.0,False,43.44769847246852,-109.52439545344049,,-1,0.0,1.0
Act 2,s1,37,1,1.0,0.7156862616539001,0.71568626,1279.0,360.0,False,57.020945383434025,-127.68525857812456,,-1,0.0,1.0
Act 2,s1,104,1,1.0,0.7156862616539001,0.71568626,1417.0,574.0,False,56.446937520179304,-123.56255400348064,,-1,0.0,1.0
Act 2,s1,152,1,1.0,0.7156862616539001,0.71568626,1918.0,732.0,False,52.622625354465455,-119.0010968759175,,-1,0.0,1.0
Act 2,s1,153,1,1.0,0.7156862616539001,0.71568626,1923.0,736.0,False,52.5891925930381,-118.92256078115818,,-1,0.0,1.0
Act 2,s1,197,1,1.0,0.7156862616539001,0.71568626,2103.0,814.0,False,51.24281095298164,-117.13266161502312,,-1,0.0,1.0
Act 2,s1,310,1,1.0,0.7156862616539001,0.71568626,2474.0,859.0,False,48.23657136841433,-115.33693019633307,,-1,0.0,1.0
Act 2,s1,312,1,1.0,0.7156862616539001,0.71568626,2483.0,885.0,False,48.20598932171567,-114.94802781807707,,-1,0.0,1.0
Act 2,s1,22,1,1.0,0.7058823704719543,0.7058824,1158.0,275.0,False,57.769615538528384,-129.73843992568936,,-1,0.0,1.0
Act 2,s1,35,1,1.0,0.7058823704719543,0.7058824,1277.0,359.0,False,57.03464211385655,-127.71224050519753,,-1,0.0,1.0
Act 2,s1,48,1,1.0,0.7058823704719543,0.7058824,1347.0,430.0,False,56.65319909428038,-126.20603444257658,,-1,0.0,1.0
Act 2,s1,62,1,1.0,0.7058823704719543,0.7058824,1376.0,343.0,False,56.170126725482895,-127.4241732487292,,-1,0.0,1.0
Act 2,s1,69,1,1.0,0.7058823704719543,0.7058824,1385.0,340.0,False,56.08734753133272,-127.42264636864849,,-1,0.0,1.0
Act 2,s1,76,1,1.0,0.7058823704719543,0.7058824,1391.0,509.0,False,56.49806883328529,-124.72519097315532,,-1,0.0,1.0
Act 2,s1,88,1,1.0,0.7058823704719543,0.7058824,1400.0,314.0,False,55.88961205210052,-127.74720235687839,,-1,0.0,1.0
Act 2,s1,112,1,1.0,0.7058823704719543,0.7058824,1437.0,561.0,False,56.24693065497796,-123.67405717721545,,-1,0.0,1.0
Act 2,s1,122,1,1.0,0.7058823704719543,0.7058824,1466.0,344.0,False,55.43104792142924,-126.93064227793036,,-1,0.0,1.0
Act 2,s1,131,1,1.0,0.7058823704719543,0.7058824,1814.0,696.0,False,53.41367270381017,-119.94160271474824,,-1,0.0,1.0
Act 2,s1,184,1,1.0,0.7058823704719543,0.7058824,2067.0,794.0,False,51.50466126908254,-117.54833421381578,,-1,0.0,1.0
Act 2,s1,194,1,1.0,0.7058823704719543,0.7058824,2090.0,669.0,False,51.06315836120808,-119.2987788730606,,-1,0.0,1.0
Act 2,s1,235,1,1.0,0.7058823704719543,0.7058824,2205.0,945.0,False,50.62554834007051,-114.89428702667988,,-1,0.0,1.0
Act 2,s1,243,1,1.0,0.7058823704719543,0.7058824,2226.0,910.0,False,50.39027469462007,-115.34128891553496,,-1,0.0,1.0
Act 2,s1,254,1,1.0,0.7058823704719543,0.7058824,2248.0,741.0,False,49.89778262197142,-117.70772327263191,,-1,0.0,1.0
Act 2,s1,255,1,1.0,0.7058823704719543,0.7058824,2249.0,919.0,False,50.2137000180638,-115.14217385328399,,-1,0.0,1.0
Act 2,s1,263,1,1.0,0.7058823704719543,0.7058824,2261.0,702.0,False,49.71379850635113,-118.22073397712894,,-1,0.0,1.0
Act 2,s1,282,1,1.0,0.7058823704719543,0.7058824,2323.0,938.0,False,49.627975871410634,-114.65300559400771,,-1,0.0,1.0
Act 2,s1,324,1,1.0,0.7058823704719543,0.7058824,2558.0,1030.0,False,47.81089695111382,-112.7254764460878,,-1,0.0,1.0
Act 2,s1,329,1,1.0,0.7058823704719543,0.7058824,2611.0,1020.0,False,47.35349981384949,-112.7330916845541,,-1,0.0,1.0
Act 2,s1,331,1,1.0,0.7058823704719543,0.7058824,2649.0,893.0,False,46.83869040171036,-114.3802384401808,,-1,0.0,1.0
Act 2,s1,351,1,1.0,0.7058823704719543,0.7058824,2759.0,813.0,False,45.791974520196234,-115.16354173101647,,-1,0.0,1.0
Act 2,s1,360,1,1.0,0.7058823704719543,0.7058824,2770.0,562.0,False,45.23830025563025,-118.46381699643294,,-1,0.0,1.0
Act 2,s1,370,1,1.0,0.7058823704719543,0.7058824,2782.0,588.0,False,45.19076043491817,-118.08375580789001,,-1,0.0,1.0
Act 2,s1,378,1,1.0,0.7058823704719543,0.7058824,2800.0,903.0,False,45.59928032566338,-113.85018488738275,,-1,0.0,1.0
Act 2,s1,386,1,1.0,0.7058823704719543,0.7058824,2816.0,881.0,False,45.431179088176044,-114.10308500894011,,-1,0.0,1.0
Act 2,s1,407,1,1.0,0.7058823704719543,0.7058824,2882.0,886.0,False,44.89064008914337,-113.86836302775505,,-1,0.0,1.0
Act 2,s1,409,1,1.0,0.7058823704719543,0.7058824,2888.0,883.0,False,44.836010789888306,-113.89287625672279,,-1,0.0,1.0
Act 2,s1,433,1,1.0,0.7058823704719543,0.7058824,2927.0,802.0,False,44.38019431319277,-114.85716108893297,,-1,0.0,1.0
Act 2,s1,463,1,1.0,0.7058823704719543,0.7058824,3084.0,1102.0,False,43.51759501734355,-110.57776919350444,,-1,0.0,1.0
Act 2,s1,469,1,1.0,0.7058823704719543,0.7058824,3116.0,1122.0,False,43.27562662447659,-110.25449202899063,,-1,0.0,1.0
Act 2,s1,485,1,1.0,0.7058823704719543,0.7058824,3228.0,1221.0,False,42.456574469273015,-108.77148657663449,,-1,0.0,1.0
Act 2,s1,490,1,1.0,0.7058823704719543,0.7058824,3252.0,1066.0,False,42.06614936944405,-110.70426983545447,,-1,0.0,1.0
Act 2,s2,389,4420,4420.0,0.8155798167883676,0.0882353,1329.847963800905,302.783257918552,True,56.43483157167816,-128.30757974922295,NW of Wilps Gwininitxw (56.6°N 128.3°W),9,47.66968325791855,2313.0
Act 2,s2,359,3126,3126.0,0.7766518762486528,0.16666667,1261.3349328214972,256.56142034548947,True,56.86139238159237,-129.42397366466818,SW of Tahltan - Sacred Headwaters (Klappan) (56.9°N 129.6°W),9,88.35572616762636,364.0
Act 2,s2,806,2956,2956.0,0.85719971995957,0.27450982,2297.779769959405,830.2016238159675,True,49.65108163873444,-116.27162442143612,S of Purcell Wilderness Conservancy Park (49.7°N 116.5°W),1,95.97428958051421,119.0
Act 2,s2,723,1786,1786.0,0.8267406712490586,0.009803922,2159.34882418813,830.0963045912654,True,50.803311062950236,-116.71203386379686,SE of Glacier National Park Of Canada (51.0°N 117.0°W),1,85.72228443449048,255.0
Act 2,s2,551,1473,1473.0,0.7935718836683909,0.0,1935.6157501697217,753.0285132382892,True,52.51879432011761,-118.62090655779926,S of Mount Robson Park (52.5°N 118.6°W),1,64.29056347589952,526.0
Act 2,s2,1196,956,956.0,0.8906288502044258,0.0,2818.5355648535565,760.5062761506276,True,45.20816289105756,-115.69774551440464,W of Frank Church River Of No Return Wilderness (45.1°N 115.7°W),3,84.4142259414226,149.0
Act 2,s2,1089,903,903.0,0.8773587014059951,0.34313726,2770.535991140642,783.3178294573644,True,45.64542226636944,-115.52842108537185,NE of Gospel Hump Wilderness (45.7°N 115.6°W),3,87.15393133997785,116.0
Act 2,s2,619,872,872.0,0.7934768021110992,0.029411765,2042.5229357798164,813.7385321100918,True,51.74663238254578,-117.33981713995793,NW of Banff National Park Of Canada (51.8°N 117.4°W),1,54.357798165137616,398.0
Act 2,s2,457,695,695.0,0.867442524433136,0.28431374,1434.0201438848921,275.5136690647482,False,55.499339479111505,-128.15855432938332,,-1,90.2158273381295,68.0
Act 2,s2,710,486,486.0,0.805918672539815,0.0882353,2118.6111111111113,847.022633744856,True,51.17423376064957,-116.59629776320614,S of Yoho National Park Of Canada (51.1°N 116.5°W),1,73.25102880658436,130.0
Act 2,s2,170,393,393.0,0.7387117829562447,0.20588236,578.0814249363867,464.40712468193385,True,63.273191130240555,-130.20989347427914,NE of Tū Łī́dlini (Ross River) (63.3°N 130.2°W),10,0.0,393.0
Act 2,s2,587,371,371.0,0.7924264165550229,0.10784314,1981.0646900269542,881.4447439353099,True,52.38753261015089,-116.53530401603504,NE of White Goat (52.4°N 116.5°W),2,16.172506738544474,311.0
Act 2,s2,313,358,358.0,0.884543765856567,0.3137255,1142.6117318435754,191.29608938547486,False,57.63411966050071,-131.1686853022821,,-1,89.94413407821229,36.0
Act 2,s2,239,257,257.0,0.7772564376751504,0.04901961,755.9805447470817,508.10505836575874,True,61.871452496157644,-128.27583791886406,Tū Łī́dlini (Ross River) vicinity (61.9°N 128.3°W),11,0.0,257.0
Act 2,s2,1062,243,243.0,0.8459210942802116,0.34313726,2737.238683127572,917.7242798353909,False,46.14457104130384,-113.81283645570667,,-1,62.55144032921811,91.0
Act 2,s2,1425,234,234.0,0.8292693248114142,0.019607844,3182.846153846154,1046.9957264957266,True,42.618990852950986,-111.08628317774587,SW of Gros Ventre Wilderness (42.6°N 111.1°W),8,3.4188034188034186,226.0
Act 2,s2,1368,216,216.0,0.8458605722170668,0.0,2955.912037037037,997.7129629629629,True,44.44433681226686,-112.21700041936755,SW of Lee Metcalf Wilderness (44.4°N 112.2°W),5,0.0,216.0
Act 2,s2,1264,202,202.0,0.8799747669571402,0.04901961,2841.519801980198,1101.2227722772277,True,45.54319660887914,-111.0937406647027,NE of Lee Metcalf Wilderness (45.5°N 111.1°W),6,0.0,202.0
Act 2,s2,732,183,183.0,0.8772099031125261,0.43137255,2131.535519125683,645.5081967213115,False,50.67031517060633,-119.48774753757945,,-1,96.72131147540983,6.0
Act 2,s2,1157,174,174.0,0.8342348498174514,0.4509804,2781.385057471264,668.6379310344828,False,45.349655571174715,-117.02125678183798,,-1,92.52873563218391,13.0
Act 2,s2,129,172,172.0,0.7904696874320507,0.1764706,446.4244186046512,355.7325581395349,True,64.04435825164225,-133.10721018116075,E of Ddhaw Ghro (64.0°N 133.1°W),13,0.0,172.0
Act 2,s2,360,155,155.0,0.7337128570002894,0.50980395,1216.8903225806453,282.6645161290323,False,57.306551307007794,-129.2688930080631,,-1,74.83870967741936,39.0
Act 2,s2,449,153,153.0,0.7686787274927874,0.57843137,1355.3660130718954,253.15686274509804,False,56.07884317144223,-128.93991421915499,,-1,99.34640522875817,1.0
Act 2,s2,1285,149,149.0,0.7812212241576022,0.34313726,2851.3691275167785,853.1342281879195,False,45.09226798811107,-114.38195967929569,,-1,96.64429530201342,5.0
Act 2,s2,843,148,148.0,0.7758346727570972,0.28431374,2289.074324324324,886.1081081081081,False,49.82267156324471,-115.49707192368761,,-1,91.89189189189189,12.0
Act 2,s2,302,143,143.0,0.719114238982434,0.65686274,1057.06993006993,202.48951048951048,False,58.373786246617705,-131.52520152088692,,-1,98.6013986013986,2.0
Act 2,s2,1152,140,140.0,0.831932779933725,0.33333334,2777.207142857143,862.1,False,45.722800956273744,-114.45694788868231,,-1,98.57142857142857,2.0
Act 2,s2,1212,137,137.0,0.7606984467252437,0.009803922,2809.9489051094893,906.3941605839416,True,45.52191774104959,-113.7794827464551,SW of Anaconda Pintler Wilderness (45.5°N 113.8°W),4,20.437956204379564,109.0
Act 2,s2,849,134,134.0,0.8601843788107829,0.27450982,2287.410447761194,721.2164179104477,False,49.53274516951011,-117.85837761187385,,-1,95.5223880597015,6.0
Act 2,s2,1168,122,122.0,0.7845548147060832,0.37254903,2787.909836065574,886.6147540983607,False,45.673645595689976,-114.10061546735545,,-1,53.278688524590166,57.0
Act 2,s2,1009,119,119.0,0.8697479070015565,0.0,2661.7899159663866,1064.1344537815125,True,46.99364638162053,-112.00235863867552,SE of Scapegoat Wilderness (47.0°N 112.0°W),7,0.0,119.0
Act 2,s2,709,118,118.0,0.8295945573156163,0.3137255,2087.084745762712,650.5254237288135,False,51.04868233687282,-119.57834624166823,,-1,98.30508474576271,2.0
Act 2,s2,333,118,118.0,0.8130608279321153,0.28431374,1195.1525423728813,198.83050847457628,False,57.22683742334114,-130.72754558219006,,-1,83.89830508474576,19.0
Act 2,s2,459,117,117.0,0.8561253622811065,0.15686275,1425.051282051282,260.0683760683761,False,55.527964023489716,-128.44556250806502,,-1,88.88888888888889,13.0
Act 2,s2,779,112,112.0,0.7666316644421646,0.29411766,2206.5803571428573,881.0178571428571,False,50.50167054981334,-115.82139164224071,,-1,69.64285714285714,34.0
Act 2,s2,672,110,110.0,0.8626559763130817,0.04901961,2056.1,853.0,False,51.707196386106446,-116.71233765203063,,-1,82.72727272727273,19.0
Act 2,s2,427,110,110.0,0.7202317446470261,0.19607843,1313.6181818181817,372.94545454545454,False,56.77105097100541,-127.28982067054845,,-1,16.363636363636363,92.0
Act 2,s2,211,109,109.0,0.7250404816223394,0.0,694.816513761468,621.348623853211,True,62.74183448557525,-126.63536757575824,N of Nahanni National Park Reserve Of Canada (62.7°N 126.6°W),12,0.0,109.0
Act 2,s2,1075,107,107.0,0.819681152840641,0.30392158,2746.5140186915887,926.5981308411215,False,46.08138167806954,-113.66929014169534,,-1,45.794392523364486,58.0
Act 2,s2,1427,106,106.0,0.8931742571294308,0.039215688,3199.896226415094,1026.8301886792453,False,42.449327091950586,-111.30882504502165,,-1,27.358490566037737,77.0
Act 2,s2,863,105,105.0,0.685247442197232,0.10784314,2302.4761904761904,915.9619047619047,False,49.76220612760001,-115.02860145175434,,-1,87.61904761904762,13.0
Act 2,s2,1126,103,103.0,0.851418245475269,0.43137255,2764.4951456310678,641.3106796116505,False,45.43767864128901,-117.4339162227509,,-1,97.0873786407767,3.0
Act 2,s2,309,101,101.0,0.9046787126819686,0.49019608,1104.7821782178219,188.69306930693068,False,57.93650814849856,-131.44579178445312,,-1,97.02970297029702,3.0
Act 2,s2,623,101,101.0,0.8113958570036558,0.44117647,2008.1980198019803,819.5544554455446,False,52.04427033132749,-117.37028025155706,,-1,99.00990099009901,1.0
Act 2,s2,180,101,101.0,0.7423801333597391,0.54901963,601.2475247524752,472.86138613861385,True,63.099403629916054,-129.90174695326064,Tū Łī́dlini (Ross River) vicinity (63.1°N 129.9°W),10,0.9900990099009901,100.0
Act 2,s2,320,97,97.0,0.8229229935665721,0.46078432,1178.360824742268,187.28865979381445,False,57.32806341595098,-131.0122559593468,,-1,92.78350515463917,7.0
Act 2,s2,791,97,97.0,0.776935527389197,0.078431375,2222.6494845360826,898.5979381443299,False,50.39845891920758,-115.51692362010192,,-1,6.185567010309279,91.0
Act 2,s2,547,90,90.0,0.8107843176772197,0.04901961,1881.4555555555555,681.7333333333333,False,52.82122950377495,-119.89441330430226,,-1,0.0,90.0
Act 2,s2,116,89,89.0,0.7543511892972368,0.4019608,416.76404494382024,303.59550561797755,False,64.11163236759715,-134.2724946836073,,-1,0.0,89.0
Act 2,s2,1306,89,89.0,0.7087464318558406,0.0,2869.258426966292,883.1011235955057,False,44.99193589534124,-113.93895468473441,,-1,0.0,89.0
Act 2,s2,1326,87,87.0,0.763128253235214,0.47058827,2892.057471264368,722.8965517241379,False,44.53348978367061,-115.98723767041989,,-1,100.0,0.0
Act 2,s2,177,84,84.0,0.7895658355028856,0.09803922,591.1547619047619,520.0119047619048,False,63.339000659273204,-129.11942331608094,,-1,0.0,84.0
Act 2,s2,370,81,81.0,0.8398692893025316,0.14705883,1217.8148148148148,390.2345679012346,False,57.61618528144088,-127.54045547743871,,-1,0.0,81.0
Act 2,s2,84,81,81.0,0.73638345402332,0.078431375,389.7037037037037,347.5925925925926,False,64.50823734385052,-133.6832799586045,,-1,0.0,81.0
Act 2,s2,681,80,80.0,0.7383578524459153,0.05882353,2063.3375,920.1625,False,51.76822865953101,-115.69120505316283,,-1,1.25,79.0
Act 2,s2,1104,78,78.0,0.908999502658844,0.48039216,2752.75641025641,662.8589743589744,False,45.57519167781524,-117.18377384173496,,-1,93.58974358974359,5.0
Act 2,s2,1263,73,73.0,0.7938490544177897,0.0,2844.931506849315,1062.041095890411,False,45.4612208027198,-111.6122069339856,,-1,0.0,73.0
Act 2,s2,280,66,66.0,0.7908496834111937,0.21568629,892.8787878787879,305.7878787878788,False,60.07229924137224,-130.87851107165005,,-1,0.0,66.0
Act 2,s2,1322,64,64.0,0.8803615234792233,0.2647059,2879.8125,916.78125,False,44.95709199286644,-113.46640146259466,,-1,0.0,64.0
Act 2,s2,621,64,64.0,0.7780330978566781,0.078431375,2013.625,697.3125,False,51.75542732546513,-119.16375682597813,,-1,0.0,64.0
Act 2,s2,1066,63,63.0,0.8109243742766834,0.0,2733.746031746032,752.8571428571429,False,45.89668919651036,-116.03974007646356,,-1,0.0,63.0
Act 2,s2,1052,63,63.0,0.7894491293127575,0.32352942,2716.1428571428573,909.7142857142857,False,46.307319835227915,-113.97568512908394,,-1,1.5873015873015872,62.0
Act 2,s2,168,63,63.0,0.7681294906707037,0.54901963,553.3333333333334,475.4920634920635,False,63.52522187184675,-130.17833125558514,,-1,0.0,63.0
Act 2,s2,407,60,60.0,0.7423202772935231,0.42156863,1284.2666666666667,405.53333333333336,False,57.10680835828295,-126.93000002497554,,-1,0.0,60.0
Act 2,s2,792,59,59.0,0.841974087690903,0.28431374,2221.9661016949153,936.5254237288135,False,50.46936580534169,-114.96774857367261,,-1,0.0,59.0
Act 2,s2,41,55,55.0,0.8622103441845287,0.64705884,318.25454545454545,106.38181818181818,False,64.187839764274,-138.5901654230583,,-1,0.0,55.0
Act 2,s2,768,55,55.0,0.7326203302903609,0.23529413,2183.6,895.2363636363636,False,50.718574845724575,-115.6850767711307,,-1,58.18181818181818,23.0
Act 2,s2,301,54,54.0,0.8856209174350456,0.51960784,1038.2407407407406,299.25925925925924,False,58.83785357261682,-130.0705688368781,,-1,0.0,54.0
Act 2,s2,7,54,54.0,0.8776325379256849,0.3529412,128.83333333333334,392.35185185185185,False,66.98955937384522,-134.92980449947385,,-1,0.0,54.0
Act 2,s2,23,54,54.0,0.8090050976585459,0.3529412,210.33333333333334,149.90740740740742,False,65.28910802939463,-138.7441998256687,,-1,0.0,54.0
Act 2,s2,834,54,54.0,0.6379811298792009,0.09803922,2259.203703703704,921.6481481481482,False,50.13302356117715,-115.07369228443635,,-1,20.37037037037037,43.0
Act 2,s2,1049,53,53.0,0.7706252425065581,0.10784314,2714.1509433962265,1144.0377358490566,False,46.66527187271227,-110.7873934922154,,-1,0.0,53.0
Act 2,s2,1017,53,53.0,0.7358490653195471,0.0,2674.264150943396,721.433962264151,False,46.33217556732806,-116.63576113912808,,-1,0.0,53.0
Act 2,s2,441,51,51.0,0.829104202635148,0.44117647,1331.9019607843138,243.0,False,56.24097044002881,-129.23087092928978,,-1,96.07843137254902,2.0
Act 2,s2,845,50,50.0,0.8139215803146362,0.3137255,2277.5,899.04,False,49.94158243512875,-115.34567322264041,,-1,98.0,1.0
Act 2,s2,1365,50,50.0,0.7672549125552177,0.1764706,2948.04,1060.04,False,44.59758147443245,-111.41220619983143,,-1,0.0,50.0
Act 2,s2,78,50,50.0,0.7580392263829708,0.09803922,386.36,360.36,False,64.58403140060419,-133.47597490351686,,-1,0.0,50.0
Act 2,s2,842,46,46.0,0.8469735824543497,0.6666667,2270.804347826087,948.3695652173913,False,50.081137036629585,-114.65351600509182,,-1,39.130434782608695,28.0
Act 2,s2,640,46,46.0,0.7031116924532081,0.10784314,2023.1304347826087,902.4130434782609,False,52.07336356226581,-116.08373179238474,,-1,0.0,46.0
Act 2,s2,840,46,46.0,0.652600180843602,0.15686275,2273.0434782608695,915.2826086956521,False,50.0066440625448,-115.1247986096134,,-1,36.95652173913044,29.0
Act 2,s2,800,44,44.0,0.8518270999193192,0.57843137,2235.659090909091,864.9318181818181,False,50.23061610872527,-115.96478385748405,,-1,95.45454545454545,2.0
Act 2,s2,351,44,44.0,0.829322645610029,0.5392157,1204.7272727272727,391.9318181818182,False,57.73006675700703,-127.58610691814815,,-1,0.0,44.0
Act 2,s2,572,43,43.0,0.8764249987380449,0.4901961,1917.093023255814,850.3953488372093,False,52.86523798829908,-117.21970708716336,,-1,4.651162790697675,41.0
Act 2,s2,1086,43,43.0,0.8577291438745898,0.6372549,2747.1627906976746,594.3720930232558,False,45.490087593938746,-118.10880827341269,,-1,76.74418604651163,10.0
Act 2,s2,1436,43,43.0,0.7631099071613577,0.46078432,3225.279069767442,1055.6046511627908,False,42.27586625998538,-110.88995174350816,,-1,0.0,43.0
Act 2,s2,662,43,43.0,0.749658020429833,0.42156863,2040.5813953488373,920.3023255813954,False,51.959123441463,-115.76075136451179,,-1,0.0,43.0
Act 2,s2,415,43,43.0,0.7257182140683018,0.61764705,1297.7674418604652,279.13953488372096,False,56.6293349944099,-128.85939466262033,,-1,100.0,0.0
Act 2,s2,431,42,42.0,0.7450980529898689,0.5588236,1315.5238095238096,277.73809523809524,False,56.479056194448944,-128.78082022089245,,-1,100.0,0.0
Act 2,s2,1286,41,41.0,0.8515064618209514,0.13725491,2851.756097560976,1140.780487804878,False,45.509730363407556,-110.5403619740619,,-1,0.0,41.0
Act 2,s2,1324,39,39.0,0.9509803958428211,0.7352941,2892.051282051282,781.3076923076923,False,44.63501836086998,-115.22162876235271,,-1,2.5641025641025643,38.0
Act 2,s2,349,39,39.0,0.6923077091192588,0.46078432,1207.025641025641,250.92307692307693,False,57.291193752485626,-129.83139563072004,,-1,74.35897435897436,10.0
Act 2,s2,70,38,38.0,0.8619711163796877,0.64705884,373.36842105263156,482.0263157894737,False,65.13156159776099,-131.32734775605448,,-1,0.0,38.0
Act 2,s2,1171,38,38.0,0.8583591431379318,0.25490198,2778.7105263157896,1084.5263157894738,False,46.045361834139506,-111.4567489913295,,-1,0.0,38.0
Act 2,s2,554,38,38.0,0.8392672977949444,0.48039216,1890.6315789473683,838.8684210526316,False,53.06481994627856,-117.48646601468967,,-1,0.0,38.0
Act 2,s2,158,38,38.0,0.7401961009753378,0.5882353,522.9473684210526,446.4736842105263,False,63.693733067440085,-130.91314732450968,,-1,0.0,38.0
Act 2,s2,391,37,37.0,0.8306836340878461,0.7058824,1235.6756756756756,446.94594594594594,False,57.627839210121394,-126.52645472216707,,-1,0.0,37.0
Act 2,s2,201,37,37.0,0.8267090715266563,0.25490198,668.1081081081081,279.05405405405406,False,61.875310563472866,-132.85175955729827,,-1,0.0,37.0
Act 2,s2,13,37,37.0,0.8208797175336529,0.23529412,154.43243243243242,221.05405405405406,False,66.07003545298522,-137.93287644940474,,-1,0.0,37.0
Act 2,s2,1336,37,37.0,0.8121356714416195,0.0,2909.2972972972975,1225.6486486486488,False,45.13301132360505,-109.2878273545924,,-1,0.0,37.0
Act 2,s2,561,37,37.0,0.7898781224078423,0.029411767,1901.1351351351352,645.1621621621622,False,52.578602652928595,-120.36558180565163,,-1,0.0,37.0
Act 2,s2,108,37,37.0,0.7390037259540042,0.42156863,406.7837837837838,351.3243243243243,False,64.37306414958937,-133.48529959877683,,-1,0.0,37.0
Act 2,s2,1128,36,36.0,0.8856209251615736,0.7156863,2766.027777777778,826.1388888888889,False,45.75589906055158,-114.96844412202364,,-1,100.0,0.0
Act 2,s2,361,36,36.0,0.8115468488799201,0.46078432,1213.2777777777778,209.86111111111111,False,57.11269884409322,-130.4440726249614,,-1,97.22222222222223,1.0
Act 2,s2,294,36,36.0,0.8033769180377325,0.57843137,965.0833333333334,276.0,False,59.37312052666385,-130.91077327580317,,-1,0.0,36.0
Act 2,s2,643,36,36.0,0.7905773528748088,0.4509804,2024.0,826.3611111111111,False,51.925297648061665,-117.21519103951987,,-1,100.0,0.0
Act 2,s2,578,35,35.0,0.8364145823887417,0.7156863,1929.857142857143,863.5142857142857,False,52.78316102558503,-116.97745124583024,,-1,0.0,35.0
Act 2,s2,203,35,35.0,0.7915966489485332,0.15686275,673.0285714285715,442.0571428571429,False,62.37881954155159,-129.97205372622597,,-1,0.0,35.0
Act 2,s2,372,35,35.0,0.7100840500422887,0.3627451,1218.9714285714285,403.0571428571429,False,57.643323928470004,-127.32718152554162,,-1,0.0,35.0
Act 2,s2,631,34,34.0,0.929930799147662,0.7156863,2006.0294117647059,861.2941176470588,False,52.1412114420402,-116.75455166211995,,-1,100.0,0.0
Act 2,s2,1068,34,34.0,0.8664936668732587,0.61764705,2732.735294117647,901.0,False,46.15539671045516,-114.05037601418024,,-1,0.0,34.0
Act 2,s2,638,34,34.0,0.7324106184875264,0.27450982,2019.6764705882354,712.7352941176471,False,51.736920036043706,-118.91402416698939,,-1,0.0,34.0
Act 2,s2,882,33,33.0,0.8321449901118423,0.5294118,2331.6969696969695,708.6060606060606,False,49.14149533382888,-117.8896178044745,,-1,100.0,0.0
Act 2,s2,1223,33,33.0,0.7831253878998033,0.5294118,2805.5454545454545,855.030303030303,False,45.47587875694769,-114.47670933016931,,-1,100.0,0.0
Act 2,s2,1443,32,32.0,0.9528186284005642,0.7058824,3242.03125,1056.0,False,42.13635612664305,-110.85121036112707,,-1,0.0,32.0
Act 2,s2,30,32,32.0,0.8409926630556583,0.6960784,257.15625,431.6875,False,65.98689281988568,-133.14799223600693,,-1,0.0,32.0
Act 2,s2,379,32,32.0,0.7769607957452536,0.45098042,1224.4375,203.6875,False,57.001900322849316,-130.47446750681334,,-1,96.875,1.0
Act 2,s2,1413,32,32.0,0.7714460864663124,0.3137255,3047.15625,1205.09375,False,43.95372883197905,-109.3023130944499,,-1,96.875,1.0
Act 2,s2,810,32,32.0,0.7545956019312143,0.42156863,2243.4375,888.6875,False,50.207701489469294,-115.59747951563205,,-1,34.375,21.0
Act 2,s2,31,31,31.0,0.8497786271956659,0.29411766,258.64516129032256,150.32258064516128,False,64.87583325050751,-138.31751796720442,,-1,0.0,31.0
Act 2,s2,830,31,31.0,0.786527531762277,0.7156863,2260.935483870968,688.3870967741935,False,49.687302872532804,-118.41476120533535,,-1,100.0,0.0
Act 2,s2,1192,31,31.0,0.7833649698765047,0.37254903,2792.451612903226,858.4193548387096,False,45.59016661231523,-114.46596241155596,,-1,96.7741935483871,1.0
Act 2,s2,1275,31,31.0,0.7631246142329708,0.09803922,2842.3548387096776,1047.5483870967741,False,45.46249271699835,-111.81227057063096,,-1,0.0,31.0
Act 2,s2,539,30,30.0,0.8140522976716359,0.3529412,1853.1666666666667,716.5333333333333,False,53.13082497666916,-119.47854142694845,,-1,76.66666666666667,7.0
Act 2,s2,888,30,30.0,0.7457516461610794,0.20588236,2337.3,898.8333333333334,False,49.44265067250023,-115.17201754258657,,-1,0.0,30.0
Act 2,s2,194,29,29.0,0.9293441587481005,0.54901963,626.3103448275862,387.7931034482759,False,62.60226908513409,-131.24533953655447,,-1,0.0,29.0
Act 2,s2,597,29,29.0,0.8725490261768473,0.63725495,1970.7931034482758,723.3448275862069,False,52.1651858205713,-118.93547584833823,,-1,0.0,29.0
Act 2,s2,432,29,29.0,0.7454361237328628,0.5686275,1317.7586206896551,360.1034482758621,False,56.700204707990906,-127.47075084954007,,-1,41.37931034482759,17.0
Act 2,s2,520,29,29.0,0.7410412484715725,0.058823533,1834.4827586206898,727.4827586206897,False,53.30975180947032,-119.384024259455,,-1,17.24137931034483,24.0
Act 2,s2,25,28,28.0,0.8858543442828315,0.60784316,214.53571428571428,173.92857142857142,False,65.35251700530755,-138.27223436428454,,-1,0.0,28.0
Act 2,s2,12,28,28.0,0.8637955231325967,0.50980395,146.57142857142858,291.39285714285717,False,66.4277393774929,-136.6919082019029,,-1,0.0,28.0
Act 2,s2,395,28,28.0,0.8431372727666583,0.7156863,1244.5714285714287,211.07142857142858,False,56.85977568212343,-130.23826939292914,,-1,100.0,0.0
Act 2,s2,252,28,28.0,0.8403361387816923,0.04901961,761.3571428571429,522.4642857142857,False,61.86874453608641,-127.98994727818413,,-1,0.0,28.0
Act 2,s2,57,28,28.0,0.7864145785570145,0.42156863,344.07142857142856,124.10714285714286,False,64.04088864424935,-138.0587999853658,,-1,0.0,28.0
Act 2,s2,518,28,28.0,0.7829131744801998,0.1764706,1832.5714285714287,643.3571428571429,False,53.14418019077043,-120.66493337992763,,-1,0.0,28.0
Act 2,s2,80,28,28.0,0.6988795708332743,0.30392158,384.2857142857143,331.4642857142857,False,64.49615748427604,-134.01835878763885,,-1,0.0,28.0
Act 2,s2,343,27,27.0,0.8456790226477163,0.7058824,1193.3703703703704,214.59259259259258,False,57.290914766585075,-130.48901474120424,,-1,100.0,0.0
Act 2,s2,550,27,27.0,0.8224400933142062,0.37254903,1877.3333333333333,708.3703703703703,False,52.912180406402065,-119.50946482950471,,-1,0.0,27.0
Act 2,s2,866,27,27.0,0.807552659953082,0.7058824,2299.4814814814813,668.8518518518518,False,49.32943526116356,-118.55964275795505,,-1,100.0,0.0
Act 2,s2,1348,27,27.0,0.632897620399793,0.0,2916.1111111111113,1055.7407407407406,False,44.85823724842777,-111.53882124780606,,-1,0.0,27.0
Act 2,s2,822,26,26.0,0.8525641102057236,0.5,2253.1153846153848,941.1538461538462,False,50.216868177056284,-114.80921085560607,,-1,26.923076923076923,19.0
Act 2,s2,880,26,26.0,0.8031674245229135,0.49019608,2321.3076923076924,714.8461538461538,False,49.239630715871826,-117.83594272476583,,-1,96.15384615384616,1.0
Act 2,s2,300,26,26.0,0.7982654709082383,0.6862745,1035.4615384615386,253.8846153846154,False,58.71764410606339,-130.82871635766622,,-1,0.0,26.0
Act 2,s2,1255,26,26.0,0.7552790573010078,0.6666667,2830.5,927.7307692307693,False,45.3843234860941,-113.44292058281533,,-1,100.0,0.0
Act 2,s2,1015,25,25.0,0.9019607877731324,0.61764705,2670.12,940.2,False,46.738573641034215,-113.68026920120079,,-1,0.0,25.0
Act 2,s2,601,25,25.0,0.8470588374137878,0.63725495,1975.4,790.72,False,52.26215048978698,-117.91429560355056,,-1,100.0,0.0
Act 2,s2,1134,25,25.0,0.8368627572059631,0.5686275,2762.96,1174.32,False,46.29584178700539,-110.27042545101536,,-1,0.0,25.0
Act 2,s2,712,25,25.0,0.7960784387588501,0.5882353,2085.76,635.28,False,51.02744092635819,-119.80490378133275,,-1,100.0,0.0
Act 2,s2,891,25,25.0,0.7564706015586853,0.5882353,2339.4,859.92,False,49.357728183827696,-115.72054493061958,,-1,100.0,0.0
Act 2,s2,334,25,25.0,0.7341176652908326,0.6666667,1186.32,220.84,False,57.368375881105166,-130.43250872493812,,-1,100.0,0.0
Act 2,s2,107,25,25.0,0.7035294258594513,0.23529413,402.92,341.6,False,64.37125749634748,-133.691334867191,,-1,0.0,25.0
Act 2,s2,438,24,24.0,0.9566993514696757,0.7745098,1331.2916666666667,231.33333333333334,False,56.21089962965406,-129.41599668670605,,-1,100.0,0.0
Act 2,s2,1448,24,24.0,0.8913398782412211,0.42156863,3272.75,1054.7916666666667,False,41.87793916054751,-110.80509061408257,,-1,0.0,24.0
Act 2,s2,38,24,24.0,0.8178104609251022,0.5392157,304.6666666666667,222.79166666666666,False,64.77149704352455,-136.62397790826824,,-1,0.0,24.0
Act 2,s2,650,24,24.0,0.7961601465940475,0.7058824,2028.625,890.6666666666666,False,52.0061062412335,-116.2415292824357,,-1,45.833333333333336,13.0
Act 2,s2,541,24,24.0,0.772875831152002,0.21568628,1858.7916666666667,659.125,False,52.96084736552008,-120.32295097316839,,-1,0.0,24.0
Act 2,s2,985,23,23.0,0.8866155173467554,0.7058824,2605.521739130435,919.0434782608696,False,47.24261945882529,-114.13949285703787,,-1,0.0,23.0
Act 2,s2,1007,23,23.0,0.8580562744451605,0.37254903,2656.478260869565,741.7826086956521,False,46.5163295823114,-116.41395705176919,,-1,0.0,23.0
Act 2,s2,1309,23,23.0,0.7996590027342672,0.24509804,2863.217391304348,720.4347826086956,False,44.76770280987243,-116.1006598210081,,-1,4.3478260869565215,22.0
Act 2,s2,403,23,23.0,0.7966752000477003,0.43137255,1259.304347826087,220.7391304347826,False,56.768787923995184,-129.9993613425604,,-1,82.6086956521739,4.0
Act 2,s2,1159,23,23.0,0.7749360799789429,0.6862745,2774.391304347826,956.3913043478261,False,45.89545509877124,-113.19767389651442,,-1,0.0,23.0
Act 2,s2,308,23,23.0,0.7514919249907784,0.7254902,1098.8260869565217,206.47826086956522,False,58.04268144800089,-131.19835396076132,,-1,100.0,0.0
Act 2,s2,1313,23,23.0,0.7502131384351979,0.5294118,2864.4347826086955,1030.9130434782608,False,45.2547382670158,-111.98480869523543,,-1,0.0,23.0
Act 2,s2,855,23,23.0,0.7050298504207445,0.3627451,2287.521739130435,907.4782608695652,False,49.8724969648875,-115.19448655000717,,-1,86.95652173913044,3.0
Act 2,s2,1182,23,23.0,0.7028985645460046,0.51960784,2786.086956521739,556.0869565217391,False,45.09421562250098,-118.49044591171513,,-1,100.0,0.0
Act 2,s2,624,23,23.0,0.6432225136491267,0.029411765,2004.5217391304348,717.0869565217391,False,51.87180417420093,-118.90491646688129,,-1,0.0,23.0
Act 2,s2,1070,23,23.0,0.6359761350828669,0.16666667,2738.304347826087,623.8260869565217,False,45.62022744748852,-117.74616044207826,,-1,0.0,23.0
Act 2,s2,1278,22,22.0,0.8039215850559148,0.2254902,2840.3636363636365,1148.8636363636363,False,45.61545930818865,-110.45522161083753,,-1,0.0,22.0
Act 2,s2,1083,22,22.0,0.7847593670541589,0.6372549,2742.5,674.7727272727273,False,45.6821472795468,-117.05628546742723,,-1,95.45454545454545,1.0
Act 2,s2,88,22,22.0,0.7406417341394858,0.2254902,391.1363636363636,326.27272727272725,False,64.41743682868625,-134.05986068929448,,-1,0.0,22.0
Act 2,s2,699,22,22.0,0.7196969798004086,0.05882353,2076.5,700.6363636363636,False,51.24029159302326,-118.88609563688269,,-1,0.0,22.0
Act 2,s2,568,22,22.0,0.6671123071150347,0.0,1908.090909090909,694.6818181818181,False,52.62718707042337,-119.59788796758146,,-1,0.0,22.0
Act 2,s2,869,21,21.0,0.894957993711744,0.6764706,2301.4761904761904,720.1428571428571,False,49.4141446604952,-117.82677966371101,,-1,100.0,0.0
Act 2,s2,613,21,21.0,0.8762838528269813,0.627451,1994.0,800.952380952381,False,52.12690901442606,-117.69652086511768,,-1,100.0,0.0
Act 2,s2,402,21,21.0,0.8398692920094445,0.6960784,1255.6666666666667,506.57142857142856,False,57.62388211041272,-125.45363427926296,,-1,0.0,21.0
Act 2,s2,1395,21,21.0,0.8286648037887755,0.42156863,2992.4285714285716,954.2857142857143,False,44.07656511251989,-112.70275504074229,,-1,0.0,21.0
Act 2,s2,626,21,21.0,0.7852474451065063,0.67647064,2007.7142857142858,612.1428571428571,False,51.62333938771142,-120.4390261202264,,-1,100.0,0.0
Act 2,s2,456,20,20.0,0.91715686917305,0.7058824,1400.4,240.4,False,55.67202742374116,-128.88512516300074,,-1,100.0,0.0
Act 2,s2,430,20,20.0,0.9014705955982208,0.7254902,1313.15,233.4,False,56.3658281821381,-129.4878980062246,,-1,100.0,0.0
Act 2,s2,736,20,20.0,0.8387254940345883,0.029411767,2132.7,866.1,False,51.09151059206734,-116.2708925139532,,-1,20.0,16.0
Act 2,s2,1268,20,20.0,0.8343137323856353,0.7058824,2838.85,853.75,False,45.19722958880543,-114.40642580357013,,-1,100.0,0.0
Act 2,s2,555,20,20.0,0.808823537826538,0.57843137,1890.55,712.6,False,52.810974062868254,-119.39553424474343,,-1,0.0,20.0
Act 2,s2,348,20,20.0,0.7607843309640885,0.7058824,1197.6,240.25,False,57.33591376906311,-130.0568411654588,,-1,100.0,0.0
Act 2,s2,997,20,20.0,0.7343137457966804,0.37254903,2641.45,971.9,False,47.02669631853316,-113.3195744869418,,-1,0.0,20.0
Act 2,s2,1177,20,20.0,0.6750000135041774,0.019607844,2782.95,1020.25,False,45.91919370398046,-112.31612050427167,,-1,0.0,20.0
Act 2,s2,1144,19,19.0,0.9447884496889616,0.7156863,2768.0,873.0,False,45.81707630433594,-114.33507218085175,,-1,89.47368421052632,2.0
Act 2,s2,622,19,19.0,0.9029927818398726,0.7352941,2002.4736842105262,805.7894736842105,False,52.065564047384974,-117.59506144798705,,-1,100.0,0.0
Act 2,s2,545,19,19.0,0.8090815340217791,0.27450982,1862.7368421052631,689.421052631579,False,52.99348504419735,-119.85119275168157,,-1,0.0,19.0
Act 2,s2,37,19,19.0,0.7739938215205544,0.7058824,297.7894736842105,214.31578947368422,False,64.79732693831662,-136.83404410454668,,-1,0.0,19.0
Act 2,s2,665,19,19.0,0.7533539941436366,0.61764705,2041.4736842105262,632.3157894736842,False,51.38758977890106,-120.01445321791905,,-1,100.0,0.0
Act 2,s2,763,19,19.0,0.7528379920281862,0.4117647,2176.842105263158,871.0526315789474,False,50.73203736723052,-116.05892766620775,,-1,89.47368421052632,2.0
Act 2,s2,808,19,19.0,0.7187822649353429,0.6960784,2234.9473684210525,949.9473684210526,False,50.383462426117674,-114.73449816449332,,-1,0.0,19.0
Act 2,s2,461,19,19.0,0.7182662832109552,0.5,1428.2105263157894,298.94736842105266,False,55.61451573531257,-127.82820540448486,,-1,52.63157894736842,9.0
Act 2,s2,120,19,19.0,0.7172342758429678,0.6666667,419.63157894736844,366.3157894736842,False,64.31536587184631,-133.11584553440494,,-1,0.0,19.0
Act 2,s2,1335,18,18.0,0.8823529481887817,0.627451,2902.5555555555557,991.2777777777778,False,44.879791515055075,-112.42460145929206,,-1,0.0,18.0
Act 2,s2,482,18,18.0,0.8327886859575907,0.50980395,1525.0,437.0,False,55.19597241263486,-125.19204567723204,,-1,0.0,18.0
Act 2,s2,777,18,18.0,0.828976035118103,0.30392158,2195.6111111111113,889.0555555555555,False,50.60741112805883,-115.73824471993255,,-1,50.0,9.0
Act 2,s2,924,18,18.0,0.7630719079429077,0.009803922,2417.5555555555557,1006.9444444444445,False,48.94911078556938,-113.40936820670107,,-1,0.0,18.0
Act 2,s2,425,18,18.0,0.7331154876285129,0.5392157,1308.2777777777778,357.3888888888889,False,56.77093049152407,-127.56558382533596,,-1,33.333333333333336,12.0
Act 2,s2,948,17,17.0,0.9325259608380935,0.7254902,2474.470588235294,1014.1764705882352,False,48.4847194574667,-113.15863272059917,,-1,0.0,17.0
Act 2,s2,599,17,17.0,0.860438304788926,0.7058824,1971.6470588235295,856.1764705882352,False,52.41934659397108,-116.94645165512703,,-1,70.58823529411765,5.0
Act 2,s2,990,17,17.0,0.8535178794580347,0.5,2631.823529411765,916.4117647058823,False,47.01950474767948,-114.10573105032955,,-1,0.0,17.0
Act 2,s2,1431,17,17.0,0.8437139742514667,0.7156863,3189.9411764705883,1222.3529411764705,False,42.77722457184475,-108.82051415866283,,-1,0.0,17.0
Act 2,s2,1021,17,17.0,0.8316032299224068,0.14705883,2674.235294117647,949.0588235294117,False,46.71817324610694,-113.54877928945058,,-1,0.0,17.0
Act 2,s2,767,17,17.0,0.8102652973988477,0.23529413,2178.6470588235293,949.8235294117648,False,50.85414778788028,-114.90160888483828,,-1,0.0,17.0
Act 2,s2,1109,17,17.0,0.7745098261272206,0.47058827,2751.0,972.4117647058823,False,46.11465137354318,-113.03910536366797,,-1,0.0,17.0
Act 2,s2,429,17,17.0,0.7497116677901324,0.67647064,1311.1176470588234,363.47058823529414,False,56.764798833989516,-127.45366945101499,,-1,35.294117647058826,11.0
Act 2,s2,1041,17,17.0,0.73183393127778,0.24509805,2707.8823529411766,950.2352941176471,False,46.43981346379734,-113.44720302627083,,-1,0.0,17.0
Act 2,s2,1045,17,17.0,0.6632064633509692,0.0,2708.5882352941176,586.9411764705883,False,45.79308193859338,-118.32948547608954,,-1,0.0,17.0
Act 2,s2,282,16,16.0,0.8921568766236305,0.7156863,899.9375,333.1875,False,60.10098876764575,-130.37376517680022,,-1,0.0,16.0
Act 2,s2,726,16,16.0,0.856617659330368,0.7058824,2104.375,941.6875,False,51.462050311522354,-115.24468918443016,,-1,0.0,16.0
Act 2,s2,1251,16,16.0,0.8321078531444073,0.6960784,2825.75,782.875,False,45.18714340317033,-115.38149188616059,,-1,100.0,0.0
Act 2,s2,679,15,15.0,0.9281045794487,0.7156863,2057.8,908.0,False,51.793024333580966,-115.88968125932561,,-1,0.0,15.0
Act 2,s2,1380,15,15.0,0.9163398702939352,0.7254902,2957.0666666666666,862.1333333333333,False,44.2288666074232,-113.99322664985192,,-1,0.0,15.0
Act 2,s2,707,15,15.0,0.9052287737528483,0.754902,2085.266666666667,709.3333333333334,False,51.18524176205292,-118.72750680180235,,-1,0.0,15.0
Act 2,s2,567,15,15.0,0.8248366196950276,0.5588235,1907.3333333333333,844.6,False,52.935919209157724,-117.34126110843656,,-1,0.0,15.0
Act 2,s2,988,15,15.0,0.7614379247029622,0.5588236,2611.4,902.3333333333334,False,47.16661424701436,-114.35345177512448,,-1,93.33333333333333,1.0
Act 2,s2,460,15,15.0,0.759477146466573,0.7156863,1416.4666666666667,297.2,False,55.70598441760969,-127.91878489570215,,-1,80.0,3.0
Act 2,s2,311,15,15.0,0.7535947879155477,0.7058824,1102.7333333333333,201.0,False,57.992950355589706,-131.26173326777408,,-1,100.0,0.0
Act 2,s2,448,15,15.0,0.7464052418867747,0.47058824,1343.0,336.4,False,56.42369681872399,-127.70688392641972,,-1,53.333333333333336,7.0
Act 2,s2,627,15,15.0,0.7300653656323751,0.46078432,2004.9333333333334,653.1333333333333,False,51.73474308186726,-119.8473181717249,,-1,93.33333333333333,1.0
Act 2,s2,1400,15,15.0,0.7130719085534414,0.29411766,3005.5333333333333,721.5333333333333,False,43.59201066266439,-115.6919265835551,,-1,0.0,15.0
Act 2,s2,413,15,15.0,0.7104575395584106,0.60784316,1292.5333333333333,288.0,False,56.698746690276664,-128.74964741629833,,-1,100.0,0.0
Act 2,s2,669,14,14.0,0.8522409072944096,0.5294118,2043.7142857142858,909.1428571428571,False,51.91302092650107,-115.91737596271363,,-1,7.142857142857143,13.0
Act 2,s2,1397,14,14.0,0.8382353016308376,0.7058824,2997.8571428571427,879.8571428571429,False,43.917888841527635,-113.66074706506889,,-1,0.0,14.0
Act 2,s2,1293,14,14.0,0.8074229870523725,0.4019608,2853.0714285714284,1164.7857142857142,False,45.52942309422551,-110.21480867777848,,-1,0.0,14.0
Act 2,s2,1250,14,14.0,0.7871148525071996,0.039215688,2824.3571428571427,1149.0,False,45.74955635761728,-110.48658842058661,,-1,0.0,14.0
Act 2,s2,354,14,14.0,0.7864145806857518,0.60784316,1203.357142857143,212.5,False,57.20236385001333,-130.46198630710302,,-1,100.0,0.0
Act 2,s2,1107,14,14.0,0.77100841488157,0.6960784,2751.3571428571427,797.5,False,45.8288436134854,-115.39220635938698,,-1,7.142857142857143,13.0
Act 2,s2,1035,14,14.0,0.6967787274292537,0.22549021,2697.4285714285716,928.5714285714286,False,46.49294989675625,-113.76829554428275,,-1,0.0,14.0
Act 2,s2,1043,14,14.0,0.5756302550435066,0.0,2707.785714285714,767.5,False,46.13757108647292,-115.91778513994754,,-1,0.0,14.0
Act 2,s2,930,13,13.0,0.9132729998001685,0.7352941,2443.0,836.8461538461538,False,48.455716605516244,-115.7374399290112,,-1,0.0,13.0
Act 2,s2,950,13,13.0,0.8914027271362451,0.21568628,2485.846153846154,766.3076923076923,False,47.97379073159781,-116.5914271253465,,-1,0.0,13.0
Act 2,s2,1426,13,13.0,0.8717948794364929,0.7156863,3169.4615384615386,1212.6153846153845,False,42.93772226232448,-108.98227026073425,,-1,0.0,13.0
Act 2,s2,1074,13,13.0,0.8597285134287981,0.10784314,2735.4615384615386,891.7692307692307,False,46.11789007760997,-114.16786556976342,,-1,0.0,13.0
Act 2,s2,1415,13,13.0,0.8114630625798152,0.54901963,3054.6153846153848,1072.2307692307693,False,43.72400168645424,-111.02560745269952,,-1,0.0,13.0
Act 2,s2,1133,13,13.0,0.8107088987643902,0.5392157,2762.3076923076924,678.0,False,45.524583458179734,-116.95408048034399,,-1,84.61538461538461,2.0
Act 2,s2,854,13,13.0,0.8061840167412391,0.627451,2283.5384615384614,943.7692307692307,False,49.96708585238615,-114.68326381206178,,-1,100.0,0.0
Act 2,s2,909,13,13.0,0.7812971472740173,0.6764706,2383.0,833.3846153846154,False,48.948210430688526,-115.96548851918915,,-1,100.0,0.0
Act 2,s2,335,13,13.0,0.7564102686368502,0.7058824,1184.923076923077,279.9230769230769,False,57.56220821334999,-129.49999284718663,,-1,46.15384615384615,7.0
Act 2,s2,1363,13,13.0,0.7179487347602844,0.5686275,2935.153846153846,787.6923076923077,False,44.2885574231007,-115.02260710145993,,-1,100.0,0.0
Act 2,s2,566,13,13.0,0.6568627672699782,0.10784314,1905.0,711.6923076923077,False,52.68871593826636,-119.35452355181219,,-1,0.0,13.0
Act 2,s2,519,13,13.0,0.5859728527183716,0.05882353,1831.4615384615386,695.3076923076923,False,53.26662550845562,-119.88381558248719,,-1,7.6923076923076925,12.0
Act 2,s2,416,12,12.0,0.8717320362726847,0.7156863,1297.8333333333333,405.75,False,56.99462970440617,-126.8533093776794,,-1,0.0,12.0
Act 2,s2,946,12,12.0,0.8521241918206215,0.49019608,2474.4166666666665,799.5833333333334,False,48.12879269163393,-116.16396087753337,,-1,0.0,12.0
Act 2,s2,496,12,12.0,0.845588261882464,0.5686275,1668.8333333333333,722.0833333333334,False,54.683552734720585,-120.11881307276494,,-1,0.0,12.0
Act 2,s2,1280,12,12.0,0.8398692881067594,0.43137255,2841.0,942.5833333333334,False,45.31979085201464,-113.21887941009707,,-1,16.666666666666668,10.0
Act 2,s2,1241,12,12.0,0.8145424922307333,0.48039216,2817.0,646.8333333333334,False,45.01494055985922,-117.20253093055739,,-1,0.0,12.0
Act 2,s2,1381,12,12.0,0.8039215778311094,0.23529413,2955.0,897.75,False,44.30217655623147,-113.53217596825439,,-1,0.0,12.0
Act 2,s2,290,12,12.0,0.7875817020734152,0.2647059,950.75,215.75,False,59.29576490524588,-131.99450163947452,,-1,0.0,12.0
Act 2,s2,683,12,12.0,0.7491830221066872,0.0,2062.8333333333335,775.6666666666666,False,51.50380414213232,-117.83288163977289,,-1,0.0,12.0
Act 2,s2,510,12,12.0,0.7418300857146581,0.7156863,1752.0833333333333,743.1666666666666,False,54.03155152167377,-119.46201271195008,,-1,91.66666666666667,1.0
Act 2,s2,700,12,12.0,0.589869286864996,0.0,2074.4166666666665,710.75,False,51.27818714255971,-118.745596050446,,-1,0.0,12.0
Act 2,s2,596,11,11.0,0.9126559712670066,0.65686274,1965.4545454545455,745.3636363636364,False,52.25455958281103,-118.62696857777617,,-1,0.0,11.0
Act 2,s2,1140,11,11.0,0.8975044597278942,0.5,2765.5454545454545,990.3636363636364,False,46.020395912526986,-112.76105975039707,,-1,0.0,11.0
Act 2,s2,761,11,11.0,0.8859180103648793,0.754902,2167.4545454545455,946.9090909090909,False,50.94286900480146,-114.97760066634491,,-1,0.0,11.0
Act 2,s2,833,11,11.0,0.8386809392408892,0.7156863,2257.2727272727275,887.5454545454545,False,50.090316839690146,-115.57208759390927,,-1,72.72727272727273,3.0
Act 2,s2,907,11,11.0,0.8172905607657,0.64705884,2373.818181818182,822.0,False,49.00419047821781,-116.15420343963187,,-1,27.272727272727273,8.0
Act 2,s2,264,11,11.0,0.808377899906852,0.7058824,800.5454545454545,272.1818181818182,False,60.73596973540485,-132.05381592123658,,-1,0.0,11.0
Act 2,s2,172,11,11.0,0.7611408287828619,0.6960784,571.0909090909091,477.45454545454544,False,63.37679501264616,-130.022243134094,,-1,0.0,11.0
Act 2,s2,421,11,11.0,0.7504456476731733,0.6666667,1304.5454545454545,288.0,False,56.599801300380335,-128.68168283744095,,-1,100.0,0.0
Act 2,s2,1399,11,11.0,0.7379679293795065,0.068627454,2998.7272727272725,715.7272727272727,False,43.638192542724305,-115.78533769757387,,-1,0.0,11.0
Act 2,s2,963,11,11.0,0.7299465374513106,0.47058827,2521.5454545454545,885.3636363636364,False,47.88595731798024,-114.83450544751797,,-1,100.0,0.0
Act 2,s2,97,11,11.0,0.707664893432097,0.39215687,397.09090909090907,341.6363636363636,False,64.42210576379264,-133.73517170264242,,-1,0.0,11.0
Act 2,s2,964,11,11.0,0.7032085657119751,0.48039216,2534.3636363636365,881.9090909090909,False,47.77356461073054,-114.84662250247506,,-1,100.0,0.0
Act 2,s2,677,11,11.0,0.5855615091594782,0.0,2053.090909090909,762.3636363636364,False,51.55880388861689,-118.0628013865646,,-1,0.0,11.0
Act 2,s2,639,11,11.0,0.5525846808979457,0.0,2018.5454545454545,726.2727272727273,False,51.773942282359826,-118.71820290803,,-1,0.0,11.0
Act 2,s2,406,10,10.0,0.9166666686534881,0.8235294,1280.3,227.9,False,56.61850919176718,-129.76410512248697,,-1,100.0,0.0
Act 2,s2,102,10,10.0,0.9098039329051971,0.7156863,399.4,193.9,False,63.84594800120706,-136.36923803872165,,-1,0.0,10.0
Act 2,s2,42,10,10.0,0.9068627476692199,0.7254902,326.4,315.6,False,64.94135339008595,-134.7602845526618,,-1,0.0,10.0
Act 2,s2,668,10,10.0,0.8764706015586853,0.7058824,2045.2,903.3,False,51.89012205725103,-115.99976648967719,,-1,10.0,9.0
Act 2,s2,906,10,10.0,0.8696078479290008,0.5294118,2368.8,737.9,False,48.89057171759923,-117.35564196861438,,-1,0.0,10.0
Act 2,s2,904,10,10.0,0.8676470756530762,0.54901963,2363.0,703.7,False,48.872919192309574,-117.85517086887661,,-1,0.0,10.0
Act 2,s2,405,10,10.0,0.8598039269447326,0.7745098,1269.9,224.8,False,56.694338321884175,-129.87344773787697,,-1,100.0,0.0
Act 2,s2,1347,10,10.0,0.8343137443065644,0.67647064,2915.5,997.5,False,44.7809354842043,-112.31226034622873,,-1,0.0,10.0
Act 2,s2,978,10,10.0,0.8274509966373443,0.65686274,2588.9,932.2,False,47.40212132809721,-114.00239693015008,,-1,0.0,10.0
Act 2,s2,590,10,10.0,0.8235294222831726,0.5882353,1954.4,740.0,False,52.33574760844682,-118.74726704007641,,-1,0.0,10.0
Act 2,s2,47,10,10.0,0.7901960968971252,0.5392157,334.0,96.3,False,64.01338666862901,-138.63399052319502,,-1,0.0,10.0
Act 2,s2,40,10,10.0,0.7852941282093525,0.058823533,314.1,112.4,False,64.2476601365157,-138.51913626136093,,-1,0.0,10.0
Act 2,s2,999,10,10.0,0.779411780834198,0.45098042,2641.3,981.6,False,47.042826075701264,-113.18674136337508,,-1,0.0,10.0
Act 2,s2,782,10,10.0,0.7774509847164154,0.7254902,2199.5,706.0,False,50.23116414017154,-118.37437878066702,,-1,100.0,0.0
Act 2,s2,19,10,10.0,0.7696078509092331,0.23529413,184.7,215.2,False,65.7814582872307,-137.77713336807602,,-1,0.0,10.0
Act 2,s2,419,10,10.0,0.7392156898975373,0.7058824,1303.4,275.2,False,56.57126430929942,-128.8893140575822,,-1,100.0,0.0
Act 2,s2,794,10,10.0,0.7284313857555389,0.4901961,2212.0,908.5,False,50.504581998165115,-115.40525677464632,,-1,60.0,4.0
Act 2,s2,193,10,10.0,0.7127451173961162,0.078431375,618.8,251.7,False,62.196568252819254,-133.6781613553871,,-1,0.0,10.0
Act 2,s2,548,10,10.0,0.7058823823928833,0.5196079,1869.5,627.5,False,52.80233254987852,-120.75525346305757,,-1,0.0,10.0
Act 2,s2,1116,9,9.0,0.9705882337358263,0.7745098,2755.1111111111113,675.5555555555555,False,45.57947067674442,-117.00804992950242,,-1,100.0,0.0
Act 2,s2,1274,9,9.0,0.9422657953368293,0.8333334,2839.4444444444443,976.3333333333334,False,45.38368163003976,-112.77210493329328,,-1,0.0,9.0
Act 2,s2,1295,9,9.0,0.9281045794487,0.74509805,2852.222222222222,1181.6666666666667,False,45.557709052277836,-109.98929524324285,,-1,0.0,9.0
Act 2,s2,54,9,9.0,0.9161220060454475,0.7745098,342.22222222222223,397.55555555555554,False,65.10674210618485,-133.1291217914572,,-1,0.0,9.0
Act 2,s2,185,9,9.0,0.9150326781802707,0.7254902,600.6666666666666,445.44444444444446,False,63.01484629633284,-130.3966036015233,,-1,0.0,9.0
Act 2,s2,981,9,9.0,0.8986928198072646,0.4901961,2592.777777777778,901.2222222222222,False,47.319704309032495,-114.41903256521239,,-1,0.0,9.0
Act 2,s2,591,9,9.0,0.8856209317843119,0.7156863,1955.5555555555557,883.0,False,52.604167118947224,-116.59655100388251,,-1,0.0,9.0
Act 2,s2,1172,9,9.0,0.8627451062202454,0.7647059,2780.4444444444443,682.6666666666666,False,45.38342490045562,-116.83830172130867,,-1,100.0,0.0
Act 2,s2,1239,9,9.0,0.8562091655201383,0.7156863,2814.3333333333335,743.6666666666666,False,45.21338005426276,-115.93250115596304,,-1,0.0,9.0
Act 2,s2,142,9,9.0,0.8442265854941474,0.34313726,456.55555555555554,562.6666666666666,False,64.66308814347147,-129.238257281795,,-1,0.0,9.0
Act 2,s2,169,9,9.0,0.8344226876894633,0.7254902,553.5555555555555,413.6666666666667,False,63.31699336744587,-131.2900777730762,,-1,0.0,9.0
Act 2,s2,576,9,9.0,0.8169934617148505,0.7058824,1928.7777777777778,725.2222222222222,False,52.51883846340413,-119.06264657960378,,-1,0.0,9.0
Act 2,s2,803,9,9.0,0.8137255046102736,0.74509805,2233.1111111111113,694.3333333333334,False,49.929485255165666,-118.42559699933221,,-1,100.0,0.0
Act 2,s2,636,9,9.0,0.7962963117493523,0.5686275,2011.5555555555557,721.1111111111111,False,51.821552057711,-118.8198038506744,,-1,0.0,9.0
Act 2,s2,1444,9,9.0,0.7930283347765604,0.74509805,3234.3333333333335,1245.6666666666667,False,42.431133349108805,-108.44448616060701,,-1,0.0,9.0
Act 2,s2,649,9,9.0,0.7755991352929009,0.60784316,2026.6666666666667,784.3333333333334,False,51.82204419963254,-117.83011353128893,,-1,0.0,9.0
Act 2,s2,1257,9,9.0,0.761437917749087,0.19607843,2828.777777777778,1154.3333333333333,False,45.7194209711887,-110.4054422814511,,-1,0.0,9.0
Act 2,s2,94,9,9.0,0.7429194019900428,0.25490198,395.1111111111111,321.22222222222223,False,64.3642773335286,-134.12081444901443,,-1,0.0,9.0
Act 2,s2,1193,9,9.0,0.7418300840589735,0.7058824,2790.4444444444443,868.3333333333334,False,45.62302591276429,-114.3386931332732,,-1,88.88888888888889,1.0
Act 2,s2,151,9,9.0,0.7363834579785665,0.57843137,467.6666666666667,444.3333333333333,False,64.16963946063049,-131.3424982883104,,-1,0.0,9.0
Act 2,s2,1037,9,9.0,0.7080610162682004,0.27450982,2699.8888888888887,1010.8888888888889,False,46.59831059071022,-112.64108318939603,,-1,0.0,9.0
Act 2,s2,1114,9,9.0,0.7037037147416009,0.6862745,2753.3333333333335,813.4444444444445,False,45.83972610593488,-115.173149364472,,-1,0.0,9.0
Act 2,s2,147,9,9.0,0.6938997838232253,0.5,461.77777777777777,457.6666666666667,False,64.26688248055751,-131.140665442066,,-1,0.0,9.0
Act 2,s2,1027,9,9.0,0.6928104659956362,0.0,2683.3333333333335,844.3333333333334,False,46.47278972586207,-114.94915097723964,,-1,0.0,9.0
Act 2,s2,923,9,9.0,0.544662324918641,0.0,2413.5555555555557,797.4444444444445,False,48.62994157860553,-116.37850348511957,,-1,0.0,9.0
Act 2,s2,1217,8,8.0,0.991421565413475,0.9313725,2800.5,1052.0,False,45.81812576338519,-111.84726585951185,,-1,0.0,8.0
Act 2,s2,1129,8,8.0,0.946078434586525,0.8333334,2762.0,880.375,False,45.87890382525696,-114.25178675574351,,-1,87.5,1.0
Act 2,s2,676,8,8.0,0.9313725531101227,0.74509805,2054.125,741.375,False,51.50851251564176,-118.36831575219814,,-1,0.0,8.0
Act 2,s2,1354,8,8.0,0.9240196123719215,0.7058824,2922.625,916.25,False,44.60011250326141,-113.36832270256683,,-1,0.0,8.0
Act 2,s2,603,8,8.0,0.9166666716337204,0.78431374,1975.5,740.5,False,52.161026798404656,-118.66298854432354,,-1,0.0,8.0
Act 2,s2,1440,8,8.0,0.9154411852359772,0.7156863,3226.25,1241.125,False,42.49389812240112,-108.51644754592654,,-1,0.0,8.0
Act 2,s2,1,8,8.0,0.8835784196853638,0.57843137,98.875,338.75,False,67.04528353050884,-136.20684472159866,,-1,0.0,8.0
Act 2,s2,1333,8,8.0,0.832107849419117,0.2647059,2897.75,1231.25,False,45.23638874102968,-109.23457152370125,,-1,0.0,8.0
Act 2,s2,1261,8,8.0,0.8272058889269829,0.6666667,2834.125,891.5,False,45.297318695670334,-113.91672323814343,,-1,0.0,8.0
Act 2,s2,526,8,8.0,0.8137254938483238,0.5686275,1839.0,652.625,False,53.11117523684292,-120.49940286446888,,-1,0.0,8.0
Act 2,s2,1314,8,8.0,0.8088235482573509,0.7254902,2865.0,752.5,False,44.80945230525357,-115.67420310763906,,-1,0.0,8.0
Act 2,s2,82,8,8.0,0.8039215803146362,0.5,382.125,353.25,False,64.59504001235696,-133.63810988894883,,-1,0.0,8.0
Act 2,s2,226,8,8.0,0.7990196198225021,0.7352941,703.0,584.875,False,62.56244322777233,-127.2408825557889,,-1,0.0,8.0
Act 2,s2,476,8,8.0,0.7794117778539658,0.59803927,1461.625,442.0,False,55.734061260386426,-125.42922966853943,,-1,0.0,8.0
Act 2,s2,1304,8,8.0,0.7781862989068031,0.7058824,2858.5,756.0,False,44.8693721552592,-115.64613774631476,,-1,50.0,4.0
Act 2,s2,1034,8,8.0,0.7781862765550613,0.7058824,2692.875,935.25,False,46.541367451674276,-113.68919705690435,,-1,0.0,8.0
Act 2,s2,897,8,8.0,0.7671568840742111,0.67647064,2349.0,854.625,False,49.268526847895025,-115.76700456639051,,-1,100.0,0.0
Act 2,s2,293,8,8.0,0.7659313753247261,0.7254902,963.75,210.625,False,59.171166457441345,-131.9934751266472,,-1,62.5,3.0
Act 2,s2,1344,8,8.0,0.7610294222831726,0.44117647,2910.625,1050.5,False,44.896778460791566,-111.62048477041921,,-1,0.0,8.0
Act 2,s2,1370,8,8.0,0.7573529705405235,0.7058824,2941.75,808.5,False,44.268679551618895,-114.73343948205364,,-1,0.0,8.0
Act 2,s2,697,8,8.0,0.7500000074505806,0.7254902,2074.0,641.125,False,51.137148863777604,-119.76372269028954,,-1,100.0,0.0
Act 2,s2,161,8,8.0,0.7487745136022568,0.7254902,534.25,421.875,False,63.51227436187992,-131.2780145875147,,-1,0.0,8.0
Act 2,s2,1277,8,8.0,0.7426470667123795,0.57843137,2840.75,863.375,False,45.19711054671419,-114.27367357792293,,-1,100.0,0.0
Act 2,s2,93,8,8.0,0.7316176667809486,0.7058824,395.625,315.5,False,64.3386704524567,-134.22048195725105,,-1,0.0,8.0
Act 2,s2,654,8,8.0,0.7303921729326248,0.6666667,2029.5,680.0,False,51.587659607839484,-119.3601782182437,,-1,0.0,8.0
Act 2,s2,1156,8,8.0,0.7218137383460999,0.7058824,2772.625,654.875,False,45.39622025547664,-117.22969741786248,,-1,100.0,0.0
Act 2,s2,653,8,8.0,0.719362773001194,0.61764705,2030.375,642.0,False,51.50019428129245,-119.91466652537356,,-1,100.0,0.0
Act 2,s2,813,8,8.0,0.7156862914562225,0.43137255,2239.75,912.5,False,50.27978356177966,-115.26384440347935,,-1,0.0,8.0
Act 2,s2,645,8,8.0,0.7144607864320278,0.4117647,2024.125,864.875,False,51.996489252380435,-116.64112430746121,,-1,50.0,4.0
Act 2,s2,1142,7,7.0,0.9173669474465507,0.78431374,2767.714285714286,670.0,False,45.46506230466678,-117.04406459553081,,-1,100.0,0.0
Act 2,s2,775,7,7.0,0.9131652797971453,0.78431374,2187.285714285714,712.2857142857143,False,50.344917697661465,-118.3261546483951,,-1,14.285714285714286,6.0
Act 2,s2,417,7,7.0,0.9089635866028922,0.7745098,1297.142857142857,231.0,False,56.48980953666316,-129.61775945392063,,-1,100.0,0.0
Act 2,s2,1402,7,7.0,0.9061624748366219,0.6960784,3009.1428571428573,714.2857142857143,False,43.54946170486173,-115.77549260986613,,-1,0.0,7.0
Act 2,s2,1131,7,7.0,0.889355753149305,0.7058824,2762.285714285714,585.4285714285714,False,45.34804464324897,-118.17943670648836,,-1,0.0,7.0
Act 2,s2,1039,7,7.0,0.8739495873451233,0.7156863,2703.5714285714284,921.4285714285714,False,46.430534668895106,-113.84945432883109,,-1,0.0,7.0
Act 2,s2,1150,7,7.0,0.8669467908995492,0.7058824,2770.714285714286,758.1428571428571,False,45.59998784746721,-115.86365416605902,,-1,100.0,0.0
Act 2,s2,1145,7,7.0,0.8655462350164141,0.7156863,2768.8571428571427,897.8571428571429,False,45.850034641021175,-113.99906421700655,,-1,0.0,7.0
Act 2,s2,1203,7,7.0,0.8417367168835231,0.754902,2792.714285714286,751.8571428571429,False,45.4067798922463,-115.8850024928488,,-1,0.0,7.0
Act 2,s2,563,7,7.0,0.8417367083685738,0.7254902,1902.4285714285713,703.4285714285714,False,52.692772243137796,-119.48827198801273,,-1,0.0,7.0
Act 2,s2,1108,7,7.0,0.8389355880873544,0.20588237,2749.4285714285716,889.2857142857143,False,45.99778569805971,-114.1648159412366,,-1,0.0,7.0
Act 2,s2,901,7,7.0,0.8319327788693565,0.49019608,2353.4285714285716,719.8571428571429,False,48.98337645699783,-117.65944506945768,,-1,0.0,7.0
Act 2,s2,817,7,7.0,0.8277311154774257,0.7156863,2243.0,928.8571428571429,False,50.28060390900241,-115.0170913237053,,-1,0.0,7.0
Act 2,s2,318,7,7.0,0.8277311069624764,0.64705884,1163.0,198.42857142857142,False,57.48942175233446,-130.92985570251923,,-1,100.0,0.0
Act 2,s2,269,7,7.0,0.8221288664000375,0.7156863,817.2857142857143,548.5714285714286,False,61.46445172452888,-127.19217225473385,,-1,0.0,7.0
Act 2,s2,718,7,7.0,0.8151260699544635,0.6960784,2094.714285714286,703.8571428571429,False,51.09571663733171,-118.77371231197537,,-1,0.0,7.0
Act 2,s2,957,7,7.0,0.8151260529245649,0.7156863,2496.4285714285716,968.5714285714286,False,48.23055359652371,-113.74197378422879,,-1,0.0,7.0
Act 2,s2,454,7,7.0,0.8025210159165519,0.7254902,1379.2857142857142,256.7142857142857,False,55.893213678260494,-128.75063521023515,,-1,100.0,0.0
Act 2,s2,105,7,7.0,0.7997198956353324,0.7058824,400.57142857142856,250.71428571428572,False,64.05342164538347,-135.3479219804978,,-1,0.0,7.0
Act 2,s2,903,7,7.0,0.7843137383460999,0.7058824,2361.5714285714284,856.5714285714286,False,49.167348924458054,-115.70165587128803,,-1,100.0,0.0
Act 2,s2,655,7,7.0,0.7829131824629647,0.627451,2032.5714285714287,750.1428571428571,False,51.70533478224117,-118.31535207201621,,-1,0.0,7.0
Act 2,s2,949,7,7.0,0.781512622322355,0.39215687,2475.0,765.5714285714286,False,48.06231750426176,-116.6348817280802,,-1,0.0,7.0
Act 2,s2,16,7,7.0,0.774509819490569,0.18627451,173.57142857142858,248.0,False,66.01314281693196,-137.26822035877137,,-1,0.0,7.0
Act 2,s2,745,7,7.0,0.7717087098530361,0.7058824,2145.1428571428573,802.8571428571429,False,50.870703729272016,-117.15584957128219,,-1,0.0,7.0
Act 2,s2,85,7,7.0,0.7577030999319894,0.57843137,386.14285714285717,305.14285714285717,False,64.38243844527115,-134.48142080549377,,-1,0.0,7.0
Act 2,s2,1350,7,7.0,0.7450980544090271,0.4019608,2916.4285714285716,1019.2857142857143,False,44.804477340283164,-112.02159758181396,,-1,0.0,7.0
Act 2,s2,331,7,7.0,0.7422969341278076,0.61764705,1182.5714285714287,224.57142857142858,False,57.410849366192,-130.39588589624861,,-1,100.0,0.0
Act 2,s2,783,7,7.0,0.7380952494485038,0.57843137,2201.285714285714,698.2857142857143,False,50.200959561991084,-118.47902738945831,,-1,100.0,0.0
Act 2,s2,1351,7,7.0,0.7310924530029297,0.6960784,2921.1428571428573,762.5714285714286,False,44.36190854677589,-115.38834145876191,,-1,0.0,7.0
Act 2,s2,1438,7,7.0,0.7282913327217102,0.6960784,3224.4285714285716,1031.2857142857142,False,42.250446640978346,-111.20129193483113,,-1,0.0,7.0
Act 2,s2,303,7,7.0,0.7156862871987479,0.6666667,1050.7142857142858,210.28571428571428,False,58.45144584787825,-131.43967986215452,,-1,71.42857142857143,2.0
Act 2,s2,90,7,7.0,0.6904762089252472,0.37254903,392.85714285714283,261.7142857142857,False,64.16141912547072,-135.21158334949408,,-1,0.0,7.0
Act 2,s2,394,7,7.0,0.6792717278003693,0.3137255,1241.4285714285713,431.7142857142857,False,57.537203256217936,-126.74149687805412,,-1,0.0,7.0
Act 2,s2,757,7,7.0,0.5980392268725804,0.24509805,2162.714285714286,865.0,False,50.83902959875675,-116.191747854686,,-1,57.142857142857146,3.0
Act 2,s2,533,6,6.0,0.9477124214172363,0.8137255,1846.5,655.3333333333334,False,53.054757280639365,-120.4287226878708,,-1,0.0,6.0
Act 2,s2,952,6,6.0,0.9313725531101227,0.7156863,2486.3333333333335,976.8333333333334,False,48.32778707773319,-113.652848219423,,-1,0.0,6.0
Act 2,s2,1005,6,6.0,0.9297385613123575,0.7745098,2654.8333333333335,647.1666666666666,False,46.35338977406156,-117.69442305280262,,-1,0.0,6.0
Act 2,s2,663,6,6.0,0.9117647111415863,0.84313726,2039.5,789.0,False,51.72416932082733,-117.71654837578416,,-1,0.0,6.0
Act 2,s2,523,6,6.0,0.8660130898157755,0.754902,1835.1666666666667,716.3333333333334,False,53.280531536404055,-119.55064414110136,,-1,0.0,6.0
Act 2,s2,187,6,6.0,0.8529411852359772,0.7058824,610.6666666666666,563.5,False,63.30480261984638,-128.2048313944888,,-1,0.0,6.0
Act 2,s2,860,6,6.0,0.8529411753018697,0.74509805,2289.0,947.3333333333334,False,49.92739899754319,-114.61615905011165,,-1,83.33333333333333,1.0
Act 2,s2,1252,6,6.0,0.8496732215086619,0.7254902,2823.6666666666665,872.8333333333334,False,45.354324940512655,-114.19212769957262,,-1,83.33333333333333,1.0
Act 2,s2,263,6,6.0,0.8464052478472391,0.7156863,799.3333333333334,200.0,False,60.50031696686152,-133.27591125611704,,-1,0.0,6.0
Act 2,s2,600,6,6.0,0.8464052478472391,0.7058824,1968.5,892.0,False,52.512236198778346,-116.41795150355016,,-1,0.0,6.0
Act 2,s2,183,6,6.0,0.843137264251709,0.7156863,597.0,464.1666666666667,False,63.10799254883557,-130.08624450818388,,-1,0.0,6.0
Act 2,s2,642,6,6.0,0.8415032823880514,0.7352941,2021.3333333333333,778.0,False,51.854087719893656,-117.94259683817214,,-1,0.0,6.0
Act 2,s2,848,6,6.0,0.8316993614037832,0.7156863,2271.5,925.3333333333334,False,50.036621970851584,-114.98430346889009,,-1,33.333333333333336,4.0
Act 2,s2,157,6,6.0,0.8186274667580923,0.65686274,518.6666666666666,549.8333333333334,False,64.07113788253355,-129.0566807458737,,-1,0.0,6.0
Act 2,s2,1316,6,6.0,0.8186274667580923,0.7156863,2867.5,1057.6666666666667,False,45.26672542367593,-111.62054201098925,,-1,0.0,6.0
Act 2,s2,682,6,6.0,0.8137255012989044,0.47058827,2057.8333333333335,768.0,False,51.53042131048249,-117.96319166778119,,-1,0.0,6.0
Act 2,s2,929,6,6.0,0.8104575326045355,0.39215687,2434.0,909.1666666666666,False,48.65441965323106,-114.74750009964924,,-1,0.0,6.0
Act 2,s2,209,6,6.0,0.8088235457738241,0.754902,680.1666666666666,610.0,False,62.83667903447954,-126.92888678843367,,-1,0.0,6.0
Act 2,s2,143,6,6.0,0.7924836675326029,0.7254902,458.0,454.5,False,64.28923147800944,-131.22558856116322,,-1,0.0,6.0
Act 2,s2,352,6,6.0,0.7794117629528046,0.7254902,1202.1666666666667,282.8333333333333,False,57.42862580605876,-129.3522044800916,,-1,100.0,0.0
Act 2,s2,940,6,6.0,0.7794117629528046,0.65686274,2461.5,841.3333333333334,False,48.30985741715938,-115.62013967524302,,-1,0.0,6.0
Act 2,s2,525,6,6.0,0.7761438091595968,0.5294118,1837.3333333333333,711.1666666666666,False,53.25151089373042,-119.62065485501776,,-1,16.666666666666668,5.0
Act 2,s2,101,6,6.0,0.7761437892913818,0.5588236,398.0,346.5,False,64.43197047365638,-133.639812629471,,-1,0.0,6.0
Act 2,s2,377,6,6.0,0.7549019753932953,0.74509805,1220.8333333333333,411.3333333333333,False,57.651410784866414,-127.1832497312184,,-1,0.0,6.0
Act 2,s2,648,6,6.0,0.750000019868215,0.57843137,2023.8333333333333,875.3333333333334,False,52.01821141653786,-116.48604135351441,,-1,0.0,6.0
Act 2,s2,658,6,6.0,0.7352941433588663,0.7058824,2034.1666666666667,633.3333333333334,False,51.45025588918689,-120.02724778575654,,-1,100.0,0.0
Act 2,s2,1245,6,6.0,0.7352941334247589,0.7058824,2820.0,926.5,False,45.469781842054445,-113.48548429439815,,-1,100.0,0.0
Act 2,s2,894,6,6.0,0.7287581662336985,0.6372549,2341.8333333333335,931.3333333333334,False,49.45970638390493,-114.69464033445769,,-1,100.0,0.0
Act 2,s2,1405,6,6.0,0.7156862815221151,0.5392157,3011.6666666666665,886.8333333333334,False,43.813961126922365,-113.53627704662293,,-1,0.0,6.0
Act 2,s2,895,6,6.0,0.7075163424015045,0.64705884,2344.5,935.5,False,49.44438981355148,-114.62748186445866,,-1,100.0,0.0
Act 2,s2,1121,6,6.0,0.7058823605378469,0.44117647,2759.0,892.1666666666666,False,45.92286212778545,-114.10110138456072,,-1,0.0,6.0
Act 2,s2,962,6,6.0,0.7042483886082967,0.60784316,2518.5,881.0,False,47.90396583275355,-114.90367794031889,,-1,100.0,0.0
Act 2,s2,1137,6,6.0,0.7042483786741892,0.22549021,2763.0,972.5,False,46.01480979571988,-113.00847988129424,,-1,0.0,6.0
Act 2,s2,570,6,6.0,0.676470585167408,0.16666667,1914.0,699.3333333333334,False,52.58783715726425,-119.50576361613452,,-1,0.0,6.0
Act 2,s2,77,6,6.0,0.6503268132607142,0.39215687,378.8333333333333,346.6666666666667,False,64.59962396760884,-133.7834676715687,,-1,0.0,6.0
Act 2,s2,165,6,6.0,0.6241830165187517,0.23529412,540.1666666666666,433.3333333333333,False,63.49957399474402,-131.03022667719335,,-1,0.0,6.0
Act 2,s2,971,5,5.0,0.9784313678741455,0.89215684,2555.6,805.6,False,47.466038911872865,-115.840098331593,,-1,0.0,5.0
Act 2,s2,826,5,5.0,0.9627451062202453,0.9019608,2250.2,946.6,False,50.25036345724958,-114.7387499699431,,-1,20.0,4.0
Act 2,s2,273,5,5.0,0.9588235259056092,0.8627451,839.0,430.0,False,60.92036326087991,-129.1146062336858,,-1,0.0,5.0
Act 2,s2,24,5,5.0,0.9549019575119019,0.89215684,214.0,21.2,False,64.7106515814272,-141.01118745489487,,-1,0.0,5.0
Act 2,s2,925,5,5.0,0.9176470637321472,0.78431374,2424.0,1004.0,False,48.89068827391382,-113.43415781008234,,-1,0.0,5.0
Act 2,s2,43,5,5.0,0.9156862735748291,0.7352941,326.0,105.0,False,64.11657362742072,-138.54866448359138,,-1,0.0,5.0
Act 2,s2,178,5,5.0,0.9098039388656616,0.7156863,590.2,183.4,False,62.190974992814326,-135.0686923575109,,-1,0.0,5.0
Act 2,s2,1166,5,5.0,0.9078431487083435,0.7058824,2775.4,1024.8,False,45.98876437916657,-112.27237536402504,,-1,0.0,5.0
Act 2,s2,1394,5,5.0,0.901960802078247,0.7941177,2986.8,937.0,False,44.09762110856302,-112.94194590184709,,-1,0.0,5.0
Act 2,s2,908,5,5.0,0.9,0.7941177,2379.2,680.8,False,48.69422558350343,-118.12249301803027,,-1,0.0,5.0
Act 2,s2,932,5,5.0,0.8921568751335144,0.7156863,2443.4,778.0,False,48.34699297760364,-116.55898896335334,,-1,0.0,5.0
Act 2,s2,1361,5,5.0,0.8882352948188782,0.7352941,2930.0,754.0,False,44.27378109874936,-115.47619738813316,,-1,0.0,5.0
Act 2,s2,388,5,5.0,0.872549045085907,0.7156863,1232.2,437.6,False,57.63074902441767,-126.6964808989184,,-1,0.0,5.0
Act 2,s2,253,5,5.0,0.8607843160629273,0.7058824,763.0,412.0,False,61.51125506260298,-129.90897143348099,,-1,0.0,5.0
Act 2,s2,1023,5,5.0,0.8313725590705872,0.7058824,2677.4,1165.0,False,47.00034868100264,-110.57808465855177,,-1,0.0,5.0
Act 2,s2,1446,5,5.0,0.8254901885986328,0.8039216,3235.6,1240.2,False,42.41443560656196,-108.51238968707057,,-1,0.0,5.0
Act 2,s2,1198,5,5.0,0.8196078777313233,0.7156863,2791.0,1009.8,False,45.83684663361444,-112.4380940582285,,-1,0.0,5.0
Act 2,s2,1061,5,5.0,0.8196078538894653,0.63725495,2723.6,961.8,False,46.32673904629608,-113.25069517757596,,-1,0.0,5.0
Act 2,s2,889,5,5.0,0.8176470756530761,0.7745098,2335.4,696.4,False,49.08701719475811,-118.04939460515506,,-1,100.0,0.0
Act 2,s2,278,5,5.0,0.8058823466300964,0.7058824,882.8,497.6,False,60.75200705607343,-127.68503178817073,,-1,0.0,5.0
Act 2,s2,637,5,5.0,0.7960784435272217,0.7254902,2011.6,809.0,False,51.995589702069694,-117.51580522861447,,-1,100.0,0.0
Act 2,s2,1253,5,5.0,0.7882353067398071,0.7254902,2825.4,979.2,False,45.50496750916869,-112.76734329289903,,-1,0.0,5.0
Act 2,s2,876,5,5.0,0.786274516582489,0.7352941,2309.2,939.6,False,49.74584109702606,-114.66954479818826,,-1,100.0,0.0
Act 2,s2,944,5,5.0,0.7764706134796142,0.7254902,2468.2,1008.2,False,48.52793574290652,-113.25909071567277,,-1,0.0,5.0
Act 2,s2,735,5,5.0,0.7764705896377564,0.65686274,2126.0,943.0,False,51.28320445136264,-115.1595962657838,,-1,0.0,5.0
Act 2,s2,983,5,5.0,0.772549033164978,0.67647064,2597.0,931.0,False,47.332759104827595,-113.99747650718207,,-1,0.0,5.0
Act 2,s2,859,5,5.0,0.7666666865348816,0.7156863,2286.2,916.8,False,49.89943524632921,-115.0642178629535,,-1,100.0,0.0
Act 2,s2,1406,5,5.0,0.7666666626930236,0.6862745,3012.4,934.4,False,43.88058061507733,-112.9155745622249,,-1,0.0,5.0
Act 2,s2,1439,5,5.0,0.7568627595901489,0.7058824,3223.8,1243.2,False,42.51675923244667,-108.49399413197018,,-1,0.0,5.0
Act 2,s2,109,5,5.0,0.75686274766922,0.7254902,402.2,389.8,False,64.55190091562277,-132.81817555261162,,-1,0.0,5.0
Act 2,s2,433,5,5.0,0.7529411911964417,0.7058824,1316.4,351.4,False,56.68655700579364,-127.61588258577223,,-1,80.0,1.0
Act 2,s2,738,5,5.0,0.7450980544090271,0.34313726,2129.8,714.2,False,50.825497414931746,-118.49880901259355,,-1,0.0,5.0
Act 2,s2,1327,5,5.0,0.7450980424880982,0.7058824,2882.6,874.8,False,44.86782416226118,-114.01489455020491,,-1,0.0,5.0
Act 2,s2,1080,5,5.0,0.743137264251709,0.7058824,2736.8,813.0,False,45.97608667675664,-115.22465659987526,,-1,0.0,5.0
Act 2,s2,1445,5,5.0,0.7411764740943909,0.7058824,3236.0,1029.0,False,42.15068516163393,-111.20655334123829,,-1,40.0,3.0
Act 2,s2,279,5,5.0,0.7392157077789306,0.6862745,884.0,740.6,False,61.41792155603762,-123.43672182962563,,-1,60.0,2.0
Act 2,s2,1200,5,5.0,0.7392157018184662,0.23529413,2792.0,1016.2,False,45.83783018457772,-112.34950048434322,,-1,0.0,5.0
Act 2,s2,443,5,5.0,0.7313725709915161,0.6960784,1328.8,262.8,False,56.32556621055656,-128.93957332262926,,-1,100.0,0.0
Act 2,s2,328,5,5.0,0.7313725590705872,0.6666667,1176.4,254.8,False,57.55550632786759,-129.95177300171326,,-1,100.0,0.0
Act 2,s2,1002,5,5.0,0.7313725538551807,0.04901961,2647.6,1039.8,False,47.07711616128443,-112.37089267375431,,-1,0.0,5.0
Act 2,s2,327,5,5.0,0.7274510025978088,0.7058824,1176.2,249.4,False,57.54046882204734,-130.0390937391925,,-1,100.0,0.0
Act 2,s2,191,5,5.0,0.7254902243614196,0.7156863,614.2,467.6,False,62.96987920318475,-129.90928268812215,,-1,0.0,5.0
Act 2,s2,96,5,5.0,0.7254902124404907,0.7058824,394.6,330.8,False,64.40401218486008,-133.95106002325284,,-1,0.0,5.0
Act 2,s2,1184,5,5.0,0.7215686321258545,0.71568626,2785.8,673.6,False,45.32242080923729,-116.94245209890231,,-1,100.0,0.0
Act 2,s2,380,5,5.0,0.7137255072593689,0.7058824,1222.6,268.8,False,57.21745539714757,-129.455952145059,,-1,100.0,0.0
Act 2,s2,661,5,5.0,0.7039215803146363,0.60784316,2036.8,715.6,False,51.60048481346674,-118.8097046104499,,-1,0.0,5.0
Act 2,s2,74,5,5.0,0.700000011920929,0.65686274,375.4,325.8,False,64.55252217913984,-134.19005181492844,,-1,0.0,5.0
Act 2,s2,492,5,5.0,0.68627450466156,0.38235295,1651.6,598.8,False,54.54812663934571,-122.10252837102922,,-1,0.0,5.0
Act 2,s2,1296,5,5.0,0.6666666805744171,0.33333334,2853.0,759.0,False,44.920137380106034,-115.62183906886128,,-1,100.0,0.0
Act 2,s2,781,5,5.0,0.6607843518257142,0.50980395,2196.8,903.8,False,50.62334538171126,-115.51978406931401,,-1,20.0,4.0
Act 2,s2,1330,5,5.0,0.6529411911964417,0.30392158,2887.6,878.4,False,44.83201958054351,-113.95464999518356,,-1,0.0,5.0
Act 2,s2,1360,5,5.0,0.6313725709915161,0.22549021,2929.0,765.8,False,44.30235331424228,-115.32492937506743,,-1,0.0,5.0
Act 2,s2,1279,5,5.0,0.6235294125974178,0.029411767,2840.6,1173.8,False,45.64517286980508,-110.11868547978094,,-1,0.0,5.0
Act 2,s2,592,5,5.0,0.5764706030488014,0.0882353,1957.8,745.8,False,52.31921728690168,-118.64826518025848,,-1,0.0,5.0
Act 2,s2,1122,4,4.0,1.0,1.0,2758.5,675.5,False,45.551383197287784,-116.99864805138547,,-1,100.0,0.0
Act 2,s2,1093,4,4.0,0.9926470518112183,0.9705882,2743.0,881.25,False,46.03821234059767,-114.28989994272557,,-1,50.0,2.0
Act 2,s2,1281,4,4.0,0.9926470518112183,0.9705882,2842.25,635.0,False,44.784371994374375,-117.28232687142498,,-1,0.0,4.0
Act 2,s2,1396,4,4.0,0.9779411852359772,0.9509804,2989.75,703.75,False,43.69138864314803,-115.96450692649465,,-1,0.0,4.0
Act 2,s2,675,4,4.0,0.9632352888584137,0.88235295,2049.5,754.5,False,51.5731301200862,-118.19130907671122,,-1,0.0,4.0
Act 2,s2,1371,4,4.0,0.9632352888584137,0.9313725,2941.5,996.5,False,44.562738652386585,-112.26584919995142,,-1,0.0,4.0
Act 2,s2,918,4,4.0,0.9583333283662796,0.85294116,2409.75,998.75,False,49.001564054915974,-113.54645399933682,,-1,0.0,4.0
Act 2,s2,606,4,4.0,0.9558823555707932,0.8235294,1982.5,735.0,False,52.09157243650167,-118.7193944517887,,-1,0.0,4.0
Act 2,s2,1211,4,4.0,0.9460784196853638,0.92156863,2798.25,838.5,False,45.509172945372754,-114.71653226439612,,-1,100.0,0.0
Act 2,s2,921,4,4.0,0.9436274468898773,0.84313726,2410.5,1006.5,False,49.007382647343654,-113.43431588028216,,-1,0.0,4.0
Act 2,s2,607,4,4.0,0.9264705926179886,0.84313726,1982.75,717.25,False,52.05318574424117,-118.98215525936858,,-1,0.0,4.0
Act 2,s2,651,4,4.0,0.9264705926179886,0.7058824,2027.5,726.0,False,51.698933521506525,-118.6899413257815,,-1,0.0,4.0
Act 2,s2,115,4,4.0,0.9142156839370728,0.78431374,410.75,229.75,False,63.88650907833538,-135.6417418184903,,-1,0.0,4.0
Act 2,s2,358,4,4.0,0.9093137234449387,0.74509805,1207.5,200.5,False,57.13081311942629,-130.62652692411683,,-1,100.0,0.0
Act 2,s2,255,4,4.0,0.897058829665184,0.78431374,773.5,224.0,False,60.7986960548274,-133.0522667520448,,-1,0.0,4.0
Act 2,s2,1038,4,4.0,0.8872549086809158,0.78431374,2701.5,993.25,False,46.558596442852064,-112.87771715249802,,-1,0.0,4.0
Act 2,s2,641,4,4.0,0.8799019753932953,0.78431374,2020.5,770.5,False,51.84626250455329,-118.05670378670067,,-1,0.0,4.0
Act 2,s2,975,4,4.0,0.8774510025978088,0.754902,2583.5,864.25,False,47.33545211882292,-114.95340122910847,,-1,0.0,4.0
Act 2,s2,276,4,4.0,0.8774509727954865,0.7058824,874.0,237.5,False,60.00571049724408,-132.14228659258086,,-1,0.0,4.0
Act 2,s2,240,4,4.0,0.8676470518112183,0.7745098,734.75,271.75,False,61.2876210468526,-132.51104191517646,,-1,0.0,4.0
Act 2,s2,2,4,4.0,0.8651960790157318,0.7254902,108.25,327.0,False,66.91353901678531,-136.34959601079015,,-1,0.0,4.0
Act 2,s2,241,4,4.0,0.8602941185235977,0.7647059,739.5,519.5,False,62.04843987552671,-128.17778614485923,,-1,0.0,4.0
Act 2,s2,1051,4,4.0,0.8578431606292725,0.7156863,2711.75,786.25,False,46.137628895094714,-115.6542855315697,,-1,0.0,4.0
Act 2,s2,1162,4,4.0,0.8578431457281113,0.8235294,2775.5,660.5,False,45.38304481488806,-117.14658437635164,,-1,100.0,0.0
Act 2,s2,824,4,4.0,0.8553921729326248,0.754902,2250.25,900.25,False,50.17099846914211,-115.40972470554627,,-1,0.0,4.0
Act 2,s2,938,4,4.0,0.8553921580314636,0.78431374,2459.0,908.5,False,48.44509876021513,-114.68654666777206,,-1,100.0,0.0
Act 2,s2,1055,4,4.0,0.8529411852359772,0.8039216,2717.5,928.75,False,46.32619764125615,-113.71428576704284,,-1,0.0,4.0
Act 2,s2,864,4,4.0,0.8504901975393295,0.78431374,2290.75,941.0,False,49.9022341276088,-114.702418696275,,-1,100.0,0.0
Act 2,s2,500,4,4.0,0.8455882519483566,0.7058824,1678.5,668.0,False,54.482935881029384,-120.91842662242816,,-1,0.0,4.0
Act 2,s2,6,4,4.0,0.8455882370471954,0.7254902,124.25,285.0,False,66.59962375878632,-137.00440452071774,,-1,0.0,4.0
Act 2,s2,386,4,4.0,0.833333358168602,0.7058824,1230.0,442.5,False,57.66284810099605,-126.62912332481253,,-1,0.0,4.0
Act 2,s2,558,4,4.0,0.833333358168602,0.7156863,1892.5,706.5,False,52.78190838253213,-119.47985758341738,,-1,0.0,4.0
Act 2,s2,1291,4,4.0,0.8308823555707932,0.7352941,2849.75,884.25,False,45.15590155676628,-113.9733173723018,,-1,0.0,4.0
Act 2,s2,9,4,4.0,0.8210784494876862,0.7156863,136.0,394.5,False,66.93331887096147,-134.82910549428942,,-1,0.0,4.0
Act 2,s2,1058,4,4.0,0.8161764591932297,0.74509805,2719.5,582.75,False,45.69497780369423,-118.35034896323975,,-1,0.0,4.0
Act 2,s2,926,4,4.0,0.8112745434045792,0.7156863,2426.5,1011.5,False,48.881416678525824,-113.32118986686207,,-1,0.0,4.0
Act 2,s2,1428,4,4.0,0.8088235259056091,0.7058824,3177.5,1220.5,False,42.87940778141717,-108.8662665716072,,-1,0.0,4.0
Act 2,s2,1147,4,4.0,0.7916666865348816,0.7352941,2767.75,975.0,False,45.97900798753712,-112.96312661165427,,-1,0.0,4.0
Act 2,s2,222,4,4.0,0.789215698838234,0.7058824,695.25,612.25,False,62.7112919030365,-126.79660276362827,,-1,0.0,4.0
Act 2,s2,785,4,4.0,0.7867647260427475,0.6960784,2203.5,897.0,False,50.5555172881514,-115.59840122428547,,-1,0.0,4.0
Act 2,s2,1341,4,4.0,0.784313753247261,0.7058824,2907.0,916.75,False,44.730872333805976,-113.39994132613697,,-1,0.0,4.0
Act 2,s2,466,4,4.0,0.7843137383460999,0.7058824,1436.0,319.5,False,55.6090800717628,-127.46830114986541,,-1,0.0,4.0
Act 2,s2,715,4,4.0,0.7843137383460999,0.7352941,2084.0,926.25,False,51.60587709120864,-115.53626474384956,,-1,0.0,4.0
Act 2,s2,776,4,4.0,0.7843137383460999,0.7156863,2188.5,949.5,False,50.77116174736928,-114.87720596343769,,-1,0.0,4.0
Act 2,s2,914,4,4.0,0.7843137383460999,0.7156863,2394.5,894.25,False,48.95829246863032,-115.0709021471591,,-1,0.0,4.0
Act 2,s2,802,4,4.0,0.7818627655506134,0.7058824,2231.5,890.25,False,50.31001938525153,-115.61111492640165,,-1,25.0,3.0
Act 2,s2,789,4,4.0,0.7794117778539658,0.7058824,2208.0,704.5,False,50.157743249598816,-118.36656636631947,,-1,100.0,0.0
Act 2,s2,1248,4,4.0,0.7769608199596405,0.7254902,2821.75,733.0,False,45.13310870680881,-116.05258073123741,,-1,0.0,4.0
Act 2,s2,646,4,4.0,0.7769608050584793,0.7156863,2022.75,896.75,False,52.066325396532754,-116.16963709188245,,-1,0.0,4.0
Act 2,s2,1282,4,4.0,0.7745098173618317,0.7254902,2844.5,974.5,False,45.338830193822936,-112.78451477587856,,-1,0.0,4.0
Act 2,s2,422,4,4.0,0.7745098024606705,0.74509805,1303.0,349.5,False,56.791972130228395,-127.71957265039593,,-1,0.0,4.0
Act 2,s2,852,4,4.0,0.7647058814764023,0.44117647,2275.5,846.5,False,49.86580795315806,-116.10716685128955,,-1,100.0,0.0
Act 2,s2,329,4,4.0,0.762254923582077,0.7254902,1178.5,224.5,False,57.44410979757845,-130.42158159659004,,-1,100.0,0.0
Act 2,s2,793,4,4.0,0.7598039507865906,0.7156863,2211.5,877.0,False,50.45350980791811,-115.86457396744146,,-1,75.0,1.0
Act 2,s2,1050,4,4.0,0.7573529481887817,0.7254902,2710.5,972.5,False,46.45221956774186,-113.13799444561444,,-1,0.0,4.0
Act 2,s2,825,4,4.0,0.7524510025978088,0.7254902,2250.5,927.5,False,50.215655056932285,-115.01465961816172,,-1,0.0,4.0
Act 2,s2,400,4,4.0,0.7500000149011612,0.7254902,1254.0,429.25,False,57.425423915196234,-126.71312745899967,,-1,0.0,4.0
Act 2,s2,1401,4,4.0,0.7475490421056747,0.7156863,3004.5,732.25,False,43.61920033030751,-115.55652133676277,,-1,0.0,4.0
Act 2,s2,660,4,4.0,0.7450980544090271,0.7156863,2035.75,903.75,False,51.970066660545,-116.02326185927558,,-1,0.0,4.0
Act 2,s2,987,4,4.0,0.7426470816135406,0.7058824,2606.25,898.25,False,47.20277837275108,-114.4234459223468,,-1,75.0,1.0
Act 2,s2,1102,4,4.0,0.7426470667123795,0.7254902,2746.25,964.25,False,46.14182171730506,-113.16120101925185,,-1,0.0,4.0
Act 2,s2,121,4,4.0,0.740196093916893,0.7156863,424.25,369.0,False,64.28476902787732,-133.03243714570468,,-1,0.0,4.0
Act 2,s2,1271,4,4.0,0.7401960827410221,0.21568628,2837.75,629.75,False,44.811581304482836,-117.36460401867653,,-1,0.0,4.0
Act 2,s2,1012,4,4.0,0.7401960752904415,0.18627451,2660.25,1149.75,False,47.1239939132091,-110.82558652355425,,-1,0.0,4.0
Act 2,s2,447,4,4.0,0.7352941334247589,0.7058824,1335.75,336.25,False,56.48313437424666,-127.74891678911776,,-1,25.0,3.0
Act 2,s2,571,4,4.0,0.7205882370471954,0.57843137,1912.0,705.5,False,52.61745114862034,-119.42095517927892,,-1,0.0,4.0
Act 2,s2,1059,4,4.0,0.7181372530758381,0.13725491,2719.5,1138.75,False,46.613535348863664,-110.84828422955873,,-1,0.0,4.0
Act 2,s2,338,4,4.0,0.7156863063573837,0.7058824,1187.5,247.75,False,57.44225265181647,-129.99786065742146,,-1,100.0,0.0
Act 2,s2,383,4,4.0,0.7132353037595749,0.6666667,1225.25,289.25,False,57.2573920681529,-129.1155219439918,,-1,25.0,3.0
Act 2,s2,1300,4,4.0,0.7132353037595749,0.65686274,2856.5,1062.0,False,45.364573305650346,-111.58702098899522,,-1,0.0,4.0
Act 2,s2,336,4,4.0,0.6887255012989044,0.61764705,1185.0,249.5,False,57.46825434935319,-129.98491689853503,,-1,100.0,0.0
Act 2,s2,128,4,4.0,0.6593137308955193,0.33333334,438.5,381.5,False,64.20522614644909,-132.69917829145402,,-1,0.0,4.0
Act 2,s2,1099,4,4.0,0.6274509956128895,0.029411765,2746.25,766.25,False,45.81682546220233,-115.82480400685981,,-1,0.0,4.0
Act 2,s2,229,4,4.0,0.6029411777853966,0.37254903,705.5,600.0,False,62.58554499066785,-126.95451420749642,,-1,0.0,4.0
Act 2,s2,139,4,4.0,0.4632352888584137,0.0,454.5,159.0,False,63.24327236143995,-136.54257173063291,,-1,0.0,4.0
Act 2,s2,951,3,3.0,1.0,1.0,2485.0,813.0,False,48.06488269701736,-115.94573238879421,,-1,0.0,3.0
Act 2,s2,958,3,3.0,1.0,1.0,2497.6666666666665,988.3333333333334,False,48.25119434673415,-113.46170238213413,,-1,0.0,3.0
Act 2,s2,1127,3,3.0,1.0,1.0,2760.3333333333335,668.6666666666666,False,45.523513013723964,-117.08387183564959,,-1,100.0,0.0
Act 2,s2,1290,3,3.0,1.0,1.0,2848.6666666666665,606.6666666666666,False,44.67766049184289,-117.63368625678703,,-1,0.0,3.0
Act 2,s2,758,3,3.0,0.9934640526771545,0.98039216,2163.6666666666665,937.6666666666666,False,50.958809255668996,-115.12459383792073,,-1,0.0,3.0
Act 2,s2,939,3,3.0,0.9738562107086182,0.92156863,2460.0,1028.0,False,48.626675341250994,-113.00076775070109,,-1,0.0,3.0
Act 2,s2,132,3,3.0,0.9575163523356119,0.87254906,442.6666666666667,158.66666666666666,False,63.34208270937942,-136.64290703858757,,-1,0.0,3.0
Act 2,s2,1393,3,3.0,0.9575163523356119,0.87254906,2984.6666666666665,1226.6666666666667,False,44.502646002223514,-109.13351193742302,,-1,0.0,3.0
Act 2,s2,1201,3,3.0,0.9477124412854513,0.8627451,2792.0,1020.6666666666666,False,45.844307837725125,-112.2893002310216,,-1,0.0,3.0
Act 2,s2,261,3,3.0,0.9444444378217062,0.89215684,793.3333333333334,214.66666666666666,False,60.600902485316986,-133.07174974167714,,-1,0.0,3.0
Act 2,s2,920,3,3.0,0.9346405267715454,0.8039216,2411.0,817.0,False,48.68636624960746,-116.1116789193511,,-1,0.0,3.0
Act 2,s2,585,3,3.0,0.9313725630442301,0.8039216,1949.0,695.0,False,52.28761133814137,-119.43835228454807,,-1,0.0,3.0
Act 2,s2,1452,3,3.0,0.9281045993169149,0.7941177,3278.6666666666665,1050.0,False,41.82214999628141,-110.85390719090049,,-1,0.0,3.0
Act 2,s2,274,3,3.0,0.915032704671224,0.754902,843.6666666666666,459.6666666666667,False,60.971846554315,-128.57544120344733,,-1,0.0,3.0
Act 2,s2,1030,3,3.0,0.915032684803009,0.74509805,2686.0,831.0,False,46.42813086453914,-115.12240747112021,,-1,0.0,3.0
Act 2,s2,1299,3,3.0,0.9117647012074789,0.7352941,2856.0,1027.3333333333333,False,45.320012226564366,-112.05185286121178,,-1,0.0,3.0
Act 2,s2,48,3,3.0,0.9084967374801636,0.78431374,333.6666666666667,316.0,False,64.87945577094445,-134.69543954757415,,-1,0.0,3.0
Act 2,s2,237,3,3.0,0.9052287737528483,0.7156863,731.0,242.0,False,61.21691918178602,-133.04397227581555,,-1,0.0,3.0
Act 2,s2,588,3,3.0,0.9052287737528483,0.7156863,1952.0,714.0,False,52.30228643086494,-119.14404018975287,,-1,0.0,3.0
Act 2,s2,1346,3,3.0,0.9052287737528483,0.754902,2911.0,1217.6666666666667,False,45.10927084651177,-109.39140245270664,,-1,100.0,0.0
Act 2,s2,479,3,3.0,0.8954248428344727,0.7647059,1505.0,388.0,False,55.23043320303367,-126.04978452386416,,-1,0.0,3.0
Act 2,s2,1199,3,3.0,0.8954248428344727,0.8039216,2792.0,610.6666666666666,False,45.152343357753345,-117.75434127664538,,-1,0.0,3.0
Act 2,s2,1033,3,3.0,0.8888888955116272,0.78431374,2690.3333333333335,1042.3333333333333,False,46.72401043771897,-112.23424480658761,,-1,0.0,3.0
Act 2,s2,945,3,3.0,0.8888888756434122,0.7745098,2470.6666666666665,822.3333333333334,False,48.20037666621525,-115.85830890311865,,-1,0.0,3.0
Act 2,s2,1014,3,3.0,0.8888888756434122,0.8137255,2665.0,734.0,False,46.4317079458748,-116.49385743789898,,-1,0.0,3.0
Act 2,s2,927,3,3.0,0.8856209317843119,0.7156863,2430.0,1006.6666666666666,False,48.844694057834005,-113.38054274410266,,-1,0.0,3.0
Act 2,s2,1132,3,3.0,0.885620911916097,0.8039216,2761.6666666666665,653.6666666666666,False,45.48437535783812,-117.27880724081818,,-1,100.0,0.0
Act 2,s2,1383,3,3.0,0.8823529680569967,0.74509805,2958.0,1072.0,False,44.53069415349468,-111.23270887811904,,-1,0.0,3.0
Act 2,s2,1160,3,3.0,0.8823529481887817,0.74509805,2773.3333333333335,1198.3333333333333,False,46.23908956179301,-109.92199580274227,,-1,0.0,3.0
Act 2,s2,17,3,3.0,0.8692810535430908,0.7352941,175.33333333333334,242.66666666666666,False,65.97591552060008,-137.35173858104275,,-1,0.0,3.0
Act 2,s2,787,3,3.0,0.8660130898157755,0.8039216,2207.0,945.3333333333334,False,50.60938596477964,-114.88352859109615,,-1,0.0,3.0
Act 2,s2,1283,3,3.0,0.8660130898157755,0.7254902,2843.3333333333335,1117.6666666666667,False,45.549942199637584,-110.8688182942239,,-1,0.0,3.0
Act 2,s2,1044,3,3.0,0.8627451062202454,0.7058824,2706.6666666666665,1022.6666666666666,False,46.559100345478775,-112.46408241430876,,-1,0.0,3.0
Act 2,s2,1317,3,3.0,0.8562091787656149,0.78431374,2867.6666666666665,1218.3333333333333,False,45.473135250146996,-109.46537019129002,,-1,0.0,3.0
Act 2,s2,76,3,3.0,0.8562091588973999,0.7254902,378.0,341.3333333333333,False,64.58727621437798,-133.8871269287167,,-1,0.0,3.0
Act 2,s2,972,3,3.0,0.8562091588973999,0.7058824,2566.0,825.6666666666666,False,47.414830764185105,-115.53380947276946,,-1,0.0,3.0
Act 2,s2,1337,3,3.0,0.8562091588973999,0.7352941,2903.0,878.0,False,44.703403298728226,-113.9210142865226,,-1,0.0,3.0
Act 2,s2,234,3,3.0,0.8529411753018697,0.74509805,724.3333333333334,246.66666666666666,False,61.289059985697875,-133.01126926987092,,-1,0.0,3.0
Act 2,s2,870,3,3.0,0.8529411753018697,0.7745098,2301.0,903.0,False,49.75240808511436,-115.21905298406244,,-1,100.0,0.0
Act 2,s2,428,3,3.0,0.8496732115745544,0.74509805,1310.0,349.0,False,56.73261630574954,-127.68897375898644,,-1,33.333333333333336,2.0
Act 2,s2,693,3,3.0,0.8496732115745544,0.754902,2071.0,719.0,False,51.32327782467179,-118.63696477189961,,-1,0.0,3.0
Act 2,s2,1236,3,3.0,0.8496732115745544,0.8039216,2811.3333333333335,840.6666666666666,False,45.404170936689546,-114.65283541734942,,-1,100.0,0.0
Act 2,s2,310,3,3.0,0.8464052279790243,0.8039216,1098.6666666666667,357.3333333333333,False,58.51238937181331,-128.75682112424855,,-1,0.0,3.0
Act 2,s2,1421,3,3.0,0.8464052279790243,0.7352941,3141.3333333333335,1045.6666666666667,False,42.96398016382544,-111.18917917996241,,-1,0.0,3.0
Act 2,s2,582,3,3.0,0.843137284119924,0.74509805,1936.0,720.0,False,52.44789074410565,-119.11392850446069,,-1,0.0,3.0
Act 2,s2,259,3,3.0,0.8398693005243937,0.78431374,787.3333333333334,339.3333333333333,False,61.069789946064425,-131.00063597128718,,-1,0.0,3.0
Act 2,s2,630,3,3.0,0.8398693005243937,0.7745098,2004.0,751.6666666666666,False,51.94622790192368,-118.39443235030961,,-1,0.0,3.0
Act 2,s2,755,3,3.0,0.8398693005243937,0.7156863,2156.0,817.6666666666666,False,50.80810859629716,-116.9041712322992,,-1,100.0,0.0
Act 2,s2,190,3,3.0,0.8398692806561788,0.7058824,614.0,235.0,False,62.177594389325655,-134.00211431503823,,-1,0.0,3.0
Act 2,s2,502,3,3.0,0.8398692806561788,0.7745098,1683.0,668.0,False,54.445344168000524,-120.89970722514109,,-1,0.0,3.0
Act 2,s2,244,3,3.0,0.8366013169288635,0.7352941,745.6666666666666,515.3333333333334,False,61.982476509359884,-128.21285157446442,,-1,0.0,3.0
Act 2,s2,922,3,3.0,0.8366012970606486,0.7352941,2412.0,1013.3333333333334,False,49.00543778421759,-113.33321694360905,,-1,0.0,3.0
Act 2,s2,1328,3,3.0,0.830065389474233,0.754902,2884.0,904.6666666666666,False,44.90340209091606,-113.61642905520968,,-1,0.0,3.0
Act 2,s2,1433,3,3.0,0.8300653696060181,0.7352941,3213.3333333333335,1232.6666666666667,False,42.59276398981659,-108.6471697833235,,-1,0.0,3.0
Act 2,s2,960,3,3.0,0.8267974058787028,0.7254902,2504.3333333333335,897.6666666666666,False,48.049695431353165,-114.71135484140096,,-1,0.0,3.0
Act 2,s2,1287,3,3.0,0.8202614585558573,0.74509805,2847.0,887.0,False,45.18314014756822,-113.94379284018974,,-1,0.0,3.0
Act 2,s2,1071,3,3.0,0.8202614386876425,0.7254902,2733.6666666666665,955.0,False,46.23245688956001,-113.31770797380273,,-1,0.0,3.0
Act 2,s2,63,3,3.0,0.8169934948285421,0.7941177,348.3333333333333,392.3333333333333,False,65.0338985168054,-133.17896039906805,,-1,0.0,3.0
Act 2,s2,828,3,3.0,0.8169934948285421,0.754902,2252.0,684.6666666666666,False,49.75381327581744,-118.4984419538342,,-1,100.0,0.0
Act 2,s2,69,3,3.0,0.8169934749603271,0.7647059,369.6666666666667,318.3333333333333,False,64.57464353578828,-134.3703943485588,,-1,0.0,3.0
Act 2,s2,670,3,3.0,0.8169934749603271,0.7156863,2043.6666666666667,752.3333333333334,False,51.61736700958844,-118.24379696986325,,-1,0.0,3.0
Act 2,s2,703,3,3.0,0.8169934749603271,0.7254902,2078.0,717.0,False,51.26109984337738,-118.64129735268058,,-1,0.0,3.0
Act 2,s2,557,3,3.0,0.8104575475056967,0.7156863,1891.3333333333333,650.3333333333334,False,52.671266995837165,-120.32675400088759,,-1,0.0,3.0
Act 2,s2,595,3,3.0,0.8071895639101664,0.7058824,1963.0,737.0,False,52.25800154494726,-118.76062518575527,,-1,0.0,3.0
Act 2,s2,1213,3,3.0,0.8071895440419515,0.7352941,2799.0,706.6666666666666,False,45.273995010207344,-116.46613262023934,,-1,66.66666666666667,1.0
Act 2,s2,369,3,3.0,0.8006536165873209,0.74509805,1213.3333333333333,546.6666666666666,False,58.08716188897655,-125.0190718161017,,-1,0.0,3.0
Act 2,s2,521,3,3.0,0.7973856329917908,0.74509805,1833.3333333333333,654.3333333333334,False,53.162053728625565,-120.49622671725119,,-1,0.0,3.0
Act 2,s2,609,3,3.0,0.7973856131235758,0.7352941,1985.0,742.0,False,52.084962769193396,-118.6062705674469,,-1,0.0,3.0
Act 2,s2,435,3,3.0,0.7941176692644755,0.7058824,1316.3333333333333,345.6666666666667,False,56.670654207109926,-127.7068930781974,,-1,0.0,3.0
Act 2,s2,1353,3,3.0,0.7941176692644755,0.74509805,2919.6666666666665,1048.6666666666667,False,44.81876259330772,-111.62485981688997,,-1,0.0,3.0
Act 2,s2,206,3,3.0,0.7941176493962606,0.7156863,674.3333333333334,606.6666666666666,False,62.87787806293575,-127.02470327234958,,-1,0.0,3.0
Act 2,s2,721,3,3.0,0.78758172194163,0.7058824,2097.0,697.0,False,51.06279034559027,-118.86552692087308,,-1,0.0,3.0
Act 2,s2,1228,3,3.0,0.78758172194163,0.74509805,2807.0,936.3333333333334,False,45.5931849157074,-113.38628284417959,,-1,100.0,0.0
Act 2,s2,1214,3,3.0,0.7810457547505697,0.7058824,2798.0,743.0,False,45.34738028389156,-115.98759148998188,,-1,0.0,3.0
Act 2,s2,1288,3,3.0,0.7777777910232544,0.7156863,2847.6666666666665,587.6666666666666,False,44.64932310861926,-117.88485635601624,,-1,0.0,3.0
Act 2,s2,227,3,3.0,0.7777777711550394,0.7352941,701.3333333333334,609.3333333333334,False,62.64949492932978,-126.81220091489176,,-1,0.0,3.0
Act 2,s2,780,3,3.0,0.7777777711550394,0.7058824,2195.0,900.0,False,50.63173824771041,-115.58065951930753,,-1,0.0,3.0
Act 2,s2,106,3,3.0,0.7745098272959391,0.7156863,399.3333333333333,334.3333333333333,False,64.37584668853334,-133.85064113330358,,-1,0.0,3.0
Act 2,s2,498,3,3.0,0.7745098272959391,0.7156863,1675.3333333333333,637.6666666666666,False,54.440544199522165,-121.40049357695673,,-1,0.0,3.0
Act 2,s2,644,3,3.0,0.7745098272959391,0.7156863,2023.0,820.0,False,51.921529648872834,-117.31318752077571,,-1,66.66666666666667,1.0
Act 2,s2,376,3,3.0,0.7745098074277242,0.7352941,1218.3333333333333,428.3333333333333,False,57.72047282429393,-126.92205649099192,,-1,0.0,3.0
Act 2,s2,1190,3,3.0,0.7745098074277242,0.6960784,2788.0,653.0,False,45.265818982139436,-117.20820823968266,,-1,100.0,0.0
Act 2,s2,717,3,3.0,0.7712418437004089,0.7058824,2090.6666666666665,755.3333333333334,False,51.23232294856956,-118.03531009240815,,-1,0.0,3.0
Act 2,s2,804,3,3.0,0.7712418437004089,0.7058824,2232.0,802.0,False,50.146418591590326,-116.88445094590958,,-1,0.0,3.0
Act 2,s2,583,3,3.0,0.771241823832194,0.7352941,1937.3333333333333,919.6666666666666,False,52.82413823765577,-116.10193483638058,,-1,0.0,3.0
Act 2,s2,764,3,3.0,0.7647058963775635,0.754902,2171.0,895.0,False,50.82338331151995,-115.72735482548325,,-1,0.0,3.0
Act 2,s2,385,3,3.0,0.7614379326502482,0.7156863,1227.6666666666667,227.33333333333334,False,57.04879441478542,-130.08249171081488,,-1,100.0,0.0
Act 2,s2,835,3,3.0,0.7614379127820333,0.7254902,2256.6666666666665,947.3333333333334,False,50.197546512508865,-114.70936444943096,,-1,0.0,3.0
Act 2,s2,22,3,3.0,0.7516340017318726,0.7352941,207.0,24.0,False,64.78184487968493,-141.02529496803848,,-1,0.0,3.0
Act 2,s2,472,3,3.0,0.7483660380045573,0.7156863,1445.0,370.0,False,55.676317743557796,-126.63708201307928,,-1,0.0,3.0
Act 2,s2,119,3,3.0,0.7450980742772421,0.7254902,415.6666666666667,361.3333333333333,False,64.33195578702393,-133.23623257073865,,-1,0.0,3.0
Act 2,s2,1123,3,3.0,0.7450980544090271,0.6960784,2758.3333333333335,679.3333333333334,False,45.5598797978959,-116.9482323613569,,-1,100.0,0.0
Act 2,s2,1180,3,3.0,0.7450980544090271,0.7058824,2783.0,710.0,False,45.412310336319415,-116.4684619921719,,-1,100.0,0.0
Act 2,s2,853,3,3.0,0.741830070813497,0.7352941,2278.0,924.0,False,49.98009862944794,-114.9845048630561,,-1,66.66666666666667,1.0
Act 2,s2,198,3,3.0,0.7385621070861816,0.7156863,656.3333333333334,485.6666666666667,False,62.662601545917354,-129.3083705183436,,-1,0.0,3.0
Act 2,s2,722,3,3.0,0.7385621070861816,0.7254902,2097.6666666666665,761.0,False,51.18523424970203,-117.92808520726835,,-1,0.0,3.0
Act 2,s2,1101,3,3.0,0.7385621070861816,0.7058824,2746.0,813.0,False,45.89978797919947,-115.19928312925593,,-1,0.0,3.0
Act 2,s2,1262,3,3.0,0.7385621070861816,0.7058824,2832.6666666666665,932.3333333333334,False,45.373407717555246,-113.37613043658813,,-1,100.0,0.0
Act 2,s2,453,3,3.0,0.7352941234906515,0.7058824,1377.6666666666667,421.3333333333333,False,56.37474148139317,-126.18313950360888,,-1,0.0,3.0
Act 2,s2,307,3,3.0,0.7320261597633362,0.7156863,1065.0,209.0,False,58.329475237731906,-131.3700996957505,,-1,100.0,0.0
Act 2,s2,1325,3,3.0,0.7320261597633362,0.7058824,2880.6666666666665,880.3333333333334,False,44.892717744025866,-113.94666097239305,,-1,0.0,3.0
Act 2,s2,1374,3,3.0,0.7320261398951212,0.65686274,2942.0,802.0,False,44.25578529437867,-114.81767946029821,,-1,66.66666666666667,1.0
Act 2,s2,1225,3,3.0,0.7254902323087057,0.67647064,2806.0,567.0,False,44.95199111441296,-118.28443854918395,,-1,33.333333333333336,2.0
Act 2,s2,799,3,3.0,0.7254902124404907,0.7058824,2224.0,917.0,False,50.41904014515234,-115.24561531799694,,-1,0.0,3.0
Act 2,s2,819,3,3.0,0.7254902124404907,0.7058824,2246.0,948.0,False,50.28780995531536,-114.73064155014718,,-1,0.0,3.0
Act 2,s2,1141,3,3.0,0.7254902124404907,0.7058824,2766.6666666666665,817.6666666666666,False,45.73630240683775,-115.08009413748984,,-1,100.0,0.0
Act 2,s2,815,3,3.0,0.7222222487131754,0.6960784,2241.0,949.0,False,50.33127773400151,-114.73065572465535,,-1,0.0,3.0
Act 2,s2,1216,3,3.0,0.7222222487131754,0.7156863,2799.0,937.3333333333334,False,45.66131154715148,-113.39277151721348,,-1,100.0,0.0
Act 2,s2,986,3,3.0,0.7222222288449606,0.7058824,2605.0,1018.0,False,47.40059788622327,-112.77556747897009,,-1,0.0,3.0
Act 2,s2,366,3,3.0,0.722222218910853,0.37254903,1210.6666666666667,202.66666666666666,False,57.11163261313348,-130.573266587493,,-1,66.66666666666667,1.0
Act 2,s2,992,3,3.0,0.7189542502164841,0.15686275,2632.6666666666665,1051.3333333333333,False,47.218562839980066,-112.24767684588271,,-1,0.0,3.0
Act 2,s2,680,3,3.0,0.7156862815221151,0.7058824,2053.3333333333335,913.6666666666666,False,51.84051558786701,-115.81943613818612,,-1,0.0,3.0
Act 2,s2,856,3,3.0,0.7156862815221151,0.7058824,2285.0,686.0,False,49.48343521664272,-118.36639677294441,,-1,0.0,3.0
Act 2,s2,367,3,3.0,0.7124183376630148,0.7058824,1212.0,263.0,False,57.287176217984026,-129.61023384393562,,-1,100.0,0.0
Act 2,s2,513,3,3.0,0.7124183177947998,0.7058824,1773.3333333333333,743.6666666666666,False,53.8547804498946,-119.37195183106894,,-1,0.0,3.0
Act 2,s2,1392,3,3.0,0.7124183177947998,0.7058824,2984.3333333333335,795.3333333333334,False,43.89354829722006,-114.79368308558651,,-1,100.0,0.0
Act 2,s2,1112,3,3.0,0.6862745210528374,0.068627454,2752.0,728.0,False,45.701185692428744,-116.3191522975906,,-1,0.0,3.0
Act 2,s2,1090,3,3.0,0.6437908609708151,0.4901961,2741.6666666666665,814.6666666666666,False,45.93856423746764,-115.18885578316204,,-1,0.0,3.0
Act 2,s2,1202,3,3.0,0.630718968808651,0.09803922,2791.6666666666665,1194.3333333333333,False,46.080555504359,-109.9394982008584,,-1,0.0,3.0
Act 2,s2,75,3,3.0,0.5751634041468302,0.28431374,375.0,352.0,False,64.65266216589605,-133.7155473565449,,-1,0.0,3.0
Act 2,s2,36,2,2.0,1.0,1.0,290.5,139.0,False,64.55705038032765,-138.24753526153873,,-1,0.0,2.0
Act 2,s2,236,2,2.0,1.0,1.0,726.0,374.5,False,61.70548902750497,-130.80248268299977,,-1,0.0,2.0
Act 2,s2,713,2,2.0,1.0,1.0,2082.5,718.0,False,51.225752400483856,-118.61063908777233,,-1,0.0,2.0
Act 2,s2,928,2,2.0,1.0,1.0,2432.5,786.5,False,48.452887340473616,-116.4737277919831,,-1,0.0,2.0
Act 2,s2,942,2,2.0,1.0,1.0,2463.5,961.0,False,48.49317976367517,-113.93632941413367,,-1,0.0,2.0
Act 2,s2,996,2,2.0,1.0,1.0,2637.5,1046.0,False,47.17046921103646,-112.30969481716208,,-1,0.0,2.0
Act 2,s2,1029,2,2.0,1.0,1.0,2683.5,838.0,False,46.46073080256511,-115.03451376038343,,-1,0.0,2.0
Act 2,s2,1094,2,2.0,1.0,1.0,2742.0,1043.5,False,46.29438525746587,-112.09701083210636,,-1,0.0,2.0
Act 2,s2,1197,2,2.0,1.0,1.0,2790.5,901.5,False,45.67589222916529,-113.89454342034576,,-1,0.0,2.0
Act 2,s2,1323,2,2.0,1.0,1.0,2877.5,1215.5,False,45.38734940496345,-109.4845480586562,,-1,0.0,2.0
Act 2,s2,1447,2,2.0,1.0,1.0,3241.0,1207.5,False,42.33213917990722,-108.92162076965538,,-1,0.0,2.0
Act 2,s2,580,2,2.0,0.9901960790157318,0.98039216,1929.5,690.5,False,52.4402722398634,-119.57907238765179,,-1,0.0,2.0
Act 2,s2,1420,2,2.0,0.9803921580314636,0.9607843,3138.5,1048.0,False,42.99079276925924,-111.16502614008051,,-1,0.0,2.0
Act 2,s2,667,2,2.0,0.9754902124404907,0.9509804,2040.5,897.0,False,51.91814590310411,-116.10874071807692,,-1,0.0,2.0
Act 2,s2,1139,2,2.0,0.9705882370471954,0.9411765,2763.0,893.5,False,45.891751698399574,-114.072783692241,,-1,0.0,2.0
Act 2,s2,628,2,2.0,0.9607843160629272,0.92156863,2002.5,710.0,False,51.874055684651985,-119.0171579643368,,-1,0.0,2.0
Act 2,s2,1072,2,2.0,0.9607843160629272,0.92156863,2734.5,604.5,False,45.61415270083422,-118.01440989606036,,-1,0.0,2.0
Act 2,s2,1065,2,2.0,0.9558823704719543,0.91176474,2725.5,1139.0,False,46.56365949691701,-110.83190086519551,,-1,0.0,2.0
Act 2,s2,1110,2,2.0,0.9558823704719543,0.91176474,2750.5,712.5,False,45.685538442154176,-116.5301436180471,,-1,0.0,2.0
Act 2,s2,1205,2,2.0,0.9558823704719543,0.91176474,2793.5,769.5,False,45.431184911992375,-115.64835594573714,,-1,0.0,2.0
Act 2,s2,1334,2,2.0,0.955882340669632,0.9313725,2899.5,873.0,False,44.72452135252557,-113.99576937767186,,-1,0.0,2.0
Act 2,s2,508,2,2.0,0.9509803950786591,0.9019608,1736.5,666.0,False,53.994318880434776,-120.7099111746862,,-1,0.0,2.0
Act 2,s2,481,2,2.0,0.9411764740943909,0.88235295,1511.5,652.5,False,55.84530476714577,-121.87892358874912,,-1,0.0,2.0
Act 2,s2,387,2,2.0,0.936274528503418,0.92156863,1230.5,422.0,False,57.60103754021865,-126.95787708723233,,-1,0.0,2.0
Act 2,s2,1226,2,2.0,0.936274528503418,0.92156863,2806.5,873.0,False,45.49721689177565,-114.23443149830044,,-1,100.0,0.0
Act 2,s2,1188,2,2.0,0.9362744987010956,0.9313725,2787.0,595.5,False,45.16419882499167,-117.96945689155216,,-1,0.0,2.0
Act 2,s2,657,2,2.0,0.9313725531101227,0.9019608,2032.5,717.0,False,51.63906983603257,-118.80462170415464,,-1,0.0,2.0
Act 2,s2,724,2,2.0,0.9264705777168274,0.85294116,2102.5,724.5,False,51.072749750750205,-118.44486731216661,,-1,0.0,2.0
Act 2,s2,517,2,2.0,0.9215686321258545,0.84313726,1828.5,699.5,False,53.300295912446096,-119.8318032100773,,-1,0.0,2.0
Act 2,s2,614,2,2.0,0.9215686321258545,0.88235295,1991.5,705.0,False,51.95516267019676,-119.13160274323101,,-1,0.0,2.0
Act 2,s2,731,2,2.0,0.9215686321258545,0.87254906,2115.5,780.0,False,51.07380307811764,-117.58902627928532,,-1,0.0,2.0
Act 2,s2,399,2,2.0,0.9166666865348816,0.84313726,1251.5,214.0,False,56.812023191055694,-130.15121552790197,,-1,100.0,0.0
Act 2,s2,659,2,2.0,0.9166666865348816,0.8333334,2033.5,700.5,False,51.596956223083914,-119.04396728504351,,-1,0.0,2.0
Act 2,s2,1018,2,2.0,0.9166666865348816,0.8333334,2669.0,753.5,False,46.43380034834954,-116.21879294678912,,-1,0.0,2.0
Act 2,s2,1046,2,2.0,0.9166666865348816,0.8333334,2707.5,1029.0,False,46.56139296352218,-112.37569170034119,,-1,0.0,2.0
Act 2,s2,1269,2,2.0,0.9166666865348816,0.87254906,2836.5,976.5,False,45.408461708629204,-112.77691435970186,,-1,0.0,2.0
Act 2,s2,956,2,2.0,0.9117647409439087,0.87254906,2494.5,859.0,False,48.066166237496496,-115.27788579656115,,-1,0.0,2.0
Act 2,s2,936,2,2.0,0.9117647111415863,0.84313726,2456.5,738.0,False,48.164483863702586,-117.0752295418293,,-1,0.0,2.0
Act 2,s2,1036,2,2.0,0.9117647111415863,0.8627451,2698.5,914.5,False,46.461709310490996,-113.9566809107168,,-1,0.0,2.0
Act 2,s2,1312,2,2.0,0.9068627655506134,0.8333334,2862.0,1024.5,False,45.2659161241931,-112.07598970957596,,-1,0.0,2.0
Act 2,s2,281,2,2.0,0.906862735748291,0.8137255,892.5,851.0,False,61.62028806936333,-121.42890021783546,,-1,0.0,2.0
Act 2,s2,1342,2,2.0,0.906862735748291,0.8137255,2907.5,864.0,False,44.64364674479124,-114.09402014072717,,-1,0.0,2.0
Act 2,s2,232,2,2.0,0.9019607901573181,0.8333334,708.5,588.0,False,62.52379171368284,-127.15129115951584,,-1,0.0,2.0
Act 2,s2,973,2,2.0,0.9019607901573181,0.85294116,2581.0,843.5,False,47.321014252236154,-115.24576710071726,,-1,0.0,2.0
Act 2,s2,1403,2,2.0,0.9019607901573181,0.8039216,3008.5,731.0,False,43.58391166170676,-115.56184520064178,,-1,0.0,2.0
Act 2,s2,1449,2,2.0,0.9019607901573181,0.8627451,3269.0,1082.5,False,41.94536158504659,-110.46146509202804,,-1,0.0,2.0
Act 2,s2,483,2,2.0,0.8970588445663452,0.8333334,1531.5,443.0,False,55.157943405161184,-125.06723426310104,,-1,0.0,2.0
Act 2,s2,1210,2,2.0,0.8970588445663452,0.7941177,2797.5,772.0,False,45.402402088847765,-115.60395988146281,,-1,0.0,2.0
Act 2,s2,1246,2,2.0,0.8970588445663452,0.8039216,2820.5,739.5,False,45.15497780454222,-115.97019728407821,,-1,0.0,2.0
Act 2,s2,1345,2,2.0,0.8921568989753723,0.8333334,2910.5,925.0,False,44.71445017960575,-113.28249533606008,,-1,0.0,2.0
Act 2,s2,1169,2,2.0,0.887254923582077,0.87254906,2776.5,909.0,False,45.80420332401023,-113.82974492068318,,-1,0.0,2.0
Act 2,s2,104,2,2.0,0.8872548937797546,0.85294116,398.5,392.5,False,64.59397309364927,-132.79645097174054,,-1,0.0,2.0
Act 2,s2,248,2,2.0,0.8872548937797546,0.84313726,750.5,403.0,False,61.58909075850737,-130.14637014795304,,-1,0.0,2.0
Act 2,s2,296,2,2.0,0.8872548937797546,0.7745098,977.0,711.5,False,60.53521948674282,-123.46115025130068,,-1,0.0,2.0
Act 2,s2,524,2,2.0,0.8872548937797546,0.7745098,1834.5,649.0,False,53.14061123063231,-120.57206498310569,,-1,0.0,2.0
Act 2,s2,1003,2,2.0,0.8872548937797546,0.7745098,2649.5,940.5,False,46.91072614739317,-113.72943663093473,,-1,0.0,2.0
Act 2,s2,1040,2,2.0,0.8872548937797546,0.7745098,2703.5,807.0,False,46.24195309100661,-115.39798713128233,,-1,0.0,2.0
Act 2,s2,1208,2,2.0,0.8872548937797546,0.7745098,2795.5,604.0,False,45.11064791455336,-117.83130008533061,,-1,0.0,2.0
Act 2,s2,1267,2,2.0,0.8872548937797546,0.7745098,2836.5,571.0,False,44.70882149425347,-118.13689303545233,,-1,0.0,2.0
Act 2,s2,225,2,2.0,0.8774509727954865,0.85294116,700.5,589.5,False,62.598032469012075,-127.17330557475913,,-1,0.0,2.0
Act 2,s2,896,2,2.0,0.8725490272045135,0.84313726,2347.5,670.5,False,48.935857501586625,-118.37305434847194,,-1,100.0,0.0
Act 2,s2,1004,2,2.0,0.8725490272045135,0.74509805,2652.5,995.0,False,46.96979473793153,-112.97473285749938,,-1,0.0,2.0
Act 2,s2,1318,2,2.0,0.8725490272045135,0.74509805,2868.5,1024.5,False,45.211694846493565,-112.06114225915255,,-1,0.0,2.0
Act 2,s2,1398,2,2.0,0.8725490272045135,0.74509805,2996.0,1050.5,False,44.184097816919376,-111.43417439524032,,-1,0.0,2.0
Act 2,s2,778,2,2.0,0.8725489974021912,0.8137255,2190.5,908.5,False,50.68415467600148,-115.47040393494629,,-1,100.0,0.0
Act 2,s2,458,2,2.0,0.8676470816135406,0.8235294,1409.5,247.0,False,55.617014468782116,-128.73275185570694,,-1,0.0,2.0
Act 2,s2,216,2,2.0,0.8676470518112183,0.7352941,692.5,254.5,False,61.58410180308644,-133.10155552975235,,-1,0.0,2.0
Act 2,s2,1321,2,2.0,0.8676470518112183,0.84313726,2875.5,750.0,False,44.71815555197578,-115.67799948602865,,-1,0.0,2.0
Act 2,s2,511,2,2.0,0.8627451062202454,0.7254902,1768.5,641.5,False,53.672969265946364,-120.95318941141592,,-1,0.0,2.0
Act 2,s2,955,2,2.0,0.8627451062202454,0.7254902,2494.5,754.0,False,47.87951729066381,-116.73532080670783,,-1,0.0,2.0
Act 2,s2,426,2,2.0,0.8578431606292725,0.7941177,1307.5,231.0,False,56.4048864277189,-129.55790527457958,,-1,100.0,0.0
Act 2,s2,537,2,2.0,0.8578431606292725,0.754902,1846.5,719.0,False,53.19162522013624,-119.46671090101938,,-1,0.0,2.0
Act 2,s2,15,2,2.0,0.8529411852359772,0.74509805,163.5,261.5,False,66.15670170859875,-137.10444540588924,,-1,0.0,2.0
Act 2,s2,546,2,2.0,0.8529411852359772,0.84313726,1862.5,702.5,False,53.02333769618112,-119.65481245820382,,-1,0.0,2.0
Act 2,s2,1158,2,2.0,0.8529411852359772,0.7058824,2773.5,912.5,False,45.83468821402169,-113.79038731515386,,-1,0.0,2.0
Act 2,s2,233,2,2.0,0.8529411554336548,0.85294116,714.0,355.5,False,61.74504753131711,-131.21242754079918,,-1,0.0,2.0
Act 2,s2,827,2,2.0,0.8480392396450043,0.7941177,2250.0,692.5,False,49.78600994929009,-118.3936919115552,,-1,100.0,0.0
Act 2,s2,1442,2,2.0,0.8480392098426819,0.6960784,3232.5,1056.0,False,42.216031009159295,-110.87036886427482,,-1,0.0,2.0
Act 2,s2,919,2,2.0,0.843137264251709,0.8137255,2409.5,1011.0,False,49.022723616755975,-113.37297538924686,,-1,0.0,2.0
Act 2,s2,1119,2,2.0,0.843137264251709,0.7647059,2755.5,882.0,False,45.93555117166544,-114.2469741682772,,-1,0.0,2.0
Act 2,s2,1329,2,2.0,0.843137264251709,0.7941177,2884.0,1213.5,False,45.330491696848924,-109.49890093864866,,-1,0.0,2.0
Act 2,s2,228,2,2.0,0.8382353186607361,0.754902,702.5,604.5,False,62.62504388554141,-126.8919611584518,,-1,0.0,2.0
Act 2,s2,1375,2,2.0,0.8382353186607361,0.7254902,2945.5,922.0,False,44.418617566365995,-113.23714953368125,,-1,0.0,2.0
Act 2,s2,1377,2,2.0,0.8382353186607361,0.8039216,2947.0,1051.5,False,44.594525007082396,-111.52734728973991,,-1,0.0,2.0
Act 2,s2,4,2,2.0,0.8382352888584137,0.7745098,115.5,323.5,False,66.83447580545628,-136.35363549828094,,-1,0.0,2.0
Act 2,s2,760,2,2.0,0.8382352888584137,0.78431374,2164.5,759.0,False,50.62576787280825,-117.72892224977195,,-1,0.0,2.0
Act 2,s2,283,2,2.0,0.8333333730697632,0.754902,900.5,325.0,False,60.070130648284,-130.50757601523182,,-1,0.0,2.0
Act 2,s2,674,2,2.0,0.8333333432674408,0.7058824,2047.5,718.0,False,51.51646642814417,-118.73581915490907,,-1,0.0,2.0
Act 2,s2,698,2,2.0,0.8333333432674408,0.8039216,2072.5,767.5,False,51.407356023433124,-117.91966564466289,,-1,0.0,2.0
Act 2,s2,714,2,2.0,0.8333333432674408,0.7058824,2083.5,745.5,False,51.27248075349251,-118.20438982186414,,-1,0.0,2.0
Act 2,s2,716,2,2.0,0.8333333432674408,0.8039216,2089.0,750.5,False,51.23665067914817,-118.11192327468258,,-1,0.0,2.0
Act 2,s2,966,2,2.0,0.8333333432674408,0.74509805,2542.0,840.5,False,47.63973084874337,-115.3982037412908,,-1,0.0,2.0
Act 2,s2,1016,2,2.0,0.8333333432674408,0.8235294,2667.5,730.5,False,46.404662036361664,-116.53366894517798,,-1,0.0,2.0
Act 2,s2,1047,2,2.0,0.8333333432674408,0.8039216,2707.5,1038.0,False,46.57444870247592,-112.25287030075766,,-1,0.0,2.0
Act 2,s2,1032,2,2.0,0.8284313976764679,0.7058824,2687.0,1045.5,False,46.75640718742865,-112.19877649417121,,-1,0.0,2.0
Act 2,s2,1356,2,2.0,0.8284313976764679,0.7156863,2925.5,773.5,False,44.344512100693,-115.23379400693754,,-1,0.0,2.0
Act 2,s2,1450,2,2.0,0.8284313976764679,0.754902,3272.5,1061.0,False,41.88818181761928,-110.72699175525823,,-1,0.0,2.0
Act 2,s2,207,2,2.0,0.8235294222831726,0.8039216,677.0,597.5,False,62.82721863648781,-127.17364438409582,,-1,0.0,2.0
Act 2,s2,1369,2,2.0,0.8235294222831726,0.74509805,2939.5,998.5,False,44.58229964827247,-112.24403097542186,,-1,0.0,2.0
Act 2,s2,324,2,2.0,0.8186274766921997,0.7647059,1169.5,633.0,False,58.68391795973786,-123.8140881037663,,-1,0.0,2.0
Act 2,s2,487,2,2.0,0.8186274766921997,0.754902,1638.5,658.5,False,54.795700400012706,-121.23384250250238,,-1,0.0,2.0
Act 2,s2,504,2,2.0,0.8186274766921997,0.7156863,1687.0,647.5,False,54.36564802407787,-121.19954973420353,,-1,0.0,2.0
Act 2,s2,213,2,2.0,0.8186274468898773,0.7352941,686.5,592.5,False,62.729224282523255,-127.20526003755076,,-1,0.0,2.0
Act 2,s2,961,2,2.0,0.8186274468898773,0.7352941,2505.5,892.0,False,48.030538353839894,-114.7870616392862,,-1,0.0,2.0
Act 2,s2,838,2,2.0,0.8137255311012268,0.7941177,2263.5,895.0,False,50.05135934199373,-115.44577086348555,,-1,50.0,1.0
Act 2,s2,980,2,2.0,0.8137255311012268,0.754902,2591.0,872.5,False,47.28696753228694,-114.81910618279005,,-1,0.0,2.0
Act 2,s2,836,2,2.0,0.8137255012989044,0.7058824,2260.5,957.0,False,50.18159603759087,-114.55826082196607,,-1,0.0,2.0
Act 2,s2,1390,2,2.0,0.8137255012989044,0.74509805,2972.5,724.0,False,43.86975650816261,-115.75014607864391,,-1,0.0,2.0
Act 2,s2,100,2,2.0,0.813725471496582,0.8137255,396.5,389.5,False,64.60073533818948,-132.86639535129365,,-1,0.0,2.0
Act 2,s2,1106,2,2.0,0.813725471496582,0.8137255,2749.0,729.5,False,45.728700955104934,-116.30785291855236,,-1,0.0,2.0
Act 2,s2,1332,2,2.0,0.813725471496582,0.8137255,2895.5,1227.0,False,45.250227873568186,-109.29581157812646,,-1,0.0,2.0
Act 2,s2,1451,2,2.0,0.8088235557079315,0.7941177,3275.5,1062.0,False,41.86440286085861,-110.70838836091733,,-1,0.0,2.0
Act 2,s2,529,2,2.0,0.8039215803146362,0.74509805,1842.0,676.5,False,53.13830743543185,-120.12712457672691,,-1,0.0,2.0
Act 2,s2,839,2,2.0,0.7990196347236633,0.754902,2263.5,928.0,False,50.10793720296671,-114.96922933261902,,-1,0.0,2.0
Act 2,s2,1060,2,2.0,0.7990196049213409,0.7352941,2722.5,769.0,False,46.018354194941274,-115.85554685974326,,-1,0.0,2.0
Act 2,s2,268,2,2.0,0.7941176891326904,0.754902,815.5,744.5,False,62.0272053555531,-123.7326000811176,,-1,0.0,2.0
Act 2,s2,242,2,2.0,0.794117659330368,0.78431374,741.5,513.0,False,62.011314577595435,-128.2799809686033,,-1,0.0,2.0
Act 2,s2,250,2,2.0,0.794117659330368,0.74509805,751.5,517.0,False,61.93721130970184,-128.14719343963523,,-1,0.0,2.0
Act 2,s2,373,2,2.0,0.794117659330368,0.74509805,1217.5,543.5,False,58.043619849066346,-125.04942057584309,,-1,0.0,2.0
Act 2,s2,937,2,2.0,0.794117659330368,0.7647059,2457.0,863.5,False,48.38564820109475,-115.32315906736314,,-1,0.0,2.0
Act 2,s2,221,2,2.0,0.7941176295280457,0.7352941,695.5,604.0,False,62.684743147840386,-126.94348525547913,,-1,0.0,2.0
Act 2,s2,1206,2,2.0,0.7941176295280457,0.7745098,2794.5,840.0,False,45.54278765618134,-114.70652460069175,,-1,100.0,0.0
Act 2,s2,371,2,2.0,0.7892157137393951,0.7058824,1215.5,420.0,False,57.72053168092093,-127.07250385635088,,-1,0.0,2.0
Act 2,s2,798,2,2.0,0.7892157137393951,0.754902,2221.5,909.0,False,50.42611959037412,-115.36934397699844,,-1,0.0,2.0
Act 2,s2,1366,2,2.0,0.7892157137393951,0.7058824,2936.0,977.5,False,44.580911231907905,-112.52913957189165,,-1,0.0,2.0
Act 2,s2,1409,2,2.0,0.7892157137393951,0.7058824,3019.5,914.5,False,43.79138911243602,-113.15777682426823,,-1,0.0,2.0
Act 2,s2,786,2,2.0,0.7892156839370728,0.7352941,2205.5,693.5,False,50.15646103317066,-118.53308662403556,,-1,100.0,0.0
Act 2,s2,154,2,2.0,0.7843137383460999,0.7647059,491.5,677.5,False,64.71162035082206,-126.86000945532595,,-1,0.0,2.0
Act 2,s2,701,2,2.0,0.7843137383460999,0.7058824,2073.5,927.5,False,51.696010184837704,-115.55031524976157,,-1,0.0,2.0
Act 2,s2,1125,2,2.0,0.7843137383460999,0.7745098,2760.5,629.0,False,45.4471731974136,-117.60911409485833,,-1,100.0,0.0
Act 2,s2,1234,2,2.0,0.7843137383460999,0.7647059,2810.0,697.5,False,45.166419064345874,-116.55535906241242,,-1,0.0,2.0
Act 2,s2,131,2,2.0,0.779411792755127,0.7156863,440.0,423.5,False,64.3399977946703,-131.92264724107346,,-1,0.0,2.0
Act 2,s2,437,2,2.0,0.779411792755127,0.754902,1319.5,366.0,False,56.7025873476303,-127.36791339075431,,-1,100.0,0.0
Act 2,s2,579,2,2.0,0.779411792755127,0.754902,1928.5,730.0,False,52.53101441733306,-118.99212752260208,,-1,50.0,1.0
Act 2,s2,625,2,2.0,0.779411792755127,0.7254902,2001.0,777.5,False,52.022590415669164,-118.02132163389368,,-1,0.0,2.0
Act 2,s2,685,2,2.0,0.779411792755127,0.7647059,2065.5,709.0,False,51.34865859287834,-118.80322666486511,,-1,0.0,2.0
Act 2,s2,1355,2,2.0,0.779411792755127,0.7156863,2922.5,999.0,False,44.72474962447594,-112.27633112972899,,-1,0.0,2.0
Act 2,s2,275,2,2.0,0.7794117629528046,0.74509805,872.0,746.5,False,61.53797023467881,-123.39543261061985,,-1,50.0,1.0
Act 2,s2,720,2,2.0,0.7794117629528046,0.74509805,2096.5,635.0,False,50.93800114932172,-119.76899817222697,,-1,100.0,0.0
Act 2,s2,1237,2,2.0,0.7794117629528046,0.7352941,2811.0,1004.5,False,45.66233259003066,-112.46223216709214,,-1,0.0,2.0
Act 2,s2,235,2,2.0,0.7745098173618317,0.7647059,725.5,631.5,False,62.50289250614349,-126.2691656856228,,-1,0.0,2.0
Act 2,s2,832,2,2.0,0.7745098173618317,0.7058824,2253.5,806.0,False,49.97507230650951,-116.7578856760167,,-1,0.0,2.0
Act 2,s2,68,2,2.0,0.7696078717708588,0.754902,367.0,397.5,False,64.88840808730477,-132.941742766539,,-1,0.0,2.0
Act 2,s2,357,2,2.0,0.7696078717708588,0.754902,1204.5,417.5,False,57.80523560514777,-127.17366643577466,,-1,0.0,2.0
Act 2,s2,633,2,2.0,0.7696078717708588,0.754902,2005.0,706.5,False,51.84606693354609,-119.05975144729999,,-1,0.0,2.0
Act 2,s2,695,2,2.0,0.7696078717708588,0.7058824,2071.5,630.0,False,51.13417496426736,-119.9350391342713,,-1,100.0,0.0
Act 2,s2,759,2,2.0,0.7696078717708588,0.7156863,2164.5,700.0,False,50.509208913479426,-118.58266548546486,,-1,0.0,2.0
Act 2,s2,1073,2,2.0,0.7696078717708588,0.7156863,2734.0,738.5,False,45.8689632462642,-116.23113405610104,,-1,0.0,2.0
Act 2,s2,1135,2,2.0,0.7696078717708588,0.7156863,2762.5,728.0,False,45.61433405749972,-116.28871763215322,,-1,0.0,2.0
Act 2,s2,559,2,2.0,0.7696078419685364,0.7254902,1894.5,647.5,False,52.63879179699422,-120.3567010439986,,-1,0.0,2.0
Act 2,s2,899,2,2.0,0.7696078419685364,0.7254902,2350.5,838.5,False,49.22750282477431,-115.99150093977413,,-1,100.0,0.0
Act 2,s2,1091,2,2.0,0.7696078419685364,0.7254902,2741.0,896.5,False,46.07946123209178,-114.08958455287343,,-1,0.0,2.0
Act 2,s2,1379,2,2.0,0.7696078419685364,0.7254902,2950.5,794.5,False,44.17275323789082,-114.89318549086643,,-1,100.0,0.0
Act 2,s2,729,2,2.0,0.7647058963775635,0.7254902,2113.5,941.0,False,51.38444035890442,-115.22707587289113,,-1,0.0,2.0
Act 2,s2,911,2,2.0,0.7647058963775635,0.74509805,2389.5,805.5,False,48.84421330827462,-116.33901976645465,,-1,0.0,2.0
Act 2,s2,632,2,2.0,0.7598039507865906,0.7156863,2005.5,629.0,False,51.67826580588365,-120.20009224134834,,-1,100.0,0.0
Act 2,s2,26,2,2.0,0.7598039209842682,0.7352941,217.5,25.5,False,64.69974927297302,-140.90358682451898,,-1,0.0,2.0
Act 2,s2,704,2,2.0,0.7598039209842682,0.74509805,2077.5,925.0,False,51.65812300787107,-115.57502513440735,,-1,0.0,2.0
Act 2,s2,874,2,2.0,0.7598039209842682,0.7058824,2306.5,943.5,False,49.77487349294921,-114.62121885713336,,-1,50.0,1.0
Act 2,s2,898,2,2.0,0.7598039209842682,0.74509805,2349.0,921.5,False,49.38348269141782,-114.8145703281442,,-1,0.0,2.0
Act 2,s2,1031,2,2.0,0.7598039209842682,0.7352941,2686.5,1011.5,False,46.7108977471733,-112.66519607446372,,-1,0.0,2.0
Act 2,s2,1069,2,2.0,0.7598039209842682,0.7352941,2732.0,763.5,False,45.92998762897724,-115.90219130421902,,-1,0.0,2.0
Act 2,s2,890,2,2.0,0.7549020051956177,0.7156863,2335.5,936.5,False,49.52115421914178,-114.63881126992156,,-1,50.0,1.0
Act 2,s2,1243,2,2.0,0.7549020051956177,0.7156863,2818.5,859.5,False,45.37560755991732,-114.38314256761447,,-1,100.0,0.0
Act 2,s2,811,2,2.0,0.7549019753932953,0.7058824,2238.5,900.0,False,50.268612416679765,-115.44868675044182,,-1,0.0,2.0
Act 2,s2,820,2,2.0,0.7549019753932953,0.7058824,2246.5,918.0,False,50.232863642378724,-115.16406930835335,,-1,0.0,2.0
Act 2,s2,969,2,2.0,0.7549019753932953,0.74509805,2552.5,880.0,False,47.61955814112539,-114.82249304256314,,-1,100.0,0.0
Act 2,s2,175,2,2.0,0.7549019455909729,0.7352941,577.0,448.5,False,63.23017625651468,-130.503074031021,,-1,0.0,2.0
Act 2,s2,204,2,2.0,0.7549019455909729,0.7352941,670.5,576.5,False,62.820944966855436,-127.59195186686766,,-1,0.0,2.0
Act 2,s2,671,2,2.0,0.7549019455909729,0.7352941,2045.5,834.0,False,51.76021794457635,-117.02935541114192,,-1,100.0,0.0
Act 2,s2,173,2,2.0,0.7500000298023224,0.7156863,570.5,486.5,False,63.41146157083985,-129.86293514232088,,-1,0.0,2.0
Act 2,s2,584,2,2.0,0.7500000298023224,0.7156863,1939.5,698.0,False,52.372901616145455,-119.42937075393199,,-1,0.0,2.0
Act 2,s2,818,2,2.0,0.7500000298023224,0.7156863,2245.5,712.5,False,49.86289547607704,-118.12363008757676,,-1,0.0,2.0
Act 2,s2,872,2,2.0,0.75,0.7254902,2303.0,894.5,False,49.72111878869765,-115.3350989636035,,-1,0.0,2.0
Act 2,s2,1085,2,2.0,0.75,0.7254902,2739.0,777.5,False,45.896585394933915,-115.69472534538545,,-1,0.0,2.0
Act 2,s2,188,2,2.0,0.7450980544090271,0.7254902,612.0,482.5,False,63.03714217158172,-129.65707200124862,,-1,0.0,2.0
Act 2,s2,245,2,2.0,0.7450980544090271,0.7058824,746.5,519.0,False,61.986459467623156,-128.1430268143448,,-1,0.0,2.0
Act 2,s2,462,2,2.0,0.7450980544090271,0.7352941,1423.5,568.5,False,56.37871743483057,-123.6192068923105,,-1,100.0,0.0
Act 2,s2,468,2,2.0,0.7450980544090271,0.7254902,1438.5,369.0,False,55.727200496524425,-126.6865445772185,,-1,0.0,2.0
Act 2,s2,528,2,2.0,0.7450980544090271,0.74509805,1841.5,720.0,False,53.235442475915335,-119.4707081049709,,-1,0.0,2.0
Act 2,s2,684,2,2.0,0.7450980544090271,0.7254902,2064.5,763.5,False,51.466083642337104,-118.00628063280908,,-1,0.0,2.0
Act 2,s2,877,2,2.0,0.7450980544090271,0.7352941,2310.5,933.0,False,49.72396832899195,-114.76062112244655,,-1,0.0,2.0
Act 2,s2,979,2,2.0,0.7450980544090271,0.7058824,2589.5,869.5,False,47.29441200592352,-114.86451066897477,,-1,0.0,2.0
Act 2,s2,14,2,2.0,0.7401961088180542,0.7254902,161.5,258.5,False,66.16206726571478,-137.17744555943727,,-1,0.0,2.0
Act 2,s2,953,2,2.0,0.7401961088180542,0.7156863,2490.5,861.5,False,48.103698045529676,-115.2545425353915,,-1,100.0,0.0
Act 2,s2,1098,2,2.0,0.7401961088180542,0.7254902,2744.5,816.0,False,45.917332750783864,-115.16316281726924,,-1,0.0,2.0
Act 2,s2,1183,2,2.0,0.7401961088180542,0.7254902,2784.5,942.5,False,45.78997528872876,-113.3594964569689,,-1,0.0,2.0
Act 2,s2,164,2,2.0,0.7401960790157318,0.7352941,539.5,429.0,False,63.49076161750095,-131.11293196651005,,-1,0.0,2.0
Act 2,s2,231,2,2.0,0.7401960790157318,0.7058824,706.5,593.5,False,62.5575673864666,-127.06497425053973,,-1,0.0,2.0
Act 2,s2,1173,2,2.0,0.7401960790157318,0.7058824,2778.5,904.0,False,45.779643533527356,-113.89175758633216,,-1,0.0,2.0
Act 2,s2,635,2,2.0,0.7352941334247589,0.7058824,2009.5,714.0,False,51.82409140096591,-118.932416370269,,-1,0.0,2.0
Act 2,s2,1025,2,2.0,0.7352941334247589,0.7058824,2678.5,959.0,False,46.69809212933069,-113.40223043235163,,-1,0.0,2.0
Act 2,s2,1087,2,2.0,0.7352941334247589,0.7058824,2740.0,782.5,False,45.897016625319885,-115.62490858294755,,-1,0.0,2.0
Act 2,s2,1391,2,2.0,0.7352941334247589,0.7058824,2975.5,934.0,False,44.18717219072062,-113.00794976753879,,-1,0.0,2.0
Act 2,s2,1404,2,2.0,0.7352941334247589,0.7058824,3010.5,719.5,False,43.54734773301934,-115.70463509690045,,-1,0.0,2.0
Act 2,s2,61,2,2.0,0.730392187833786,0.7058824,345.0,389.5,False,65.05291277894864,-133.25677340515463,,-1,0.0,2.0
Act 2,s2,124,2,2.0,0.730392187833786,0.7156863,432.5,366.5,False,64.20396520684992,-133.0161558519266,,-1,0.0,2.0
Act 2,s2,538,2,2.0,0.730392187833786,0.7058824,1849.5,671.5,False,53.065050129023525,-120.17311947239756,,-1,0.0,2.0
Act 2,s2,730,2,2.0,0.730392187833786,0.7058824,2114.5,650.0,False,50.8206633373453,-119.48510400491953,,-1,100.0,0.0
Act 2,s2,254,2,2.0,0.7303921580314636,0.7254902,767.5,437.0,False,61.55204028443089,-129.44604132411925,,-1,0.0,2.0
Act 2,s2,765,2,2.0,0.7303921580314636,0.7254902,2171.5,955.0,False,50.92270251567674,-114.84683537305546,,-1,0.0,2.0
Act 2,s2,5,2,2.0,0.7254902124404907,0.7254902,118.5,193.5,False,66.2689615618709,-138.76026997370136,,-1,0.0,2.0
Act 2,s2,27,2,2.0,0.7254902124404907,0.7058824,229.5,210.5,False,65.3726848990474,-137.4779585016036,,-1,0.0,2.0
Act 2,s2,218,2,2.0,0.7254902124404907,0.7058824,693.0,581.5,False,62.63957398294352,-127.36279786007744,,-1,0.0,2.0
Act 2,s2,262,2,2.0,0.7254902124404907,0.7156863,795.5,523.0,False,61.5761224396261,-127.77109407218367,,-1,0.0,2.0
Act 2,s2,347,2,2.0,0.7254902124404907,0.7156863,1192.0,265.5,False,57.45973306708646,-129.68842123672763,,-1,100.0,0.0
Act 2,s2,1179,2,2.0,0.7254902124404907,0.627451,2781.5,1089.0,False,46.02819033766125,-111.38995390169089,,-1,0.0,2.0
Act 2,s2,1376,2,2.0,0.7254902124404907,0.7156863,2945.0,993.5,False,44.52922336185237,-112.29740524472557,,-1,0.0,2.0
Act 2,s2,1013,2,2.0,0.7205882668495178,0.7156863,2663.0,943.5,False,46.803035968307576,-113.65353063922848,,-1,0.0,2.0
Act 2,s2,277,2,2.0,0.7205882370471954,0.7058824,881.5,310.0,False,60.181319395136285,-130.8814336138067,,-1,0.0,2.0
Act 2,s2,1258,2,2.0,0.7205882370471954,0.7058824,2828.5,931.0,False,45.40602277578336,-113.4042455128326,,-1,100.0,0.0
Act 2,s2,167,2,2.0,0.7156863212585449,0.7156863,548.5,409.0,False,63.34497683045166,-131.40918633648803,,-1,0.0,2.0
Act 2,s2,171,2,2.0,0.7156863212585449,0.7156863,565.0,485.5,False,63.4561963095531,-129.9181384619913,,-1,0.0,2.0
Act 2,s2,531,2,2.0,0.7156863212585449,0.7156863,1843.0,725.5,False,53.234503738843635,-119.38156951065503,,-1,0.0,2.0
Act 2,s2,55,2,2.0,0.7156862914562225,0.7058824,340.5,352.5,False,64.95627867619866,-133.97300234271717,,-1,0.0,2.0
Act 2,s2,305,2,2.0,0.7156862914562225,0.7058824,1056.5,211.0,False,58.40602867520822,-131.39152504026492,,-1,100.0,0.0
Act 2,s2,397,2,2.0,0.7156862914562225,0.7058824,1245.5,427.5,False,57.49140754545167,-126.7873870221352,,-1,0.0,2.0
Act 2,s2,404,2,2.0,0.7156862914562225,0.7058824,1266.5,361.0,False,57.1274543939748,-127.73855454275079,,-1,0.0,2.0
Act 2,s2,83,2,2.0,0.7107843458652496,0.7058824,384.5,313.0,False,64.42592510524307,-134.35188215828953,,-1,0.0,2.0
Act 2,s2,140,2,2.0,0.7107843458652496,0.7058824,453.5,560.0,False,64.68158697602664,-129.30872628463004,,-1,0.0,2.0
Act 2,s2,346,2,2.0,0.7107843458652496,0.7058824,1190.0,242.5,False,57.40543627403715,-130.06644719126467,,-1,100.0,0.0
Act 2,s2,553,2,2.0,0.7107843458652496,0.7058824,1885.5,725.0,False,52.878993544191204,-119.22792656220248,,-1,0.0,2.0
Act 2,s2,575,2,2.0,0.7107843458652496,0.7058824,1921.5,698.5,False,52.52367886819133,-119.48982922806402,,-1,0.0,2.0
Act 2,s2,892,2,2.0,0.7107843458652496,0.7058824,2337.5,929.0,False,49.491965548170015,-114.74039739376185,,-1,0.0,2.0
Act 2,s2,867,2,2.0,0.7058823704719543,0.7058824,2295.5,939.0,False,49.859228535085705,-114.71754473201753,,-1,100.0,0.0
Act 2,s2,1053,2,2.0,0.7058823704719543,0.7058824,2712.5,923.5,False,46.35952399176623,-113.79830418885396,,-1,0.0,2.0
Act 2,s2,98,2,2.0,0.6225490570068359,0.4901961,394.5,344.0,False,64.45330895705013,-133.71199957333624,,-1,0.0,2.0
Act 2,s2,46,1,1.0,1.0,1.0,331.0,103.0,False,64.06608639678198,-138.54147259450644,,-1,0.0,1.0
Act 2,s2,208,1,1.0,1.0,1.0,679.0,604.0,False,62.82908311360723,-127.04421894711811,,-1,0.0,1.0
Act 2,s2,284,1,1.0,1.0,1.0,913.0,808.0,False,61.33538130206615,-122.09315261139493,,-1,0.0,1.0
Act 2,s2,292,1,1.0,1.0,1.0,959.0,723.0,False,60.72058120423831,-123.35416875253186,,-1,0.0,1.0
Act 2,s2,610,1,1.0,1.0,1.0,1984.0,784.0,False,52.17717311750195,-117.98435498729084,,-1,100.0,0.0
Act 2,s2,770,1,1.0,1.0,1.0,2178.0,886.0,False,50.7490186888417,-115.83719304727049,,-1,0.0,1.0
Act 2,s2,816,1,1.0,1.0,1.0,2242.0,801.0,False,50.061410276235385,-116.86662732575158,,-1,0.0,1.0
Act 2,s2,934,1,1.0,1.0,1.0,2447.0,728.0,False,48.22433381712725,-117.24417097558951,,-1,0.0,1.0
Act 2,s2,943,1,1.0,1.0,1.0,2464.0,963.0,False,48.49220105899869,-113.9068407250102,,-1,0.0,1.0
Act 2,s2,959,1,1.0,1.0,1.0,2500.0,908.0,False,48.102900633660425,-114.57927916492868,,-1,0.0,1.0
Act 2,s2,994,1,1.0,1.0,1.0,2635.0,1049.0,False,47.19569752419537,-112.2742992029227,,-1,0.0,1.0
Act 2,s2,1000,1,1.0,1.0,1.0,2640.0,1045.0,False,47.14813969837736,-112.3174914148957,,-1,0.0,1.0
Act 2,s2,1001,1,1.0,1.0,1.0,2646.0,964.0,False,46.97658330309701,-113.41641163258508,,-1,0.0,1.0
Act 2,s2,1019,1,1.0,1.0,1.0,2670.0,1054.0,False,46.91058469950313,-112.12234360711557,,-1,0.0,1.0
Act 2,s2,1028,1,1.0,1.0,1.0,2682.0,852.0,False,46.49672073814151,-114.8488614093562,,-1,0.0,1.0
Act 2,s2,1092,1,1.0,1.0,1.0,2742.0,755.0,False,45.83216287315626,-115.9873949240421,,-1,0.0,1.0
Act 2,s2,1149,1,1.0,1.0,1.0,2769.0,754.0,False,45.60687522929193,-115.92372648197778,,-1,100.0,0.0
Act 2,s2,1174,1,1.0,1.0,1.0,2778.0,1199.0,False,46.20082048044219,-109.90351908469596,,-1,0.0,1.0
Act 2,s2,1187,1,1.0,1.0,1.0,2786.0,1026.0,False,45.90206669336831,-112.23138955571858,,-1,0.0,1.0
Act 2,s2,1194,1,1.0,1.0,1.0,2789.0,1047.0,False,45.90705727012099,-111.94099337918239,,-1,0.0,1.0
Act 2,s2,1195,1,1.0,1.0,1.0,2790.0,608.0,False,45.16368605883743,-117.79561153767722,,-1,0.0,1.0
Act 2,s2,1207,1,1.0,1.0,1.0,2794.0,1193.0,False,46.05935661741211,-109.95291443287616,,-1,0.0,1.0
Act 2,s2,1242,1,1.0,1.0,1.0,2816.0,812.0,False,45.317557266369754,-115.02165387127117,,-1,100.0,0.0
Act 2,s2,1320,1,1.0,1.0,1.0,2871.0,1127.0,False,45.33087692993989,-110.68518438993698,,-1,0.0,1.0
Act 2,s2,1340,1,1.0,1.0,1.0,2905.0,1213.0,False,45.15396244311574,-109.46529644508468,,-1,100.0,0.0
Act 2,s2,1359,1,1.0,1.0,1.0,2926.0,763.0,False,44.32240661001002,-115.36959151568108,,-1,0.0,1.0
Act 2,s2,1382,1,1.0,1.0,1.0,2956.0,693.0,False,43.95141058082213,-116.19732957524236,,-1,0.0,1.0
Act 2,s2,297,1,1.0,0.9901961088180542,0.9901961,989.0,714.0,False,60.43794490184323,-123.35581553826863,,-1,0.0,1.0
Act 2,s2,1441,1,1.0,0.9901961088180542,0.9901961,3231.0,1030.0,False,42.19380924731154,-111.20412500472239,,-1,0.0,1.0
Act 2,s2,155,1,1.0,0.9803921580314636,0.98039216,509.0,277.0,False,63.221325402138184,-134.04633727876217,,-1,0.0,1.0
Act 2,s2,691,1,1.0,0.9803921580314636,0.98039216,2069.0,766.0,False,51.43354428398463,-117.95385850365531,,-1,0.0,1.0
Act 2,s2,1164,1,1.0,0.9803921580314636,0.98039216,2775.0,825.0,False,45.679545147609026,-114.95934271045753,,-1,100.0,0.0
Act 2,s2,1231,1,1.0,0.9803921580314636,0.98039216,2807.0,777.0,False,45.33237178967664,-115.51113904676707,,-1,0.0,1.0
Act 2,s2,1265,1,1.0,0.9803921580314636,0.98039216,2835.0,624.0,False,44.823366447349386,-117.44822974411582,,-1,0.0,1.0
Act 2,s2,18,1,1.0,0.970588207244873,0.9705882,183.0,210.0,False,65.77486808874859,-137.887407507992,,-1,0.0,1.0
Act 2,s2,1161,1,1.0,0.970588207244873,0.9705882,2774.0,1091.0,False,46.093597576999855,-111.37949209589038,,-1,0.0,1.0
Act 2,s2,342,1,1.0,0.9607843160629272,0.9607843,1189.0,202.0,False,57.287289290389694,-130.71474717312321,,-1,100.0,0.0
Act 2,s2,490,1,1.0,0.9607843160629272,0.9607843,1647.0,655.0,False,54.716684140188,-121.25220321792837,,-1,0.0,1.0
Act 2,s2,846,1,1.0,0.9607843160629272,0.9607843,2266.0,927.0,False,50.08536770498381,-114.97635245146958,,-1,0.0,1.0
Act 2,s2,1221,1,1.0,0.9607843160629272,0.9607843,2801.0,891.0,False,45.57187011004775,-114.0081562543813,,-1,100.0,0.0
Act 2,s2,8,1,1.0,0.9509804248809814,0.9509804,126.0,318.0,False,66.7184281568971,-136.3676046880019,,-1,0.0,1.0
Act 2,s2,493,1,1.0,0.9509804248809814,0.9509804,1650.0,603.0,False,54.57132532950922,-122.04464378438158,,-1,0.0,1.0
Act 2,s2,989,1,1.0,0.9509804248809814,0.9509804,2625.0,1060.0,False,47.29510182748565,-112.14622981211319,,-1,0.0,1.0
Act 2,s2,289,1,1.0,0.9411764740943909,0.9411765,945.0,423.0,False,60.00023474437733,-128.58231251785816,,-1,0.0,1.0
Act 2,s2,569,1,1.0,0.9411764740943909,0.9411765,1908.0,773.0,False,52.789593958718385,-118.42121218860908,,-1,100.0,0.0
Act 2,s2,694,1,1.0,0.9411764740943909,0.9411765,2070.0,796.0,False,51.4835133990735,-117.5086259624375,,-1,0.0,1.0
Act 2,s2,733,1,1.0,0.9313725233078003,0.9313725,2119.0,779.0,False,51.04275056597602,-117.5917869959826,,-1,0.0,1.0
Act 2,s2,766,1,1.0,0.9313725233078003,0.9313725,2173.0,949.0,False,50.90000864179758,-114.93042929951797,,-1,0.0,1.0
Act 2,s2,1215,1,1.0,0.9313725233078003,0.9313725,2798.0,819.0,False,45.47864932905652,-114.9771683347301,,-1,0.0,1.0
Act 2,s2,634,1,1.0,0.9215686321258545,0.92156863,2007.0,723.0,False,51.863287142461395,-118.8084007180456,,-1,0.0,1.0
Act 2,s2,288,1,1.0,0.9117647409439087,0.91176474,929.0,758.0,False,61.07050888017457,-122.89556030212599,,-1,0.0,1.0
Act 2,s2,516,1,1.0,0.9117647409439087,0.91176474,1827.0,656.0,False,53.21839640547657,-120.49633716733118,,-1,0.0,1.0
Act 2,s2,795,1,1.0,0.9117647409439087,0.91176474,2218.0,947.0,False,50.520212145927914,-114.82689970102477,,-1,0.0,1.0
Act 2,s2,974,1,1.0,0.9117647409439087,0.91176474,2582.0,857.0,False,47.33567411739653,-115.05732577846196,,-1,0.0,1.0
Act 2,s2,977,1,1.0,0.9117647409439087,0.91176474,2586.0,848.0,False,47.28716911742414,-115.16980980356627,,-1,0.0,1.0
Act 2,s2,1020,1,1.0,0.9117647409439087,0.91176474,2671.0,1151.0,False,47.035637675683255,-110.78496376334657,,-1,0.0,1.0
Act 2,s2,1170,1,1.0,0.9117647409439087,0.91176474,2776.0,1054.0,False,46.02547859874412,-111.87614502396896,,-1,0.0,1.0
Act 2,s2,72,1,1.0,0.9019607901573181,0.9019608,373.0,340.0,False,64.62595492881569,-133.9499805699395,,-1,0.0,1.0
Act 2,s2,412,1,1.0,0.9019607901573181,0.9019608,1286.0,242.0,False,56.61460424518199,-129.51001985232273,,-1,100.0,0.0
Act 2,s2,688,1,1.0,0.9019607901573181,0.9019608,2067.0,765.0,False,51.448226149453696,-117.97551440157919,,-1,0.0,1.0
Act 2,s2,756,1,1.0,0.9019607901573181,0.9019608,2156.0,722.0,False,50.62370115434592,-118.29420203817655,,-1,0.0,1.0
Act 2,s2,1097,1,1.0,0.9019607901573181,0.9019608,2744.0,762.0,False,45.82797607599403,-115.88805264751633,,-1,0.0,1.0
Act 2,s2,1305,1,1.0,0.9019607901573181,0.9019608,2858.0,793.0,False,44.93714945140538,-115.15971481557193,,-1,0.0,1.0
Act 2,s2,11,1,1.0,0.8921568393707275,0.89215684,139.0,387.0,False,66.87687769302057,-134.94746464648782,,-1,0.0,1.0
Act 2,s2,286,1,1.0,0.8921568393707275,0.89215684,920.0,311.0,False,59.86186673716617,-130.61729651208674,,-1,0.0,1.0
Act 2,s2,505,1,1.0,0.8921568393707275,0.89215684,1691.0,647.0,False,54.33114293602253,-121.19047074427752,,-1,0.0,1.0
Act 2,s2,706,1,1.0,0.8921568393707275,0.89215684,2079.0,833.0,False,51.478706742308624,-116.9326120610417,,-1,100.0,0.0
Act 2,s2,1026,1,1.0,0.8921568393707275,0.89215684,2681.0,859.0,False,46.51670895067905,-114.75662911324326,,-1,0.0,1.0
Act 2,s2,1233,1,1.0,0.8921568393707275,0.89215684,2808.0,1050.0,False,45.75270053214527,-111.85715785265873,,-1,0.0,1.0
Act 2,s2,1418,1,1.0,0.8921568393707275,0.89215684,3088.0,1051.0,False,43.41661364667944,-111.23179240921458,,-1,0.0,1.0
Act 2,s2,1432,1,1.0,0.8921568393707275,0.89215684,3202.0,1245.0,False,42.701623728688716,-108.50802314321292,,-1,0.0,1.0
Act 2,s2,92,1,1.0,0.8823529481887817,0.88235295,392.0,393.0,False,64.65272597608164,-132.8360292454867,,-1,0.0,1.0
Act 2,s2,271,1,1.0,0.8823529481887817,0.88235295,830.0,760.0,False,61.94069195773899,-123.37729570731081,,-1,0.0,1.0
Act 2,s2,884,1,1.0,0.8823529481887817,0.88235295,2329.0,697.0,False,49.14114142447074,-118.06231364675877,,-1,100.0,0.0
Act 2,s2,941,1,1.0,0.8823529481887817,0.88235295,2460.0,923.0,False,48.46075303582914,-114.48014631671234,,-1,0.0,1.0
Act 2,s2,1220,1,1.0,0.8823529481887817,0.88235295,2801.0,821.0,False,45.457126465607764,-114.94242168744232,,-1,0.0,1.0
Act 2,s2,1240,1,1.0,0.8823529481887817,0.88235295,2814.0,837.0,False,45.37596400116231,-114.69456462192505,,-1,0.0,1.0
Act 2,s2,1315,1,1.0,0.8823529481887817,0.88235295,2863.0,1136.0,False,45.40949193511077,-110.58119030792417,,-1,0.0,1.0
Act 2,s2,3,1,1.0,0.8725490570068359,0.87254906,107.0,331.0,False,66.94096381372081,-136.2843991250478,,-1,0.0,1.0
Act 2,s2,159,1,1.0,0.8725490570068359,0.87254906,528.0,447.0,False,63.65145136130868,-130.86836817293553,,-1,0.0,1.0
Act 2,s2,556,1,1.0,0.8725490570068359,0.87254906,1887.0,706.0,False,52.82665941003639,-119.50830227959413,,-1,0.0,1.0
Act 2,s2,748,1,1.0,0.8725490570068359,0.87254906,2147.0,772.0,False,50.796354221033035,-117.59920799665585,,-1,0.0,1.0
Act 2,s2,1229,1,1.0,0.8725490570068359,0.87254906,2806.0,1052.0,False,45.77221264184589,-111.83476147199772,,-1,0.0,1.0
Act 2,s2,1254,1,1.0,0.8725490570068359,0.87254906,2825.0,671.0,False,44.99390132797444,-116.86082972172298,,-1,0.0,1.0
Act 2,s2,1270,1,1.0,0.8725490570068359,0.87254906,2836.0,1057.0,False,45.52877525326277,-111.69980012625398,,-1,0.0,1.0
Act 2,s2,1424,1,1.0,0.8725490570068359,0.87254906,3157.0,1047.0,False,42.834915495453195,-111.1395261091904,,-1,0.0,1.0
Act 2,s2,71,1,1.0,0.8627451062202454,0.8627451,372.0,396.0,False,64.83904613831072,-132.93155631734416,,-1,0.0,1.0
Act 2,s2,220,1,1.0,0.8627451062202454,0.8627451,695.0,595.0,False,62.66241353548429,-127.10825141813046,,-1,0.0,1.0
Act 2,s2,565,1,1.0,0.8627451062202454,0.8627451,1902.0,776.0,False,52.84574249381554,-118.39776343605566,,-1,100.0,0.0
Act 2,s2,673,1,1.0,0.8627451062202454,0.8627451,2046.0,720.0,False,51.5329911983385,-118.7117953714187,,-1,0.0,1.0
Act 2,s2,737,1,1.0,0.8529411554336548,0.85294116,2128.0,776.0,False,50.9620867528858,-117.60512686398201,,-1,0.0,1.0
Act 2,s2,752,1,1.0,0.8529411554336548,0.85294116,2154.0,810.0,False,50.81041080998966,-117.02248377030767,,-1,100.0,0.0
Act 2,s2,1067,1,1.0,0.8529411554336548,0.85294116,2728.0,815.0,False,46.05248080717014,-115.22209428132913,,-1,0.0,1.0
Act 2,s2,1096,1,1.0,0.8529411554336548,0.85294116,2743.0,1131.0,False,46.406662082025996,-110.90338937149542,,-1,0.0,1.0
Act 2,s2,1136,1,1.0,0.8529411554336548,0.85294116,2762.0,798.0,False,45.741478472475585,-115.35599503033195,,-1,100.0,0.0
Act 2,s2,10,1,1.0,0.843137264251709,0.84313726,137.0,386.0,False,66.89096595622256,-134.98319349372164,,-1,0.0,1.0
Act 2,s2,33,1,1.0,0.843137264251709,0.84313726,272.0,462.0,False,65.9649990154356,-132.4608156487079,,-1,0.0,1.0
Act 2,s2,260,1,1.0,0.843137264251709,0.84313726,787.0,519.0,False,61.637278021374776,-127.89306574453367,,-1,0.0,1.0
Act 2,s2,272,1,1.0,0.843137264251709,0.84313726,833.0,761.0,False,61.91698248581289,-123.3434511088486,,-1,0.0,1.0
Act 2,s2,484,1,1.0,0.843137264251709,0.84313726,1539.0,428.0,False,55.056498012942804,-125.26225619902212,,-1,0.0,1.0
Act 2,s2,702,1,1.0,0.843137264251709,0.84313726,2076.0,633.0,False,51.10334108029598,-119.87451296279676,,-1,100.0,0.0
Act 2,s2,847,1,1.0,0.843137264251709,0.84313726,2269.0,848.0,False,49.92261255597321,-116.10572587890906,,-1,100.0,0.0
Act 2,s2,900,1,1.0,0.843137264251709,0.84313726,2351.0,771.0,False,49.10038194285736,-116.94594958974506,,-1,0.0,1.0
Act 2,s2,1064,1,1.0,0.843137264251709,0.84313726,2725.0,831.0,False,46.104506652877234,-115.01503527598122,,-1,0.0,1.0
Act 2,s2,1165,1,1.0,0.843137264251709,0.84313726,2775.0,881.0,False,45.77188677474999,-114.20941636297272,,-1,0.0,1.0
Act 2,s2,1387,1,1.0,0.843137264251709,0.84313726,2969.0,728.0,False,43.90571945738288,-115.70790699090638,,-1,0.0,1.0
Act 2,s2,1435,1,1.0,0.843137264251709,0.84313726,3216.0,1037.0,False,42.32857037243493,-111.14585483730883,,-1,0.0,1.0
Act 2,s2,192,1,1.0,0.8333333730697632,0.8333334,617.0,239.0,False,62.166551838894655,-133.91101973471723,,-1,0.0,1.0
Act 2,s2,238,1,1.0,0.8333333730697632,0.8333334,732.0,518.0,False,62.10866355541887,-128.25110918532027,,-1,0.0,1.0
Act 2,s2,450,1,1.0,0.8333333730697632,0.8333334,1348.0,476.0,False,56.769569903266415,-125.46837751809112,,-1,0.0,1.0
Act 2,s2,796,1,1.0,0.8333333730697632,0.8333334,2220.0,948.0,False,50.50517071617884,-114.80647154221852,,-1,0.0,1.0
Act 2,s2,1163,1,1.0,0.8333333730697632,0.8333334,2775.0,724.0,False,45.50374989393875,-116.30577249048393,,-1,0.0,1.0
Act 2,s2,1178,1,1.0,0.8333333730697632,0.8333334,2781.0,722.0,False,45.45052736308999,-116.31499841903157,,-1,0.0,1.0
Act 2,s2,326,1,1.0,0.8235294222831726,0.8235294,1172.0,491.0,False,58.283899473387386,-126.1523014494678,,-1,0.0,1.0
Act 2,s2,598,1,1.0,0.8235294222831726,0.8235294,1967.0,710.0,False,52.16921313602702,-119.14795686439867,,-1,0.0,1.0
Act 2,s2,967,1,1.0,0.8235294222831726,0.8235294,2550.0,807.0,False,47.51495650818662,-115.83719780852158,,-1,0.0,1.0
Act 2,s2,995,1,1.0,0.8235294222831726,0.8235294,2637.0,923.0,False,46.986996981278004,-114.00177134005635,,-1,0.0,1.0
Act 2,s2,1256,1,1.0,0.8235294222831726,0.8235294,2827.0,669.0,False,44.97368970471514,-116.88125549008888,,-1,0.0,1.0
Act 2,s2,1276,1,1.0,0.8235294222831726,0.8235294,2838.0,1058.0,False,45.513472619155344,-111.6818969953019,,-1,0.0,1.0
Act 2,s2,1338,1,1.0,0.8235294222831726,0.8235294,2902.0,1048.0,False,44.965294595079136,-111.67279395198013,,-1,0.0,1.0
Act 2,s2,1434,1,1.0,0.8235294222831726,0.8235294,3214.0,1040.0,False,42.34931466126905,-111.11172307442423,,-1,0.0,1.0
Act 2,s2,196,1,1.0,0.813725471496582,0.8137255,648.0,572.0,False,63.003968219977814,-127.81389649413374,,-1,0.0,1.0
Act 2,s2,223,1,1.0,0.813725471496582,0.8137255,696.0,587.0,False,62.62984715658235,-127.24571048191589,,-1,0.0,1.0
Act 2,s2,355,1,1.0,0.813725471496582,0.8137255,1202.0,414.0,False,57.81612176024578,-127.24422350333968,,-1,0.0,1.0
Act 2,s2,594,1,1.0,0.813725471496582,0.8137255,1963.0,730.0,False,52.24369819448173,-118.86496999809901,,-1,0.0,1.0
Act 2,s2,686,1,1.0,0.813725471496582,0.8137255,2066.0,732.0,False,51.39100843410111,-118.46405705138102,,-1,0.0,1.0
Act 2,s2,1079,1,1.0,0.813725471496582,0.8137255,2736.0,737.0,False,45.849724808919994,-116.24539579239261,,-1,0.0,1.0
Act 2,s2,1224,1,1.0,0.813725471496582,0.8137255,2804.0,936.0,False,45.61763814720871,-113.39820553981178,,-1,100.0,0.0
Act 2,s2,1307,1,1.0,0.813725471496582,0.8137255,2859.0,1042.0,False,45.31576774028067,-111.84898487053,,-1,0.0,1.0
Act 2,s2,1331,1,1.0,0.813725471496582,0.8137255,2894.0,875.0,False,44.77341541109147,-113.98332481191515,,-1,0.0,1.0
Act 2,s2,1437,1,1.0,0.813725471496582,0.8137255,3221.0,1238.0,False,42.534446930199465,-108.56551306586208,,-1,0.0,1.0
Act 2,s2,28,1,1.0,0.8039215803146362,0.8039216,243.0,39.0,False,64.54265208120711,-140.43616483940812,,-1,0.0,1.0
Act 2,s2,50,1,1.0,0.8039215803146362,0.8039216,333.0,393.0,False,65.17141965137469,-133.2840832882578,,-1,0.0,1.0
Act 2,s2,133,1,1.0,0.8039215803146362,0.8039216,443.0,416.0,False,64.2875382255641,-132.037800329791,,-1,0.0,1.0
Act 2,s2,314,1,1.0,0.8039215803146362,0.8039216,1140.0,571.0,False,58.771691762818726,-124.999808788461,,-1,0.0,1.0
Act 2,s2,315,1,1.0,0.8039215803146362,0.8039216,1144.0,439.0,False,58.37265317358599,-127.15963897583623,,-1,0.0,1.0
Act 2,s2,469,1,1.0,0.8039215803146362,0.8039216,1442.0,319.0,False,55.55831299244607,-127.44403976112142,,-1,0.0,1.0
Act 2,s2,536,1,1.0,0.8039215803146362,0.8039216,1846.0,711.0,False,53.17888799760827,-119.58979128222802,,-1,0.0,1.0
Act 2,s2,618,1,1.0,0.8039215803146362,0.8039216,1996.0,719.0,False,51.94658295007041,-118.90768696251075,,-1,0.0,1.0
Act 2,s2,740,1,1.0,0.8039215803146362,0.8039216,2135.0,717.0,False,50.787964468712296,-118.43990357755945,,-1,0.0,1.0
Act 2,s2,746,1,1.0,0.8039215803146362,0.8039216,2143.0,870.0,False,51.01258106874849,-116.18095544378285,,-1,0.0,1.0
Act 2,s2,865,1,1.0,0.8039215803146362,0.8039216,2291.0,923.0,False,49.86989584121119,-114.96091899512649,,-1,100.0,0.0
Act 2,s2,878,1,1.0,0.8039215803146362,0.8039216,2313.0,932.0,False,49.70142783048148,-114.76777996978785,,-1,0.0,1.0
Act 2,s2,893,1,1.0,0.8039215803146362,0.8039216,2340.0,695.0,False,49.04622021918595,-118.05376423882124,,-1,100.0,0.0
Act 2,s2,905,1,1.0,0.8039215803146362,0.8039216,2361.0,946.0,False,49.32404743648388,-114.43089117172278,,-1,0.0,1.0
Act 2,s2,917,1,1.0,0.8039215803146362,0.8039216,2408.0,1009.0,False,49.03215968889033,-113.40537575147614,,-1,0.0,1.0
Act 2,s2,1078,1,1.0,0.8039215803146362,0.8039216,2735.0,882.0,False,46.10591246314756,-114.30086364101052,,-1,0.0,1.0
Act 2,s2,1138,1,1.0,0.8039215803146362,0.8039216,2763.0,819.0,False,45.76897234266183,-115.07225969609665,,-1,100.0,0.0
Act 2,s2,1189,1,1.0,0.8039215803146362,0.8039216,2787.0,759.0,False,45.46665302724663,-115.80621095080947,,-1,0.0,1.0
Act 2,s2,1222,1,1.0,0.8039215803146362,0.8039216,2801.0,909.0,False,45.60044953244476,-113.76733559644563,,-1,0.0,1.0
Act 2,s2,1319,1,1.0,0.8039215803146362,0.8039216,2869.0,744.0,False,44.76147957788474,-115.77485908103593,,-1,0.0,1.0
Act 2,s2,1388,1,1.0,0.8039215803146362,0.8039216,2970.0,999.0,False,44.32873063600978,-112.16810400061958,,-1,0.0,1.0
Act 2,s2,1416,1,1.0,0.8039215803146362,0.8039216,3065.0,843.0,False,43.30160160929559,-113.97259188294116,,-1,0.0,1.0
Act 2,s2,34,1,1.0,0.7941176891326904,0.7941177,282.0,208.0,False,64.90842350779853,-137.07979085908525,,-1,0.0,1.0
Act 2,s2,210,1,1.0,0.7941176891326904,0.7941177,681.0,615.0,False,62.844174388917246,-126.83359296578658,,-1,0.0,1.0
Act 2,s2,230,1,1.0,0.7941176891326904,0.7941177,705.0,621.0,False,62.65167151422412,-126.58030052347513,,-1,0.0,1.0
Act 2,s2,258,1,1.0,0.7941176891326904,0.7941177,779.0,515.0,False,61.6940906109496,-128.01228000458048,,-1,0.0,1.0
Act 2,s2,463,1,1.0,0.7941176891326904,0.7941177,1424.0,576.0,False,56.39331789883536,-123.49728330754684,,-1,100.0,0.0
Act 2,s2,497,1,1.0,0.7941176891326904,0.7941177,1674.0,665.0,False,54.513776129809216,-120.98361149956233,,-1,0.0,1.0
Act 2,s2,692,1,1.0,0.7941176891326904,0.7941177,2069.0,803.0,False,51.505284308067885,-117.40879863182273,,-1,0.0,1.0
Act 2,s2,772,1,1.0,0.7941176891326904,0.7941177,2183.0,713.0,False,50.381869463991904,-118.33068278138781,,-1,0.0,1.0
Act 2,s2,773,1,1.0,0.7941176891326904,0.7941177,2184.0,806.0,False,50.55318073032859,-116.98238753129084,,-1,0.0,1.0
Act 2,s2,784,1,1.0,0.7941176891326904,0.7941177,2201.0,894.0,False,50.571127849258154,-115.64971132065814,,-1,0.0,1.0
Act 2,s2,1042,1,1.0,0.7941176891326904,0.7941177,2704.0,1141.0,False,46.746217546465445,-110.85099896635253,,-1,0.0,1.0
Act 2,s2,1130,1,1.0,0.7941176891326904,0.7941177,2760.0,971.0,False,46.037534542381565,-113.03608649470868,,-1,0.0,1.0
Act 2,s2,1247,1,1.0,0.7941176891326904,0.7941177,2821.0,672.0,False,45.02878084400865,-116.85944322371917,,-1,0.0,1.0
Act 2,s2,1408,1,1.0,0.7941176891326904,0.7941177,3019.0,910.0,False,43.78868520283072,-113.21747259772465,,-1,0.0,1.0
Act 2,s2,44,1,1.0,0.7843137383460999,0.78431374,326.0,90.0,False,64.05523800166843,-138.81296145955199,,-1,0.0,1.0
Act 2,s2,66,1,1.0,0.7843137383460999,0.78431374,355.0,333.0,False,64.75702924878439,-134.21734376833513,,-1,0.0,1.0
Act 2,s2,118,1,1.0,0.7843137383460999,0.78431374,415.0,219.0,False,63.809183197260175,-135.79925718218558,,-1,0.0,1.0
Act 2,s2,130,1,1.0,0.7843137383460999,0.78431374,440.0,379.0,False,64.18327005148753,-132.73347356963362,,-1,0.0,1.0
Act 2,s2,136,1,1.0,0.7843137383460999,0.78431374,448.0,158.0,False,63.29438441094605,-136.61192508428414,,-1,0.0,1.0
Act 2,s2,144,1,1.0,0.7843137383460999,0.78431374,458.0,426.0,False,64.19110087003854,-131.74647412792245,,-1,0.0,1.0
Act 2,s2,163,1,1.0,0.7843137383460999,0.78431374,538.0,419.0,False,63.469962541573516,-131.30339813549952,,-1,0.0,1.0
Act 2,s2,179,1,1.0,0.7843137383460999,0.78431374,590.0,476.0,False,63.2073966139451,-129.92088826589568,,-1,0.0,1.0
Act 2,s2,184,1,1.0,0.7843137383460999,0.78431374,596.0,525.0,False,63.31249652307011,-128.99733135217403,,-1,0.0,1.0
Act 2,s2,199,1,1.0,0.7843137383460999,0.78431374,659.0,568.0,False,62.89560616582589,-127.81683719975662,,-1,0.0,1.0
Act 2,s2,382,1,1.0,0.7843137383460999,0.78431374,1224.0,430.0,False,57.67786063206504,-126.86408453339634,,-1,0.0,1.0
Act 2,s2,414,1,1.0,0.7843137383460999,0.78431374,1291.0,231.0,False,56.540188864660166,-129.6533558750275,,-1,100.0,0.0
Act 2,s2,444,1,1.0,0.7843137383460999,0.78431374,1332.0,290.0,False,56.37966011923503,-128.49602777752796,,-1,100.0,0.0
Act 2,s2,471,1,1.0,0.7843137383460999,0.78431374,1444.0,318.0,False,55.53903285997377,-127.44885227693517,,-1,0.0,1.0
Act 2,s2,544,1,1.0,0.7843137383460999,0.78431374,1857.0,692.0,False,53.04677444925398,-119.83452639343508,,-1,0.0,1.0
Act 2,s2,725,1,1.0,0.7843137383460999,0.78431374,2102.0,762.0,False,51.15115096243981,-117.89851260090278,,-1,0.0,1.0
Act 2,s2,887,1,1.0,0.7843137383460999,0.78431374,2333.0,677.0,False,49.06860989791304,-118.33065173236703,,-1,100.0,0.0
Act 2,s2,933,1,1.0,0.7843137383460999,0.78431374,2445.0,727.0,False,48.23899941999327,-117.26441531574169,,-1,0.0,1.0
Act 2,s2,1095,1,1.0,0.7843137383460999,0.78431374,2742.0,1126.0,False,46.40838108752485,-110.97376738653135,,-1,0.0,1.0
Act 2,s2,1148,1,1.0,0.7843137383460999,0.78431374,2768.0,749.0,False,45.60630811820865,-115.99319670870858,,-1,100.0,0.0
Act 2,s2,1153,1,1.0,0.7843137383460999,0.78431374,2769.0,887.0,False,45.83143064033456,-114.14452679195588,,-1,0.0,1.0
Act 2,s2,1311,1,1.0,0.7843137383460999,0.78431374,2861.0,1129.0,False,45.41711108332386,-110.67930149496432,,-1,0.0,1.0
Act 2,s2,1385,1,1.0,0.7843137383460999,0.78431374,2960.0,749.0,False,44.01668232471234,-115.4599409130715,,-1,0.0,1.0
Act 2,s2,39,1,1.0,0.7745097875595093,0.7745098,308.0,307.0,False,65.06932757598379,-135.06439917735048,,-1,0.0,1.0
Act 2,s2,56,1,1.0,0.7745097875595093,0.7745098,341.0,106.0,False,63.99366312564906,-138.4039512701684,,-1,0.0,1.0
Act 2,s2,62,1,1.0,0.7745097875595093,0.7745098,346.0,289.0,False,64.669943337174,-135.0896484792079,,-1,0.0,1.0
Act 2,s2,153,1,1.0,0.7745097875595093,0.7745098,491.0,285.0,False,63.40450448506093,-134.03992464709646,,-1,0.0,1.0
Act 2,s2,256,1,1.0,0.7745097875595093,0.7745098,777.0,421.0,False,61.42039274402244,-129.6627294356749,,-1,0.0,1.0
Act 2,s2,295,1,1.0,0.7745097875595093,0.7745098,975.0,710.0,False,60.54864063905344,-123.49756989437641,,-1,0.0,1.0
Act 2,s2,363,1,1.0,0.7745097875595093,0.7745098,1208.0,423.0,False,57.79165436923956,-127.0652157437627,,-1,0.0,1.0
Act 2,s2,464,1,1.0,0.7745097875595093,0.7745098,1427.0,571.0,False,56.355688382245674,-123.56267701535118,,-1,100.0,0.0
Act 2,s2,480,1,1.0,0.7745097875595093,0.7745098,1509.0,391.0,False,55.20553927272701,-125.98320215329362,,-1,0.0,1.0
Act 2,s2,512,1,1.0,0.7745097875595093,0.7745098,1772.0,738.0,False,53.85398005852563,-119.46407283883971,,-1,0.0,1.0
Act 2,s2,527,1,1.0,0.7745097875595093,0.7745098,1838.0,675.0,False,53.16835438009239,-120.16552761808526,,-1,0.0,1.0
Act 2,s2,647,1,1.0,0.7745097875595093,0.7745098,2023.0,767.0,False,51.818520113412454,-118.09977716333368,,-1,0.0,1.0
Act 2,s2,829,1,1.0,0.7745097875595093,0.7745098,2251.0,893.0,False,50.15214726703066,-115.51226087280878,,-1,0.0,1.0
Act 2,s2,844,1,1.0,0.7745097875595093,0.7745098,2266.0,896.0,False,50.03224164398824,-115.42384954600264,,-1,0.0,1.0
Act 2,s2,879,1,1.0,0.7745097875595093,0.7745098,2318.0,704.0,False,49.24587511081205,-118.00024612267173,,-1,0.0,1.0
Act 2,s2,968,1,1.0,0.7745097875595093,0.7745098,2550.0,1024.0,False,47.868746361736065,-112.82906685527266,,-1,0.0,1.0
Act 2,s2,976,1,1.0,0.7745097875595093,0.7745098,2584.0,850.0,False,47.30718310266848,-115.14795673162932,,-1,0.0,1.0
Act 2,s2,982,1,1.0,0.7745097875595093,0.7745098,2595.0,825.0,False,47.1730021495534,-115.45989087973403,,-1,0.0,1.0
Act 2,s2,1010,1,1.0,0.7745097875595093,0.7745098,2657.0,1000.0,False,46.939795784903446,-112.89496992846561,,-1,0.0,1.0
Act 2,s2,1088,1,1.0,0.7745097875595093,0.7745098,2740.0,817.0,False,45.956356528906326,-115.16211884456949,,-1,0.0,1.0
Act 2,s2,1185,1,1.0,0.7745097875595093,0.7745098,2785.0,881.0,False,45.688787536231764,-114.18336828849498,,-1,0.0,1.0
Act 2,s2,1238,1,1.0,0.7745097875595093,0.7745098,2812.0,892.0,False,45.482029954559835,-113.9665634379073,,-1,0.0,1.0
Act 2,s2,1343,1,1.0,0.7745097875595093,0.7745098,2907.0,989.0,False,44.83942322022583,-112.4444739271697,,-1,0.0,1.0
Act 2,s2,1417,1,1.0,0.7745097875595093,0.7745098,3073.0,1063.0,False,43.55806920858581,-111.10741918319935,,-1,0.0,1.0
Act 2,s2,1422,1,1.0,0.7745097875595093,0.7745098,3147.0,1049.0,False,42.921139022493904,-111.13451815929145,,-1,0.0,1.0
Act 2,s2,1429,1,1.0,0.7745097875595093,0.7745098,3180.0,1217.0,False,42.854437371707114,-108.90700347377538,,-1,0.0,1.0
Act 2,s2,53,1,1.0,0.7647058963775635,0.7647059,337.0,314.0,False,64.8428430649648,-134.70563859486714,,-1,0.0,1.0
Act 2,s2,134,1,1.0,0.7647058963775635,0.7647059,445.0,462.0,False,64.4291649647179,-131.18086796501103,,-1,0.0,1.0
Act 2,s2,247,1,1.0,0.7647058963775635,0.7647059,749.0,525.0,False,61.98310698240118,-128.02170070791925,,-1,0.0,1.0
Act 2,s2,299,1,1.0,0.7647058963775635,0.7647059,1007.0,276.0,False,59.02433199482803,-130.6458147119384,,-1,0.0,1.0
Act 2,s2,362,1,1.0,0.7647058963775635,0.7647059,1207.0,403.0,False,57.742945894895215,-127.39453250106212,,-1,0.0,1.0
Act 2,s2,420,1,1.0,0.7647058963775635,0.7647059,1301.0,357.0,False,56.83007248455891,-127.61168367696429,,-1,0.0,1.0
Act 2,s2,445,1,1.0,0.7647058963775635,0.7647059,1332.0,339.0,False,56.52201086862174,-127.72615150209187,,-1,100.0,0.0
Act 2,s2,486,1,1.0,0.7647058963775635,0.7647059,1637.0,561.0,False,54.57958759788055,-122.75013689849622,,-1,0.0,1.0
Act 2,s2,506,1,1.0,0.7647058963775635,0.7647059,1710.0,676.0,False,54.237717063449196,-120.66474364436534,,-1,0.0,1.0
Act 2,s2,515,1,1.0,0.7647058963775635,0.7647059,1823.0,694.0,False,53.33434145058449,-119.93670898767462,,-1,0.0,1.0
Act 2,s2,530,1,1.0,0.7647058963775635,0.7647059,1842.0,714.0,False,53.21859643352119,-119.55973553183263,,-1,100.0,0.0
Act 2,s2,620,1,1.0,0.7647058963775635,0.7647059,1998.0,656.0,False,51.798330872981985,-119.83132886921284,,-1,100.0,0.0
Act 2,s2,719,1,1.0,0.7647058963775635,0.7647059,2095.0,819.0,False,51.31893792647367,-117.08578955971377,,-1,0.0,1.0
Act 2,s2,734,1,1.0,0.7647058963775635,0.7647059,2122.0,764.0,False,50.988731872282564,-117.80068505523025,,-1,0.0,1.0
Act 2,s2,809,1,1.0,0.7647058963775635,0.7647059,2235.0,804.0,False,50.1251927221876,-116.84598252396809,,-1,0.0,1.0
Act 2,s2,831,1,1.0,0.7647058963775635,0.7647059,2252.0,891.0,False,50.14032061650318,-115.538138597554,,-1,0.0,1.0
Act 2,s2,886,1,1.0,0.7647058963775635,0.7647059,2332.0,944.0,False,49.56280270837826,-114.54137431348126,,-1,0.0,1.0
Act 2,s2,915,1,1.0,0.7647058963775635,0.7647059,2405.0,995.0,False,49.035372308042525,-113.61242140980052,,-1,0.0,1.0
Act 2,s2,916,1,1.0,0.7647058963775635,0.7647059,2406.0,993.0,False,49.023875169738474,-113.63817830559098,,-1,0.0,1.0
Act 2,s2,931,1,1.0,0.7647058963775635,0.7647059,2441.0,782.0,False,48.374193918074134,-116.5105259074712,,-1,0.0,1.0
Act 2,s2,1008,1,1.0,0.7647058963775635,0.7647059,2655.0,1028.0,False,46.99808076931845,-112.51536710831465,,-1,0.0,1.0
Act 2,s2,1022,1,1.0,0.7647058963775635,0.7647059,2675.0,1162.0,False,47.016547177527,-110.62460046989419,,-1,0.0,1.0
Act 2,s2,1024,1,1.0,0.7647058963775635,0.7647059,2677.0,1005.0,False,46.78047472133841,-112.77726732060196,,-1,0.0,1.0
Act 2,s2,1048,1,1.0,0.7647058963775635,0.7647059,2708.0,1033.0,False,46.56303458871226,-112.31992485142285,,-1,0.0,1.0
Act 2,s2,1111,1,1.0,0.7647058963775635,0.7647059,2750.0,754.0,False,45.76416439638211,-115.9778807604664,,-1,0.0,1.0
Act 2,s2,1204,1,1.0,0.7647058963775635,0.7647059,2792.0,794.0,False,45.485941983328935,-115.32654253594508,,-1,0.0,1.0
Act 2,s2,1218,1,1.0,0.7647058963775635,0.7647059,2800.0,879.0,False,45.560915818209445,-114.17116635503965,,-1,100.0,0.0
Act 2,s2,1289,1,1.0,0.7647058963775635,0.7647059,2847.0,1123.0,False,45.526317953551946,-110.78934587001102,,-1,0.0,1.0
Act 2,s2,1297,1,1.0,0.7647058963775635,0.7647059,2853.0,1089.0,False,45.430789565716175,-111.23295859100875,,-1,0.0,1.0
Act 2,s2,49,1,1.0,0.7549020051956177,0.754902,333.0,389.0,False,65.15677374702639,-133.35811497441867,,-1,0.0,1.0
Act 2,s2,51,1,1.0,0.7549020051956177,0.754902,334.0,308.0,False,64.84632383899287,-134.83893175049928,,-1,0.0,1.0
Act 2,s2,65,1,1.0,0.7549020051956177,0.754902,354.0,361.0,False,64.86941720104,-133.712343406996,,-1,0.0,1.0
Act 2,s2,103,1,1.0,0.7549020051956177,0.754902,398.0,305.0,False,64.2791751936954,-134.39198264037134,,-1,0.0,1.0
Act 2,s2,110,1,1.0,0.7549020051956177,0.754902,401.0,425.0,False,64.6875982856995,-132.1811201888324,,-1,0.0,1.0
Act 2,s2,111,1,1.0,0.7549020051956177,0.754902,405.0,336.0,False,64.33270150536516,-133.7770809466877,,-1,0.0,1.0
Act 2,s2,127,1,1.0,0.7549020051956177,0.754902,436.0,388.0,False,64.25010025594827,-132.59949844804214,,-1,0.0,1.0
Act 2,s2,219,1,1.0,0.7549020051956177,0.754902,693.0,615.0,False,62.739082447484606,-126.76072557327366,,-1,0.0,1.0
Act 2,s2,330,1,1.0,0.7549020051956177,0.754902,1179.0,197.0,False,57.35357743724176,-130.85469576255932,,-1,100.0,0.0
Act 2,s2,356,1,1.0,0.7549020051956177,0.754902,1203.0,244.0,False,57.30304078231159,-129.96516859089428,,-1,100.0,0.0
Act 2,s2,424,1,1.0,0.7549020051956177,0.754902,1304.0,345.0,False,56.770739930515106,-127.78532965333669,,-1,0.0,1.0
Act 2,s2,452,1,1.0,0.7549020051956177,0.754902,1376.0,423.0,False,56.393133376438634,-126.16548275665086,,-1,0.0,1.0
Act 2,s2,494,1,1.0,0.7549020051956177,0.754902,1656.0,601.0,False,54.51665380057394,-122.04940896353662,,-1,0.0,1.0
Act 2,s2,503,1,1.0,0.7549020051956177,0.754902,1685.0,642.0,False,54.369815966147094,-121.29278247261726,,-1,0.0,1.0
Act 2,s2,532,1,1.0,0.7549020051956177,0.754902,1844.0,712.0,False,53.19768314132747,-119.58234256900877,,-1,0.0,1.0
Act 2,s2,564,1,1.0,0.7549020051956177,0.754902,1901.0,709.0,False,52.71638090705985,-119.41005968545763,,-1,0.0,1.0
Act 2,s2,586,1,1.0,0.7549020051956177,0.754902,1950.0,720.0,False,52.33134645358043,-119.06197446253806,,-1,0.0,1.0
Act 2,s2,762,1,1.0,0.7549020051956177,0.754902,2168.0,869.0,False,50.80213075196224,-116.11665008700999,,-1,100.0,0.0
Act 2,s2,771,1,1.0,0.7549020051956177,0.754902,2181.0,709.0,False,50.39047885981326,-118.39527068075827,,-1,0.0,1.0
Act 2,s2,873,1,1.0,0.7549020051956177,0.754902,2306.0,890.0,False,49.68834165604937,-115.39070842248307,,-1,0.0,1.0
Act 2,s2,998,1,1.0,0.7549020051956177,0.754902,2639.0,759.0,False,46.69203505079575,-116.23232233753475,,-1,0.0,1.0
Act 2,s2,1181,1,1.0,0.7549020051956177,0.754902,2783.0,903.0,False,45.740636699154244,-113.89364179917999,,-1,0.0,1.0
Act 2,s2,1227,1,1.0,0.7549020051956177,0.754902,2806.0,898.0,False,45.54145984451546,-113.90174791407516,,-1,0.0,1.0
Act 2,s2,1230,1,1.0,0.7549020051956177,0.754902,2806.0,1058.0,False,45.780636275300495,-111.75390791700111,,-1,0.0,1.0
Act 2,s2,1266,1,1.0,0.7549020051956177,0.754902,2835.0,776.0,False,45.09866785126094,-115.44706145083157,,-1,100.0,0.0
Act 2,s2,1339,1,1.0,0.7549020051956177,0.754902,2904.0,740.0,False,44.46474868053242,-115.7302852314509,,-1,0.0,1.0
Act 2,s2,1349,1,1.0,0.7549020051956177,0.754902,2912.0,756.0,False,44.4263170971655,-115.49909453724405,,-1,0.0,1.0
Act 2,s2,21,1,1.0,0.7450980544090271,0.74509805,199.0,428.0,False,66.49462224062889,-133.6768332629771,,-1,0.0,1.0
Act 2,s2,58,1,1.0,0.7450980544090271,0.74509805,342.0,289.0,False,64.70467165802584,-135.12145016339105,,-1,0.0,1.0
Act 2,s2,91,1,1.0,0.7450980544090271,0.74509805,392.0,335.0,False,64.4420630660997,-133.89475562118946,,-1,0.0,1.0
Act 2,s2,95,1,1.0,0.7450980544090271,0.74509805,394.0,299.0,False,64.29149230685607,-134.5313755040592,,-1,0.0,1.0
Act 2,s2,166,1,1.0,0.7450980544090271,0.74509805,544.0,435.0,False,63.47185651162394,-130.9734860164832,,-1,0.0,1.0
Act 2,s2,176,1,1.0,0.7450980544090271,0.74509805,578.0,482.0,False,63.331411923813796,-129.89360865619875,,-1,0.0,1.0
Act 2,s2,186,1,1.0,0.7450980544090271,0.74509805,608.0,479.0,False,63.06061071971817,-129.74647942542836,,-1,0.0,1.0
Act 2,s2,319,1,1.0,0.7450980544090271,0.74509805,1161.0,506.0,False,58.417863581662616,-125.9649035478627,,-1,0.0,1.0
Act 2,s2,332,1,1.0,0.7450980544090271,0.74509805,1181.0,234.0,False,57.453159969552374,-130.2555194207985,,-1,0.0,1.0
Act 2,s2,378,1,1.0,0.7450980544090271,0.74509805,1220.0,545.0,False,58.026556096359876,-125.01185043809792,,-1,0.0,1.0
Act 2,s2,478,1,1.0,0.7450980544090271,0.74509805,1502.0,383.0,False,55.2416285089931,-126.14224859103041,,-1,0.0,1.0
Act 2,s2,540,1,1.0,0.7450980544090271,0.74509805,1851.0,656.0,False,53.01880164943149,-120.40082191930345,,-1,0.0,1.0
Act 2,s2,560,1,1.0,0.7450980544090271,0.74509805,1896.0,760.0,False,52.86348164564605,-118.66112008319438,,-1,0.0,1.0
Act 2,s2,611,1,1.0,0.7450980544090271,0.74509805,1986.0,784.0,False,52.16048945612552,-117.97731175624503,,-1,100.0,0.0
Act 2,s2,751,1,1.0,0.7450980544090271,0.74509805,2154.0,797.0,False,50.78589702416234,-117.21187877074037,,-1,0.0,1.0
Act 2,s2,797,1,1.0,0.7450980544090271,0.74509805,2220.0,960.0,False,50.52524976487369,-114.63161334554621,,-1,0.0,1.0
Act 2,s2,850,1,1.0,0.7450980544090271,0.74509805,2273.0,670.0,False,49.55067101998267,-118.63449995028152,,-1,0.0,1.0
Act 2,s2,883,1,1.0,0.7450980544090271,0.74509805,2327.0,869.0,False,49.476873375342045,-115.62834082491592,,-1,100.0,0.0
Act 2,s2,947,1,1.0,0.7450980544090271,0.74509805,2472.0,962.0,False,48.42387802261843,-113.89940057738187,,-1,0.0,1.0
Act 2,s2,954,1,1.0,0.7450980544090271,0.74509805,2490.0,1040.0,False,48.393966496336105,-112.75537249702475,,-1,0.0,1.0
Act 2,s2,970,1,1.0,0.7450980544090271,0.74509805,2552.0,1026.0,False,47.85503774035348,-112.79617758948375,,-1,0.0,1.0
Act 2,s2,1011,1,1.0,0.7450980544090271,0.74509805,2658.0,1008.0,False,46.94343375021981,-112.78273123128923,,-1,0.0,1.0
Act 2,s2,1115,1,1.0,0.7450980544090271,0.74509805,2753.0,752.0,False,45.73578698488275,-115.99601784284683,,-1,0.0,1.0
Act 2,s2,1151,1,1.0,0.7450980544090271,0.74509805,2769.0,809.0,False,45.702242561619464,-115.18961939027717,,-1,100.0,0.0
Act 2,s2,1219,1,1.0,0.7450980544090271,0.74509805,2800.0,905.0,False,45.60244690605846,-113.82341762078642,,-1,0.0,1.0
Act 2,s2,1235,1,1.0,0.7450980544090271,0.74509805,2810.0,935.0,False,45.56615835427181,-113.39668340357409,,-1,100.0,0.0
Act 2,s2,1367,1,1.0,0.7450980544090271,0.74509805,2938.0,979.0,False,44.566445685792324,-112.50471540376219,,-1,0.0,1.0
Act 2,s2,1414,1,1.0,0.7450980544090271,0.74509805,3045.0,1074.0,False,43.80669030660671,-111.02257467608362,,-1,0.0,1.0
Act 2,s2,32,1,1.0,0.7352941036224365,0.7352941,270.0,456.0,False,65.96111626389249,-132.58957469318545,,-1,0.0,1.0
Act 2,s2,59,1,1.0,0.7352941036224365,0.7352941,343.0,312.0,False,64.7830182988714,-134.69477494739695,,-1,0.0,1.0
Act 2,s2,79,1,1.0,0.7352941036224365,0.7352941,378.0,328.0,False,64.5380491452964,-134.12990089698096,,-1,0.0,1.0
Act 2,s2,122,1,1.0,0.7352941036224365,0.7352941,426.0,327.0,False,64.11760694033613,-133.77994182301313,,-1,0.0,1.0
Act 2,s2,149,1,1.0,0.7352941036224365,0.7352941,463.0,439.0,False,64.19221006561207,-131.47327149521962,,-1,0.0,1.0
Act 2,s2,174,1,1.0,0.7352941036224365,0.7352941,574.0,477.0,False,63.34995944758954,-130.01076231075194,,-1,0.0,1.0
Act 2,s2,195,1,1.0,0.7352941036224365,0.7352941,643.0,592.0,False,63.108522662488255,-127.48369248912718,,-1,0.0,1.0
Act 2,s2,197,1,1.0,0.7352941036224365,0.7352941,648.0,632.0,False,63.184233567681005,-126.72684139362991,,-1,0.0,1.0
Act 2,s2,202,1,1.0,0.7352941036224365,0.7352941,669.0,293.0,False,61.915949337501736,-132.60453620652538,,-1,0.0,1.0
Act 2,s2,214,1,1.0,0.7352941036224365,0.7352941,688.0,580.0,False,62.67870019521347,-127.42054396176088,,-1,0.0,1.0
Act 2,s2,224,1,1.0,0.7352941036224365,0.7352941,697.0,584.0,False,62.61216076710593,-127.29336798040848,,-1,0.0,1.0
Act 2,s2,312,1,1.0,0.7352941036224365,0.7352941,1102.0,287.0,False,58.27017954877414,-129.88129841180023,,-1,0.0,1.0
Act 2,s2,316,1,1.0,0.7352941036224365,0.7352941,1149.0,230.0,False,57.70412778400722,-130.51276265804728,,-1,100.0,0.0
Act 2,s2,323,1,1.0,0.7352941036224365,0.7352941,1169.0,268.0,False,57.657228483198054,-129.78501913742093,,-1,0.0,1.0
Act 2,s2,339,1,1.0,0.7352941036224365,0.7352941,1187.0,257.0,False,57.4748831405451,-129.85353735450303,,-1,100.0,0.0
Act 2,s2,353,1,1.0,0.7352941036224365,0.7352941,1202.0,207.0,False,57.19630276934117,-130.55707955764814,,-1,100.0,0.0
Act 2,s2,392,1,1.0,0.7352941036224365,0.7352941,1235.0,393.0,False,57.48107597675094,-127.40052699192744,,-1,0.0,1.0
Act 2,s2,396,1,1.0,0.7352941036224365,0.7352941,1243.0,217.0,False,56.891005642411244,-130.1543901766659,,-1,100.0,0.0
Act 2,s2,401,1,1.0,0.7352941036224365,0.7352941,1254.0,216.0,False,56.79769630382126,-130.10503553127708,,-1,100.0,0.0
Act 2,s2,418,1,1.0,0.7352941036224365,0.7352941,1298.0,353.0,False,56.843423357290824,-127.69163399981655,,-1,0.0,1.0
Act 2,s2,485,1,1.0,0.7352941036224365,0.7352941,1624.0,559.0,False,54.68283981368534,-122.83925345482524,,-1,0.0,1.0
Act 2,s2,489,1,1.0,0.7352941036224365,0.7352941,1647.0,590.0,False,54.565662003764956,-122.25849228828653,,-1,0.0,1.0
Act 2,s2,499,1,1.0,0.7352941036224365,0.7352941,1676.0,672.0,False,54.51280789271024,-120.86692058982077,,-1,0.0,1.0
Act 2,s2,514,1,1.0,0.7352941036224365,0.7352941,1822.0,698.0,False,53.35127020304058,-119.87991771663366,,-1,100.0,0.0
Act 2,s2,522,1,1.0,0.7352941036224365,0.7352941,1833.0,700.0,False,53.26385293915295,-119.80670972571575,,-1,100.0,0.0
Act 2,s2,534,1,1.0,0.7352941036224365,0.7352941,1845.0,683.0,False,53.12737560091947,-120.01716155110095,,-1,0.0,1.0
Act 2,s2,562,1,1.0,0.7352941036224365,0.7352941,1897.0,845.0,False,53.023270979532896,-117.37111561253116,,-1,0.0,1.0
Act 2,s2,577,1,1.0,0.7352941036224365,0.7352941,1926.0,856.0,False,52.801272329483396,-117.10428428457813,,-1,0.0,1.0
Act 2,s2,602,1,1.0,0.7352941036224365,0.7352941,1972.0,890.0,False,52.479227953796375,-116.43653856613653,,-1,0.0,1.0
Act 2,s2,616,1,1.0,0.7352941036224365,0.7352941,1994.0,649.0,False,51.81655018139909,-119.94969298980826,,-1,100.0,0.0
Act 2,s2,664,1,1.0,0.7352941036224365,0.7352941,2038.0,744.0,False,51.64788573678024,-118.38678938703251,,-1,0.0,1.0
Act 2,s2,708,1,1.0,0.7352941036224365,0.7352941,2080.0,746.0,False,51.30257140325758,-118.20930489006668,,-1,0.0,1.0
Act 2,s2,754,1,1.0,0.7352941036224365,0.7352941,2155.0,804.0,False,50.790798671128,-117.10661961672396,,-1,0.0,1.0
Act 2,s2,841,1,1.0,0.7352941036224365,0.7352941,2264.0,917.0,False,50.0850572846643,-115.12670834785482,,-1,0.0,1.0
Act 2,s2,913,1,1.0,0.7352941036224365,0.7352941,2392.0,770.0,False,48.7584812853812,-116.83065175641467,,-1,0.0,1.0
Act 2,s2,935,1,1.0,0.7352941036224365,0.7352941,2454.0,809.0,False,48.31505973750877,-116.09406157340892,,-1,0.0,1.0
Act 2,s2,965,1,1.0,0.7352941036224365,0.7352941,2541.0,757.0,False,47.499909558590566,-116.55205038013806,,-1,0.0,1.0
Act 2,s2,993,1,1.0,0.7352941036224365,0.7352941,2634.0,1043.0,False,47.19533800001062,-112.35947384420477,,-1,0.0,1.0
Act 2,s2,1063,1,1.0,0.7352941036224365,0.7352941,2725.0,765.0,False,45.99060028054878,-115.90207821787229,,-1,0.0,1.0
Act 2,s2,1167,1,1.0,0.7352941036224365,0.7352941,2776.0,613.0,False,45.28869149648645,-117.77287211071301,,-1,0.0,1.0
Act 2,s2,1209,1,1.0,0.7352941036224365,0.7352941,2797.0,626.0,False,45.14050026241488,-117.53711755570617,,-1,0.0,1.0
Act 2,s2,1232,1,1.0,0.7352941036224365,0.7352941,2807.0,1167.0,False,45.917845412406244,-110.27909224246449,,-1,0.0,1.0
Act 2,s2,1273,1,1.0,0.7352941036224365,0.7352941,2838.0,940.0,False,45.34080818142629,-113.26069445973071,,-1,0.0,1.0
Act 2,s2,1302,1,1.0,0.7352941036224365,0.7352941,2856.0,1056.0,False,45.36041418929736,-111.66844559611816,,-1,0.0,1.0
Act 2,s2,1357,1,1.0,0.7352941036224365,0.7352941,2925.0,967.0,False,44.6570694578952,-112.6933892580528,,-1,0.0,1.0
Act 2,s2,1362,1,1.0,0.7352941036224365,0.7352941,2930.0,846.0,False,44.42773619144509,-114.27307852413239,,-1,0.0,1.0
Act 2,s2,1389,1,1.0,0.7352941036224365,0.7352941,2971.0,726.0,False,43.885670114924665,-115.72834898618663,,-1,0.0,1.0
Act 2,s2,1411,1,1.0,0.7352941036224365,0.7352941,3039.0,908.0,False,43.6192109778715,-113.1957856669329,,-1,0.0,1.0
Act 2,s2,1412,1,1.0,0.7352941036224365,0.7352941,3043.0,1072.0,False,43.82072509276381,-111.05286550939879,,-1,0.0,1.0
Act 2,s2,1430,1,1.0,0.7352941036224365,0.7352941,3185.0,1220.0,False,42.81596128201174,-108.8595099604078,,-1,0.0,1.0
Act 2,s2,35,1,1.0,0.7254902124404907,0.7254902,289.0,64.0,False,64.26010940869705,-139.58975419090856,,-1,0.0,1.0
Act 2,s2,73,1,1.0,0.7254902124404907,0.7254902,374.0,344.0,False,64.63197898618662,-133.86929890833085,,-1,0.0,1.0
Act 2,s2,89,1,1.0,0.7254902124404907,0.7254902,391.0,301.0,False,64.32491776839487,-134.5185684982709,,-1,0.0,1.0
Act 2,s2,99,1,1.0,0.7254902124404907,0.7254902,396.0,349.0,False,64.45851652748864,-133.60958234808817,,-1,0.0,1.0
Act 2,s2,112,1,1.0,0.7254902124404907,0.7254902,406.0,245.0,False,63.98514491349384,-135.4072830944296,,-1,0.0,1.0
Act 2,s2,114,1,1.0,0.7254902124404907,0.7254902,409.0,242.0,False,63.94803110455162,-135.4371938102996,,-1,0.0,1.0
Act 2,s2,138,1,1.0,0.7254902124404907,0.7254902,450.0,370.0,False,64.06423449861758,-132.8225546943148,,-1,0.0,1.0
Act 2,s2,148,1,1.0,0.7254902124404907,0.7254902,461.0,565.0,False,64.63113102523249,-129.16461843829705,,-1,0.0,1.0
Act 2,s2,189,1,1.0,0.7254902124404907,0.7254902,612.0,567.0,False,63.303944433686624,-128.13280022005415,,-1,0.0,1.0
Act 2,s2,205,1,1.0,0.7254902124404907,0.7254902,671.0,273.0,False,61.82984975312046,-132.9357248846895,,-1,0.0,1.0
Act 2,s2,251,1,1.0,0.7254902124404907,0.7254902,752.0,512.0,False,61.91766056655031,-128.23211400557102,,-1,0.0,1.0
Act 2,s2,267,1,1.0,0.7254902124404907,0.7254902,813.0,554.0,False,61.51734850449729,-127.12271931465695,,-1,0.0,1.0
Act 2,s2,291,1,1.0,0.7254902124404907,0.7254902,959.0,440.0,False,59.93299834530207,-128.21144863372902,,-1,0.0,1.0
Act 2,s2,317,1,1.0,0.7254902124404907,0.7254902,1157.0,524.0,False,58.50093973259399,-125.68934296865949,,-1,0.0,1.0
Act 2,s2,321,1,1.0,0.7254902124404907,0.7254902,1168.0,265.0,False,57.65625569308213,-129.83896779540865,,-1,0.0,1.0
Act 2,s2,337,1,1.0,0.7254902124404907,0.7254902,1184.0,270.0,False,57.53952435673622,-129.6639776929242,,-1,100.0,0.0
Act 2,s2,344,1,1.0,0.7254902124404907,0.7254902,1189.0,254.0,False,57.44916364606363,-129.88943094759276,,-1,100.0,0.0
Act 2,s2,375,1,1.0,0.7254902124404907,0.7254902,1218.0,424.0,False,57.71100260215943,-126.99403119612244,,-1,0.0,1.0
Act 2,s2,408,1,1.0,0.7254902124404907,0.7254902,1282.0,411.0,False,57.141026184010585,-126.85480010061829,,-1,0.0,1.0
Act 2,s2,439,1,1.0,0.7254902124404907,0.7254902,1322.0,353.0,False,56.644811661369175,-127.55994195661196,,-1,0.0,1.0
Act 2,s2,488,1,1.0,0.7254902124404907,0.7254902,1647.0,586.0,False,54.55618431939625,-122.32022232318369,,-1,0.0,1.0
Act 2,s2,574,1,1.0,0.7254902124404907,0.7254902,1916.0,737.0,False,52.64959295672158,-118.93346770904054,,-1,0.0,1.0
Act 2,s2,593,1,1.0,0.7254902124404907,0.7254902,1959.0,888.0,False,52.58452491062149,-116.50966844504585,,-1,0.0,1.0
Act 2,s2,605,1,1.0,0.7254902124404907,0.7254902,1978.0,736.0,False,52.13106737816557,-118.72087613848565,,-1,0.0,1.0
Act 2,s2,615,1,1.0,0.7254902124404907,0.7254902,1993.0,796.0,False,52.125608821022325,-117.77385056898225,,-1,100.0,0.0
Act 2,s2,666,1,1.0,0.7254902124404907,0.7254902,2039.0,648.0,False,51.441531953166496,-119.79428876282951,,-1,100.0,0.0
Act 2,s2,687,1,1.0,0.7254902124404907,0.7254902,2066.0,797.0,False,51.518771799748215,-117.50749675601723,,-1,0.0,1.0
Act 2,s2,705,1,1.0,0.7254902124404907,0.7254902,2078.0,839.0,False,51.498268953278476,-116.84733116633198,,-1,100.0,0.0
Act 2,s2,728,1,1.0,0.7254902124404907,0.7254902,2112.0,711.0,False,50.96675134578593,-118.60812543917058,,-1,0.0,1.0
Act 2,s2,749,1,1.0,0.7254902124404907,0.7254902,2148.0,872.0,False,50.974446881236325,-116.13582688435052,,-1,0.0,1.0
Act 2,s2,812,1,1.0,0.7254902124404907,0.7254902,2238.0,907.0,False,50.28491045008331,-115.34878288018186,,-1,0.0,1.0
Act 2,s2,837,1,1.0,0.7254902124404907,0.7254902,2261.0,948.0,False,50.16244709425857,-114.68716739332366,,-1,0.0,1.0
Act 2,s2,858,1,1.0,0.7254902124404907,0.7254902,2285.0,691.0,False,49.49336438602469,-118.29548715452061,,-1,100.0,0.0
Act 2,s2,902,1,1.0,0.7254902124404907,0.7254902,2356.0,852.0,False,49.20566435039068,-115.7832430655724,,-1,100.0,0.0
Act 2,s2,984,1,1.0,0.7254902124404907,0.7254902,2601.0,896.0,False,47.242755081020206,-114.46859408876588,,-1,100.0,0.0
Act 2,s2,991,1,1.0,0.7254902124404907,0.7254902,2631.0,895.0,False,46.991629895471355,-114.40124686841976,,-1,0.0,1.0
Act 2,s2,1054,1,1.0,0.7254902124404907,0.7254902,2713.0,600.0,False,45.78244955640722,-118.14187799805757,,-1,0.0,1.0
Act 2,s2,1056,1,1.0,0.7254902124404907,0.7254902,2717.0,953.0,False,46.368166486394976,-113.38665083194466,,-1,0.0,1.0
Act 2,s2,1057,1,1.0,0.7254902124404907,0.7254902,2717.0,1150.0,False,46.64925056569136,-110.69955621710767,,-1,0.0,1.0
Act 2,s2,1081,1,1.0,0.7254902124404907,0.7254902,2738.0,607.0,False,45.59018529558708,-117.97029783949893,,-1,0.0,1.0
Act 2,s2,1117,1,1.0,0.7254902124404907,0.7254902,2754.0,1172.0,False,46.36791347997359,-110.32063622900908,,-1,0.0,1.0
Act 2,s2,1124,1,1.0,0.7254902124404907,0.7254902,2759.0,738.0,False,45.6612140989917,-116.16558651311698,,-1,0.0,1.0
Act 2,s2,1143,1,1.0,0.7254902124404907,0.7254902,2767.0,744.0,False,45.6057093807697,-116.06266556023134,,-1,0.0,1.0
Act 2,s2,1155,1,1.0,0.7254902124404907,0.7254902,2770.0,672.0,False,45.44991411027716,-117.01071431948161,,-1,100.0,0.0
Act 2,s2,1175,1,1.0,0.7254902124404907,0.7254902,2779.0,875.0,False,45.72893481658608,-114.27940595473774,,-1,0.0,1.0
Act 2,s2,1186,1,1.0,0.7254902124404907,0.7254902,2786.0,709.0,False,45.3856954059153,-116.47299664737506,,-1,100.0,0.0
Act 2,s2,1244,1,1.0,0.7254902124404907,0.7254902,2819.0,885.0,False,45.41266283161356,-114.04201670801416,,-1,0.0,1.0
Act 2,s2,1292,1,1.0,0.7254902124404907,0.7254902,2849.0,972.0,False,45.29761216175891,-112.80712779515885,,-1,0.0,1.0
Act 2,s2,1303,1,1.0,0.7254902124404907,0.7254902,2857.0,727.0,False,44.83080809923047,-116.03194292199555,,-1,0.0,1.0
Act 2,s2,1310,1,1.0,0.7254902124404907,0.7254902,2860.0,907.0,False,45.106642195758816,-113.64535721580691,,-1,0.0,1.0
Act 2,s2,1352,1,1.0,0.7254902124404907,0.7254902,2919.0,964.0,False,44.702594934316956,-112.74713001162978,,-1,0.0,1.0
Act 2,s2,1386,1,1.0,0.7254902124404907,0.7254902,2967.0,932.0,False,44.25490359317944,-113.05436493891831,,-1,0.0,1.0
Act 2,s2,1423,1,1.0,0.7254902124404907,0.7254902,3148.0,1023.0,False,42.877436510751686,-111.46670794245624,,-1,0.0,1.0
Act 2,s2,20,1,1.0,0.7156863212585449,0.7156863,193.0,415.0,False,66.499288730332,-133.9722450596588,,-1,0.0,1.0
Act 2,s2,52,1,1.0,0.7156863212585449,0.7156863,337.0,297.0,False,64.77851688036205,-135.01567614165214,,-1,0.0,1.0
Act 2,s2,67,1,1.0,0.7156863212585449,0.7156863,355.0,399.0,False,64.99941897757525,-133.0050663647407,,-1,0.0,1.0
Act 2,s2,113,1,1.0,0.7156863212585449,0.7156863,407.0,312.0,False,64.22714609445602,-134.1960709034778,,-1,0.0,1.0
Act 2,s2,123,1,1.0,0.7156863212585449,0.7156863,430.0,372.0,False,64.24542201558288,-132.9349604900771,,-1,0.0,1.0
Act 2,s2,125,1,1.0,0.7156863212585449,0.7156863,434.0,358.0,False,64.16042151209187,-133.15904039978787,,-1,0.0,1.0
Act 2,s2,126,1,1.0,0.7156863212585449,0.7156863,436.0,353.0,False,64.12506377386279,-133.23458165246186,,-1,0.0,1.0
Act 2,s2,135,1,1.0,0.7156863212585449,0.7156863,447.0,403.0,False,64.20702012465298,-132.24555317405535,,-1,0.0,1.0
Act 2,s2,141,1,1.0,0.7156863212585449,0.7156863,454.0,456.0,False,64.32949490584369,-131.22666542683345,,-1,0.0,1.0
Act 2,s2,146,1,1.0,0.7156863212585449,0.7156863,460.0,461.0,False,64.29386600608139,-131.09224531736444,,-1,0.0,1.0
Act 2,s2,152,1,1.0,0.7156863212585449,0.7156863,467.0,452.0,False,64.20171102047539,-131.20717666391235,,-1,0.0,1.0
Act 2,s2,160,1,1.0,0.7156863212585449,0.7156863,531.0,443.0,False,63.61186828197671,-130.9197645808483,,-1,0.0,1.0
Act 2,s2,162,1,1.0,0.7156863212585449,0.7156863,537.0,435.0,False,63.532723451757825,-131.02229075524406,,-1,0.0,1.0
Act 2,s2,212,1,1.0,0.7156863212585449,0.7156863,686.0,586.0,False,62.71415524018194,-127.32515233277803,,-1,0.0,1.0
Act 2,s2,215,1,1.0,0.7156863212585449,0.7156863,691.0,577.0,False,62.64351638453477,-127.45582504922676,,-1,0.0,1.0
Act 2,s2,217,1,1.0,0.7156863212585449,0.7156863,692.0,599.0,False,62.70051295866747,-127.05471473891195,,-1,0.0,1.0
Act 2,s2,243,1,1.0,0.7156863212585449,0.7156863,744.0,396.0,False,61.62198755814623,-130.31038514516115,,-1,0.0,1.0
Act 2,s2,246,1,1.0,0.7156863212585449,0.7156863,749.0,438.0,False,61.71349942757503,-129.54741253169507,,-1,0.0,1.0
Act 2,s2,249,1,1.0,0.7156863212585449,0.7156863,750.0,522.0,False,61.96536325264423,-128.06840194403568,,-1,0.0,1.0
Act 2,s2,257,1,1.0,0.7156863212585449,0.7156863,777.0,514.0,False,61.7082876401938,-128.0421290330468,,-1,0.0,1.0
Act 2,s2,270,1,1.0,0.7156863212585449,0.7156863,821.0,740.0,False,61.967094248031444,-123.78348193025276,,-1,0.0,1.0
Act 2,s2,287,1,1.0,0.7156863212585449,0.7156863,927.0,761.0,False,61.09553164870417,-122.85300220999811,,-1,0.0,1.0
Act 2,s2,306,1,1.0,0.7156863212585449,0.7156863,1064.0,212.0,False,58.347397906466185,-131.32804184331883,,-1,100.0,0.0
Act 2,s2,340,1,1.0,0.7156863212585449,0.7156863,1187.0,268.0,False,57.508641241210995,-129.67813975808247,,-1,100.0,0.0
Act 2,s2,364,1,1.0,0.7156863212585449,0.7156863,1209.0,269.0,False,57.3301998908772,-129.53247930917325,,-1,100.0,0.0
Act 2,s2,365,1,1.0,0.7156863212585449,0.7156863,1210.0,195.0,False,57.09305307845412,-130.69815029053873,,-1,0.0,1.0
Act 2,s2,374,1,1.0,0.7156863212585449,0.7156863,1218.0,265.0,False,57.2438186198994,-129.54322526145793,,-1,0.0,1.0
Act 2,s2,381,1,1.0,0.7156863212585449,0.7156863,1223.0,228.0,False,57.089190107970154,-130.09966691259746,,-1,100.0,0.0
Act 2,s2,384,1,1.0,0.7156863212585449,0.7156863,1226.0,411.0,False,57.6073863570638,-127.16016665683205,,-1,0.0,1.0
Act 2,s2,393,1,1.0,0.7156863212585449,0.7156863,1238.0,298.0,False,57.17833414534879,-128.90276674792472,,-1,0.0,1.0
Act 2,s2,398,1,1.0,0.7156863212585449,0.7156863,1248.0,303.0,False,57.11064562945905,-128.7659676853012,,-1,0.0,1.0
Act 2,s2,410,1,1.0,0.7156863212585449,0.7156863,1284.0,333.0,False,56.90139587069949,-128.08644786321565,,-1,0.0,1.0
Act 2,s2,423,1,1.0,0.7156863212585449,0.7156863,1303.0,268.0,False,56.55310073971396,-129.00461007904605,,-1,100.0,0.0
Act 2,s2,434,1,1.0,0.7156863212585449,0.7156863,1316.0,263.0,False,56.43132097598721,-129.00902099111062,,-1,100.0,0.0
Act 2,s2,436,1,1.0,0.7156863212585449,0.7156863,1318.0,364.0,False,56.7093153397822,-127.40774747422354,,-1,100.0,0.0
Act 2,s2,440,1,1.0,0.7156863212585449,0.7156863,1324.0,266.0,False,56.37451877136931,-128.9167153962548,,-1,100.0,0.0
Act 2,s2,442,1,1.0,0.7156863212585449,0.7156863,1326.0,366.0,False,56.64876560743867,-127.33259484831062,,-1,100.0,0.0
Act 2,s2,446,1,1.0,0.7156863212585449,0.7156863,1334.0,236.0,False,56.20275307621941,-129.32790150877634,,-1,0.0,1.0
Act 2,s2,465,1,1.0,0.7156863212585449,0.7156863,1434.0,577.0,False,56.312080157670955,-123.43385360991607,,-1,100.0,0.0
Act 2,s2,470,1,1.0,0.7156863212585449,0.7156863,1442.0,371.0,False,55.70384408090255,-126.63715621324641,,-1,0.0,1.0
Act 2,s2,473,1,1.0,0.7156863212585449,0.7156863,1444.0,383.0,False,55.72040273187455,-126.43992639696532,,-1,0.0,1.0
Act 2,s2,474,1,1.0,0.7156863212585449,0.7156863,1445.0,379.0,False,55.7011426524807,-126.49703388648615,,-1,0.0,1.0
Act 2,s2,475,1,1.0,0.7156863212585449,0.7156863,1457.0,293.0,False,55.36111614179921,-127.7651230408431,,-1,100.0,0.0
Act 2,s2,491,1,1.0,0.7156863212585449,0.7156863,1648.0,594.0,False,54.56679175318741,-122.19236106594168,,-1,0.0,1.0
Act 2,s2,495,1,1.0,0.7156863212585449,0.7156863,1664.0,600.0,False,54.4476909706504,-122.03006479554193,,-1,0.0,1.0
Act 2,s2,509,1,1.0,0.7156863212585449,0.7156863,1747.0,658.0,False,53.888951591280964,-120.78947300325989,,-1,0.0,1.0
Act 2,s2,535,1,1.0,0.7156863212585449,0.7156863,1845.0,724.0,False,53.21466373566513,-119.39667545945424,,-1,0.0,1.0
Act 2,s2,549,1,1.0,0.7156863212585449,0.7156863,1867.0,701.0,False,52.982664548244756,-119.6601396859857,,-1,0.0,1.0
Act 2,s2,573,1,1.0,0.7156863212585449,0.7156863,1916.0,696.0,False,52.5641682633757,-119.54807760024732,,-1,0.0,1.0
Act 2,s2,608,1,1.0,0.7156863212585449,0.7156863,1982.0,744.0,False,52.1139901425127,-118.58736740476559,,-1,0.0,1.0
Act 2,s2,652,1,1.0,0.7156863212585449,0.7156863,2028.0,875.0,False,51.982735844130495,-116.47736959222505,,-1,0.0,1.0
Act 2,s2,678,1,1.0,0.7156863212585449,0.7156863,2053.0,796.0,False,51.62519808762179,-117.56663440379565,,-1,0.0,1.0
Act 2,s2,690,1,1.0,0.7156863212585449,0.7156863,2069.0,733.0,False,51.3680813236454,-118.43875027856942,,-1,0.0,1.0
Act 2,s2,696,1,1.0,0.7156863212585449,0.7156863,2072.0,634.0,False,51.13856483269971,-119.8749384874466,,-1,0.0,1.0
Act 2,s2,711,1,1.0,0.7156863212585449,0.7156863,2081.0,842.0,False,51.478817644901675,-116.79314050343741,,-1,100.0,0.0
Act 2,s2,739,1,1.0,0.7156863212585449,0.7156863,2132.0,728.0,False,50.83480961297268,-118.29057641130947,,-1,0.0,1.0
Act 2,s2,742,1,1.0,0.7156863212585449,0.7156863,2142.0,713.0,False,50.72187955484443,-118.47342059225429,,-1,0.0,1.0
Act 2,s2,769,1,1.0,0.7156863212585449,0.7156863,2177.0,921.0,False,50.818645021296646,-115.32867878696733,,-1,0.0,1.0
Act 2,s2,805,1,1.0,0.7156863212585449,0.7156863,2231.0,946.0,False,50.40984217118638,-114.80339909527817,,-1,0.0,1.0
Act 2,s2,821,1,1.0,0.7156863212585449,0.7156863,2247.0,696.0,False,49.81781363578391,-118.35406703646802,,-1,100.0,0.0
Act 2,s2,851,1,1.0,0.7156863212585449,0.7156863,2274.0,803.0,False,49.79910850505177,-116.73552290405493,,-1,100.0,0.0
Act 2,s2,862,1,1.0,0.7156863212585449,0.7156863,2289.0,672.0,False,49.422397889702275,-118.5510687156786,,-1,100.0,0.0
Act 2,s2,875,1,1.0,0.7156863212585449,0.7156863,2308.0,934.0,False,49.7465096393615,-114.75345641525155,,-1,0.0,1.0
Act 2,s2,1006,1,1.0,0.7156863212585449,0.7156863,2655.0,730.0,False,46.507149174796346,-116.57759744214005,,-1,0.0,1.0
Act 2,s2,1082,1,1.0,0.7156863212585449,0.7156863,2738.0,706.0,False,45.77701076085145,-116.65359452687294,,-1,0.0,1.0
Act 2,s2,1103,1,1.0,0.7156863212585449,0.7156863,2746.0,1166.0,False,46.42722079621591,-110.41923502549629,,-1,0.0,1.0
Act 2,s2,1118,1,1.0,0.7156863212585449,0.7156863,2755.0,628.0,False,45.49060556355527,-117.63926243253431,,-1,100.0,0.0
Act 2,s2,1154,1,1.0,0.7156863212585449,0.7156863,2769.0,950.0,False,45.9305562749824,-113.2971293690993,,-1,0.0,1.0
Act 2,s2,1191,1,1.0,0.7156863212585449,0.7156863,2788.0,903.0,False,45.69906125630323,-113.88083866630443,,-1,0.0,1.0
Act 2,s2,1249,1,1.0,0.7156863212585449,0.7156863,2821.0,845.0,False,45.33108209381257,-114.56957164764427,,-1,0.0,1.0
Act 2,s2,1259,1,1.0,0.7156863212585449,0.7156863,2829.0,890.0,False,45.3375323417422,-113.94976574827781,,-1,0.0,1.0
Act 2,s2,1272,1,1.0,0.7156863212585449,0.7156863,2838.0,641.0,False,44.83071868433113,-117.21638626616021,,-1,0.0,1.0
Act 2,s2,1294,1,1.0,0.7156863212585449,0.7156863,2851.0,733.0,False,44.89108460680525,-115.96990954765043,,-1,0.0,1.0
Act 2,s2,1301,1,1.0,0.7156863212585449,0.7156863,2856.0,743.0,False,44.86733448210406,-115.82425072432586,,-1,0.0,1.0
Act 2,s2,1308,1,1.0,0.7156863212585449,0.7156863,2859.0,1136.0,False,45.442947386381384,-110.58951716396975,,-1,0.0,1.0
Act 2,s2,1364,1,1.0,0.7156863212585449,0.7156863,2933.0,974.0,False,44.60076252267155,-112.58228861374396,,-1,0.0,1.0
Act 2,s2,1372,1,1.0,0.7156863212585449,0.7156863,2941.0,1051.0,False,44.64392047153402,-111.54707690151245,,-1,0.0,1.0
Act 2,s2,1373,1,1.0,0.7156863212585449,0.7156863,2942.0,711.0,False,44.09924615501162,-116.00292936795086,,-1,0.0,1.0
Act 2,s2,1407,1,1.0,0.7156863212585449,0.7156863,3015.0,889.0,False,43.78960934120448,-113.5000241004575,,-1,0.0,1.0
Act 2,s2,1419,1,1.0,0.7156863212585449,0.7156863,3110.0,1094.0,False,43.289851774839626,-110.62919985958085,,-1,0.0,1.0
Act 2,s2,581,1,1.0,0.7156862616539001,0.71568626,1934.0,728.0,False,52.48107673726807,-119.00169378525618,,-1,0.0,1.0
Act 2,s2,617,1,1.0,0.7156862616539001,0.71568626,1996.0,648.0,False,51.79783164357087,-119.95682036634348,,-1,100.0,0.0
Act 2,s2,912,1,1.0,0.7156862616539001,0.71568626,2389.0,833.0,False,48.8976587352381,-115.9528154257146,,-1,100.0,0.0
Act 2,s2,1076,1,1.0,0.7156862616539001,0.71568626,2735.0,593.0,False,45.58755648965451,-118.16527946361458,,-1,0.0,1.0
Act 2,s2,1100,1,1.0,0.7156862616539001,0.71568626,2746.0,796.0,False,45.87066830157953,-115.42720296930317,,-1,0.0,1.0
Act 2,s2,1120,1,1.0,0.7156862616539001,0.71568626,2756.0,799.0,False,45.79293345726371,-115.35923938646242,,-1,0.0,1.0
Act 2,s2,29,1,1.0,0.7058823704719543,0.7058824,244.0,168.0,False,65.07410476501559,-138.12505328017917,,-1,0.0,1.0
Act 2,s2,45,1,1.0,0.7058823704719543,0.7058824,330.0,298.0,False,64.84322207184618,-135.05316243649395,,-1,0.0,1.0
Act 2,s2,60,1,1.0,0.7058823704719543,0.7058824,345.0,377.0,False,65.00717880139993,-133.48738536206778,,-1,0.0,1.0
Act 2,s2,64,1,1.0,0.7058823704719543,0.7058824,350.0,336.0,False,64.81184725500758,-134.20147619939786,,-1,0.0,1.0
Act 2,s2,81,1,1.0,0.7058823704719543,0.7058824,381.0,344.0,False,64.57093190440786,-133.81544751208426,,-1,0.0,1.0
Act 2,s2,86,1,1.0,0.7058823704719543,0.7058824,385.0,349.0,False,64.55439724771195,-133.69362584568606,,-1,0.0,1.0
Act 2,s2,87,1,1.0,0.7058823704719543,0.7058824,386.0,310.0,False,64.40175717089284,-134.39459388029152,,-1,0.0,1.0
Act 2,s2,117,1,1.0,0.7058823704719543,0.7058824,413.0,351.0,False,64.31778309459331,-133.4440877521964,,-1,0.0,1.0
Act 2,s2,137,1,1.0,0.7058823704719543,0.7058824,449.0,456.0,False,64.3734298872659,-131.26242023370273,,-1,0.0,1.0
Act 2,s2,145,1,1.0,0.7058823704719543,0.7058824,460.0,372.0,False,63.98442412953275,-132.7124578557768,,-1,0.0,1.0
Act 2,s2,150,1,1.0,0.7058823704719543,0.7058824,464.0,447.0,False,64.21091141537048,-131.31997141847074,,-1,0.0,1.0
Act 2,s2,156,1,1.0,0.7058823704719543,0.7058824,514.0,361.0,False,63.47788606753029,-132.51532715298765,,-1,0.0,1.0
Act 2,s2,181,1,1.0,0.7058823704719543,0.7058824,594.0,511.0,False,63.28539262845329,-129.26352422325232,,-1,0.0,1.0
Act 2,s2,182,1,1.0,0.7058823704719543,0.7058824,595.0,186.0,False,62.16016117848544,-134.9879049311062,,-1,0.0,1.0
Act 2,s2,200,1,1.0,0.7058823704719543,0.7058824,663.0,314.0,False,62.038966566475025,-132.2827099754263,,-1,0.0,1.0
Act 2,s2,265,1,1.0,0.7058823704719543,0.7058824,799.0,676.0,False,61.98651319324982,-125.04786594070313,,-1,0.0,1.0
Act 2,s2,266,1,1.0,0.7058823704719543,0.7058824,810.0,553.0,False,61.54027896904684,-127.1581600282853,,-1,0.0,1.0
Act 2,s2,285,1,1.0,0.7058823704719543,0.7058824,918.0,771.0,False,61.19926515111062,-122.72273978682131,,-1,0.0,1.0
Act 2,s2,298,1,1.0,0.7058823704719543,0.7058824,1002.0,290.0,False,59.11036241389877,-130.4472473000335,,-1,0.0,1.0
Act 2,s2,304,1,1.0,0.7058823704719543,0.7058824,1053.0,208.0,False,58.42519350553103,-131.4621051502183,,-1,100.0,0.0
Act 2,s2,322,1,1.0,0.7058823704719543,0.7058824,1169.0,254.0,False,57.61406153440778,-130.0087936428225,,-1,100.0,0.0
Act 2,s2,325,1,1.0,0.7058823704719543,0.7058824,1171.0,532.0,False,58.404635361948685,-125.48264184093972,,-1,0.0,1.0
Act 2,s2,341,1,1.0,0.7058823704719543,0.7058824,1188.0,546.0,False,58.298979570696055,-125.16211758384809,,-1,0.0,1.0
Act 2,s2,345,1,1.0,0.7058823704719543,0.7058824,1189.0,437.0,False,57.99014181820437,-126.94250404914209,,-1,0.0,1.0
Act 2,s2,350,1,1.0,0.7058823704719543,0.7058824,1199.0,209.0,False,57.22718789898165,-130.54355829805908,,-1,100.0,0.0
Act 2,s2,368,1,1.0,0.7058823704719543,0.7058824,1213.0,541.0,False,58.07485494866043,-125.11383090343566,,-1,0.0,1.0
Act 2,s2,390,1,1.0,0.7058823704719543,0.7058824,1232.0,299.0,False,57.23088330975148,-128.92139135494898,,-1,0.0,1.0
Act 2,s2,409,1,1.0,0.7058823704719543,0.7058824,1283.0,569.0,False,57.559134162671384,-124.29860184673754,,-1,0.0,1.0
Act 2,s2,411,1,1.0,0.7058823704719543,0.7058824,1284.0,361.0,False,56.98238233404647,-127.64173426338505,,-1,0.0,1.0
Act 2,s2,451,1,1.0,0.7058823704719543,0.7058824,1362.0,387.0,False,56.40977013822966,-126.80751464579987,,-1,0.0,1.0
Act 2,s2,455,1,1.0,0.7058823704719543,0.7058824,1379.0,401.0,False,56.30779245907985,-126.49697891681873,,-1,100.0,0.0
Act 2,s2,467,1,1.0,0.7058823704719543,0.7058824,1435.0,575.0,False,56.2987207919531,-123.46094818725214,,-1,100.0,0.0
Act 2,s2,477,1,1.0,0.7058823704719543,0.7058824,1501.0,390.0,False,55.2688528634439,-126.03915105020027,,-1,0.0,1.0
Act 2,s2,501,1,1.0,0.7058823704719543,0.7058824,1681.0,642.0,False,54.40318127926142,-121.30965211334366,,-1,0.0,1.0
Act 2,s2,507,1,1.0,0.7058823704719543,0.7058824,1732.0,665.0,False,54.0296264030098,-120.7436718134198,,-1,0.0,1.0
Act 2,s2,542,1,1.0,0.7058823704719543,0.7058824,1853.0,661.0,False,53.01309600623436,-120.31759593292837,,-1,0.0,1.0
Act 2,s2,543,1,1.0,0.7058823704719543,0.7058824,1855.0,693.0,False,53.065570432953606,-119.82718443530398,,-1,0.0,1.0
Act 2,s2,552,1,1.0,0.7058823704719543,0.7058824,1881.0,725.0,False,52.916508879905614,-119.24489432540794,,-1,100.0,0.0
Act 2,s2,589,1,1.0,0.7058823704719543,0.7058824,1951.0,881.0,False,52.638649182935026,-116.64193118747426,,-1,0.0,1.0
Act 2,s2,604,1,1.0,0.7058823704719543,0.7058824,1978.0,715.0,False,52.08805957660442,-119.03302558702637,,-1,0.0,1.0
Act 2,s2,612,1,1.0,0.7058823704719543,0.7058824,1988.0,706.0,False,51.986323381673365,-119.12969674130551,,-1,0.0,1.0
Act 2,s2,629,1,1.0,0.7058823704719543,0.7058824,2003.0,616.0,False,51.67075508555004,-120.40064921373784,,-1,100.0,0.0
Act 2,s2,656,1,1.0,0.7058823704719543,0.7058824,2031.0,902.0,False,52.00670324286247,-116.06461926418407,,-1,0.0,1.0
Act 2,s2,689,1,1.0,0.7058823704719543,0.7058824,2069.0,631.0,False,51.156991553849025,-119.92986964172631,,-1,100.0,0.0
Act 2,s2,727,1,1.0,0.7058823704719543,0.7058824,2110.0,648.0,False,50.85371188382533,-119.53059761655128,,-1,100.0,0.0
Act 2,s2,741,1,1.0,0.7058823704719543,0.7058824,2141.0,844.0,False,50.98191192821253,-116.5682008071279,,-1,0.0,1.0
Act 2,s2,743,1,1.0,0.7058823704719543,0.7058824,2143.0,715.0,False,50.71758960567875,-118.44092047281954,,-1,0.0,1.0
Act 2,s2,744,1,1.0,0.7058823704719543,0.7058824,2143.0,782.0,False,50.84884470600246,-117.46706206294957,,-1,0.0,1.0
Act 2,s2,747,1,1.0,0.7058823704719543,0.7058824,2144.0,868.0,False,51.00062254491416,-116.20709852876384,,-1,100.0,0.0
Act 2,s2,750,1,1.0,0.7058823704719543,0.7058824,2152.0,806.0,False,50.81954215602232,-117.08736900460089,,-1,0.0,1.0
Act 2,s2,753,1,1.0,0.7058823704719543,0.7058824,2155.0,777.0,False,50.7394492254148,-117.49956356348875,,-1,0.0,1.0
Act 2,s2,774,1,1.0,0.7058823704719543,0.7058824,2184.0,813.0,False,50.566258083480804,-116.88080786339866,,-1,0.0,1.0
Act 2,s2,788,1,1.0,0.7058823704719543,0.7058824,2207.0,675.0,False,50.10671486622611,-118.7930710883932,,-1,100.0,0.0
Act 2,s2,790,1,1.0,0.7058823704719543,0.7058824,2207.0,712.0,False,50.18093597478738,-118.26231633903546,,-1,0.0,1.0
Act 2,s2,801,1,1.0,0.7058823704719543,0.7058824,2229.0,880.0,False,50.312855374578575,-115.76723515649948,,-1,100.0,0.0
Act 2,s2,807,1,1.0,0.7058823704719543,0.7058824,2232.0,882.0,False,50.29136053198505,-115.72908667901008,,-1,0.0,1.0
Act 2,s2,814,1,1.0,0.7058823704719543,0.7058824,2240.0,698.0,False,49.87975071268738,-118.34952431396361,,-1,100.0,0.0
Act 2,s2,823,1,1.0,0.7058823704719543,0.7058824,2249.0,672.0,False,49.753172980883505,-118.68920321236747,,-1,100.0,0.0
Act 2,s2,857,1,1.0,0.7058823704719543,0.7058824,2285.0,680.0,False,49.47147965635684,-118.45145465706713,,-1,0.0,1.0
Act 2,s2,861,1,1.0,0.7058823704719543,0.7058824,2288.0,678.0,False,49.4426743426233,-118.4695290707387,,-1,100.0,0.0
Act 2,s2,868,1,1.0,0.7058823704719543,0.7058824,2297.0,905.0,False,49.78919391377798,-115.20213548680879,,-1,100.0,0.0
Act 2,s2,871,1,1.0,0.7058823704719543,0.7058824,2302.0,885.0,False,49.71301523297905,-115.47430108995914,,-1,0.0,1.0
Act 2,s2,881,1,1.0,0.7058823704719543,0.7058824,2319.0,901.0,False,49.59889830323075,-115.19471718562635,,-1,0.0,1.0
Act 2,s2,885,1,1.0,0.7058823704719543,0.7058824,2329.0,756.0,False,49.25470606623311,-117.22852767862003,,-1,0.0,1.0
Act 2,s2,910,1,1.0,0.7058823704719543,0.7058824,2385.0,959.0,False,49.14495349646611,-114.17880199906003,,-1,0.0,1.0
Act 2,s2,1077,1,1.0,0.7058823704719543,0.7058824,2735.0,692.0,False,45.77606455767369,-116.84923930807868,,-1,100.0,0.0
Act 2,s2,1084,1,1.0,0.7058823704719543,0.7058824,2739.0,678.0,False,45.71706259826429,-117.02383753021905,,-1,100.0,0.0
Act 2,s2,1105,1,1.0,0.7058823704719543,0.7058824,2748.0,1037.0,False,46.234983194827514,-112.17127943124851,,-1,0.0,1.0
Act 2,s2,1113,1,1.0,0.7058823704719543,0.7058824,2751.0,779.0,False,45.799786981528825,-115.64082509526072,,-1,0.0,1.0
Act 2,s2,1146,1,1.0,0.7058823704719543,0.7058824,2767.0,907.0,False,45.880037909525754,-113.88095497971157,,-1,0.0,1.0
Act 2,s2,1176,1,1.0,0.7058823704719543,0.7058824,2779.0,957.0,False,45.858005597932944,-113.17810325086216,,-1,0.0,1.0
Act 2,s2,1260,1,1.0,0.7058823704719543,0.7058824,2832.0,785.0,False,45.138997341290015,-115.33621089842087,,-1,100.0,0.0
Act 2,s2,1284,1,1.0,0.7058823704719543,0.7058824,2844.0,764.0,False,45.003359196482364,-115.58078808131589,,-1,100.0,0.0
Act 2,s2,1298,1,1.0,0.7058823704719543,0.7058824,2853.0,1135.0,False,45.49183168607546,-110.61546305852511,,-1,0.0,1.0
Act 2,s2,1358,1,1.0,0.7058823704719543,0.7058824,2926.0,749.0,False,44.298261661296706,-115.55231877685175,,-1,0.0,1.0
Act 2,s2,1378,1,1.0,0.7058823704719543,0.7058824,2949.0,758.0,False,44.123284567430495,-115.37263753235776,,-1,0.0,1.0
Act 2,s2,1384,1,1.0,0.7058823704719543,0.7058824,2959.0,1015.0,False,44.44330656101206,-111.98236858746972,,-1,0.0,1.0
Act 2,s2,1410,1,1.0,0.7058823704719543,0.7058824,3035.0,1201.0,False,44.05069712757013,-109.3786911788149,,-1,100.0,0.0
Act 2,s3,211,4512,4512.0,0.8491799720952696,0.3137255,2286.126329787234,832.251329787234,True,49.75172585668022,-116.2785118097177,S of Purcell Wilderness Conservancy Park (49.6°N 116.4°W),1,88.27570921985816,529.0
Act 2,s3,305,971,971.0,0.8790109301202698,0.54901963,2769.1184346035016,785.8949536560248,True,45.66162731625822,-115.49797141898593,NE of Gospel Hump Wilderness (45.8°N 115.5°W),3,83.83110195674563,157.0
Act 2,s3,184,911,911.0,0.8026947438978599,0.38235295,2142.4017563117454,824.4588364434687,False,50.93406326480107,-116.84946002285614,,-1,98.79253567508233,11.0
Act 2,s3,342,682,682.0,0.9073227569679361,0.5392157,2812.75073313783,759.6964809384165,False,45.2546506368206,-115.7246413827095,,-1,98.82697947214076,8.0
Act 2,s3,227,431,431.0,0.7180064757572803,0.5392157,2236.278422273782,677.7865429234339,False,49.87008131021428,-118.65093456657027,,-1,79.81438515081207,87.0
Act 2,s3,43,306,306.0,0.8316032366425383,0.4117647,1141.0,191.8562091503268,False,57.64914207841438,-131.16974841859025,,-1,92.81045751633987,22.0
Act 2,s3,349,304,304.0,0.7980198785662651,0.51960784,2833.9144736842104,775.141447368421,False,45.106180791745885,-115.46140534705434,,-1,98.6842105263158,4.0
Act 2,s3,242,284,284.0,0.8100662892553169,0.38235295,2285.457746478873,720.2183098591549,False,49.546979717290554,-117.87908008293476,,-1,70.4225352112676,84.0
Act 2,s3,352,263,263.0,0.8418698339181254,0.43137255,2852.3231939163497,852.1482889733841,False,45.082737490958856,-114.39254268227214,,-1,94.29657794676807,15.0
Act 2,s3,324,252,252.0,0.7776999834274488,0.43137255,2780.7619047619046,862.9007936507936,False,45.69458765282291,-114.43684219768926,,-1,98.41269841269842,4.0
Act 2,s3,187,240,240.0,0.8821486999591192,0.5882353,2130.2208333333333,645.9166666666666,False,50.682045238744024,-119.48665065660951,,-1,88.33333333333333,28.0
Act 2,s3,248,214,214.0,0.7480758762805262,0.44117647,2290.53738317757,671.7476635514018,True,49.409181224817665,-118.54936404042972,NW of Gladstone Park (49.4°N 118.5°W),2,49.532710280373834,108.0
Act 2,s3,118,198,198.0,0.7843137366904153,0.3627451,1944.3333333333333,761.2070707070707,False,52.46262782795742,-118.46669071350182,,-1,95.45454545454545,9.0
Act 2,s3,315,183,183.0,0.7822243789506089,0.57843137,2769.382513661202,645.9180327868852,False,45.40608874005398,-117.35806664811336,,-1,97.26775956284153,5.0
Act 2,s3,171,180,180.0,0.8731481540534232,0.38235295,2087.338888888889,650.4888888888889,False,51.04650156952178,-119.57793880659392,,-1,89.44444444444444,19.0
Act 2,s3,158,145,145.0,0.7793779714354153,0.5588235,2066.0689655172414,646.3655172413793,False,51.21389896407918,-119.71691616382047,,-1,73.10344827586206,39.0
Act 2,s3,332,136,136.0,0.7105680627419668,0.4019608,2785.8676470588234,662.5955882352941,False,45.30138490847768,-117.08779259077943,,-1,87.5,17.0
Act 2,s3,150,134,134.0,0.7799239252040635,0.61764705,2044.3955223880596,631.0970149253732,False,51.36079504378663,-120.02120967451604,,-1,97.76119402985074,3.0
Act 2,s3,292,132,132.0,0.7271241934010477,0.5294118,2523.25,882.6363636363636,False,47.86720926824609,-114.86762045230059,,-1,76.51515151515152,31.0
Act 2,s3,263,118,118.0,0.8163011018502511,0.5588235,2326.4406779661017,711.8135593220339,False,49.19124323053625,-117.86177334867806,,-1,66.10169491525424,40.0
Act 2,s3,350,117,117.0,0.7664655732293414,0.5,2835.974358974359,870.1794871794872,False,45.24778976489882,-114.1956179868482,,-1,93.16239316239316,8.0
Act 2,s3,137,112,112.0,0.7742472115371909,0.5588236,2011.9464285714287,614.8392857142857,False,51.59419962148205,-120.3831397694367,,-1,98.21428571428571,2.0
Act 2,s3,139,111,111.0,0.7942059821373707,0.47058824,2007.4684684684685,819.4234234234234,False,52.050111770075915,-117.37472661113775,,-1,100.0,0.0
Act 2,s3,104,111,111.0,0.7164812023575241,0.50980395,1438.3693693693695,279.1621621621622,False,55.47421645894357,-128.07870345027413,,-1,98.1981981981982,2.0
Act 2,s3,361,109,109.0,0.7650656732944173,0.51960784,2891.8073394495414,722.5779816513761,False,44.53499507376078,-115.99210683433185,,-1,99.08256880733946,1.0
Act 2,s3,268,99,99.0,0.7277678889457626,0.54901963,2341.868686868687,858.7777777777778,False,49.335174994346175,-115.72938418773737,,-1,98.98989898989899,1.0
Act 2,s3,219,96,96.0,0.7490808982402086,0.57843137,2200.78125,702.9166666666666,False,50.21439712555719,-118.41425501533057,,-1,55.208333333333336,43.0
Act 2,s3,250,93,93.0,0.7282310942167877,0.57843137,2290.064516129032,882.3225806451613,False,49.80782728780236,-115.54846658593047,,-1,96.7741935483871,3.0
Act 2,s3,133,89,89.0,0.7404714862952072,0.5686275,1999.5280898876404,630.3595505617977,False,51.73065644630024,-120.20301818007232,,-1,92.13483146067416,7.0
Act 2,s3,256,81,81.0,0.7004357399763884,0.50980395,2300.5308641975307,915.0864197530864,False,49.776948712910254,-115.04686587679258,,-1,92.5925925925926,6.0
Act 2,s3,371,80,80.0,0.7411764867603778,0.59803927,2978.5125,794.0625,False,43.93970719290271,-114.82538254916133,,-1,98.75,1.0
Act 2,s3,208,79,79.0,0.7210225991055935,0.50980395,2181.26582278481,823.8860759493671,False,50.60924208909628,-116.73156548518254,,-1,86.07594936708861,11.0
Act 2,s3,147,78,78.0,0.7507541661079113,0.5882353,2026.7179487179487,640.8974358974359,False,51.52812707969674,-119.94465433991074,,-1,92.3076923076923,6.0
Act 2,s3,232,73,73.0,0.7506043706854729,0.59803927,2237.150684931507,697.1095890410959,False,49.901572102975514,-118.37202622653479,,-1,91.78082191780823,6.0
Act 2,s3,108,73,73.0,0.7291163189770424,0.54901963,1462.86301369863,283.013698630137,False,55.28444273291573,-127.88723588902322,,-1,93.15068493150685,5.0
Act 2,s3,337,72,72.0,0.734613305164708,0.63725495,2785.847222222222,555.9305555555555,False,45.09587644693653,-118.49326053930523,,-1,100.0,0.0
Act 2,s3,90,71,71.0,0.7000828591031087,0.49019608,1352.8169014084508,293.09859154929575,False,56.21743025601674,-128.3316291427448,,-1,100.0,0.0
Act 2,s3,121,70,70.0,0.7659664000783648,0.43137255,1969.9,787.1571428571428,False,52.30104095065816,-117.98693619205898,,-1,97.14285714285714,2.0
Act 2,s3,116,70,70.0,0.7375350266695022,0.3529412,1926.057142857143,755.9142857142857,False,52.60436502019672,-118.61248982859645,,-1,97.14285714285714,2.0
Act 2,s3,120,63,63.0,0.8404917565603105,0.30392158,1966.1746031746031,762.2063492063492,False,52.282513262122094,-118.37301896363452,,-1,96.82539682539682,2.0
Act 2,s3,138,61,61.0,0.7311154095852961,0.5686275,2003.7540983606557,652.0655737704918,False,51.74224258670408,-119.86750226773296,,-1,57.377049180327866,26.0
Act 2,s3,244,58,58.0,0.7319134679333917,0.61764705,2279.6724137931033,692.7931034482758,False,49.541005192965095,-118.2881546148755,,-1,39.6551724137931,35.0
Act 2,s3,329,57,57.0,0.833849337017327,0.5392157,2776.2982456140353,676.1052631578947,False,45.405531145271674,-116.9375319809726,,-1,89.47368421052632,6.0
Act 2,s3,302,55,55.0,0.8311943021687594,0.6862745,2747.3454545454547,593.7454545454545,False,45.48735736566563,-118.1165245037546,,-1,76.36363636363636,13.0
Act 2,s3,155,53,53.0,0.7939326808137713,0.5686275,2053.1509433962265,824.3207547169811,False,51.67807344336925,-117.14716618584964,,-1,100.0,0.0
Act 2,s3,180,52,52.0,0.7205882519483566,0.51960784,2118.8846153846152,844.8076923076923,False,51.16786922124843,-116.62794176397381,,-1,100.0,0.0
Act 2,s3,145,51,51.0,0.7702806732233833,0.48039216,2024.6666666666667,825.843137254902,False,51.91874600496043,-117.22063794543106,,-1,100.0,0.0
Act 2,s3,41,51,51.0,0.7643214277192658,0.5882353,1106.7843137254902,187.01960784313727,False,57.91465892590525,-131.45997608417204,,-1,98.03921568627452,1.0
Act 2,s3,310,50,50.0,0.8321568775177002,0.51960784,2753.62,664.0,False,45.57020281715549,-117.16601684730131,,-1,100.0,0.0
Act 2,s3,374,49,49.0,0.7388955695288522,0.60784316,3042.734693877551,1204.0816326530612,False,43.989568580597286,-109.3238038212875,,-1,100.0,0.0
Act 2,s3,259,48,48.0,0.8472222276031971,0.6862745,2302.2291666666665,721.0416666666666,False,49.40965221344698,-117.81153220093397,,-1,64.58333333333333,17.0
Act 2,s3,170,46,46.0,0.8039215790188831,0.6764706,2084.717391304348,634.2826086956521,False,51.033948844724534,-119.82328538205216,,-1,93.47826086956522,3.0
Act 2,s3,151,43,43.0,0.7453260477199111,0.64705884,2040.906976744186,829.1860465116279,False,51.789482526587385,-117.11618608664297,,-1,95.34883720930233,2.0
Act 2,s3,152,43,43.0,0.7307341694831848,0.48039216,2041.0232558139535,645.6046511627907,False,51.41968370056981,-119.82175743791089,,-1,100.0,0.0
Act 2,s3,89,41,41.0,0.7388809323310852,0.54901963,1331.3902439024391,242.6829268292683,False,56.244216022931425,-129.23872627986168,,-1,100.0,0.0
Act 2,s3,177,39,39.0,0.7144293792736836,0.39215687,2093.974358974359,838.1538461538462,False,51.36337873631385,-116.80719386375247,,-1,94.87179487179488,2.0
Act 2,s3,280,39,39.0,0.7109100207304343,0.5,2383.769230769231,832.7692307692307,False,48.9407232860015,-115.97185690607196,,-1,79.48717948717949,8.0
Act 2,s3,76,39,39.0,0.6799899584207779,0.42156863,1276.1025641025642,247.92307692307693,False,56.713835419518205,-129.47433817271573,,-1,100.0,0.0
Act 2,s3,265,37,37.0,0.7148913676674301,0.6666667,2327.7297297297296,677.3513513513514,False,49.11287605996252,-118.3435207791513,,-1,13.513513513513514,32.0
Act 2,s3,351,36,36.0,0.7587146030531989,0.64705884,2831.1944444444443,926.8055555555555,False,45.37711208318703,-113.45354159759262,,-1,100.0,0.0
Act 2,s3,338,36,36.0,0.7576252834664451,0.64705884,2784.25,679.1944444444445,False,45.34557948231929,-116.87301351011183,,-1,69.44444444444444,11.0
Act 2,s3,237,36,36.0,0.7298475139670901,0.63725495,2258.4166666666665,690.8611111111111,False,49.71307908220944,-118.38817983266146,,-1,69.44444444444444,11.0
Act 2,s3,366,29,29.0,0.7772143483161926,0.6960784,2941.0689655172414,786.2413793103449,False,44.23707093880202,-115.02584038800748,,-1,100.0,0.0
Act 2,s3,282,29,29.0,0.716362427020895,0.627451,2386.0689655172414,843.9655172413793,False,48.94142487360415,-115.80679208659498,,-1,55.172413793103445,13.0
Act 2,s3,113,28,28.0,0.7366946935653687,0.51960784,1903.7857142857142,741.1785714285714,False,52.76002345652058,-118.91594335107858,,-1,100.0,0.0
Act 2,s3,160,28,28.0,0.7307423097746713,0.54901963,2063.6428571428573,831.4642857142857,False,51.603987013366655,-117.00633527943985,,-1,100.0,0.0
Act 2,s3,274,28,28.0,0.7132353122745242,0.627451,2360.6071428571427,855.0,False,49.17261294139593,-115.72683951042747,,-1,96.42857142857143,1.0
Act 2,s3,129,27,27.0,0.812273069664284,0.54901963,1993.9259259259259,800.3703703703703,False,52.126395419108064,-117.70545795169944,,-1,100.0,0.0
Act 2,s3,321,27,27.0,0.7799564401308695,0.7058824,2766.777777777778,826.0370370370371,False,45.749505220024346,-114.96777144239853,,-1,100.0,0.0
Act 2,s3,167,27,27.0,0.7109658828488102,0.61764705,2080.5925925925926,666.8888888888889,False,51.1367074698356,-119.36396496235024,,-1,3.7037037037037037,26.0
Act 2,s3,178,26,26.0,0.7198340984491202,0.5588236,2096.1923076923076,636.0,False,50.94266440107779,-119.75563207421027,,-1,65.38461538461539,9.0
Act 2,s3,344,25,25.0,0.7364706087112427,0.61764705,2805.72,854.72,False,45.473920651466734,-114.48038839163438,,-1,100.0,0.0
Act 2,s3,271,25,25.0,0.7129411911964416,0.57843137,2342.72,933.8,False,49.45641620408036,-114.65685016209748,,-1,92.0,2.0
Act 2,s3,88,24,24.0,0.8733660206198692,0.7058824,1331.2916666666667,231.33333333333334,False,56.21089962965406,-129.41599668670605,,-1,100.0,0.0
Act 2,s3,357,24,24.0,0.7626634165644646,0.7058824,2859.5,774.7083333333334,False,44.893458388141134,-115.39689822282372,,-1,100.0,0.0
Act 2,s3,216,24,24.0,0.7389706075191498,0.6666667,2191.3333333333335,697.625,False,50.282084290549086,-118.52312379217767,,-1,54.166666666666664,11.0
Act 2,s3,266,22,22.0,0.8052584772760217,0.7156863,2335.0454545454545,696.4090909090909,False,49.089968108262916,-118.05044988429847,,-1,81.81818181818181,4.0
Act 2,s3,272,22,22.0,0.7393048161810095,0.627451,2347.0,672.0909090909091,False,48.943149720121156,-118.35240341931832,,-1,27.272727272727273,16.0
Act 2,s3,136,21,21.0,0.8524743318557739,0.7058824,2002.4285714285713,806.0952380952381,False,52.0665321962963,-117.5906613027821,,-1,100.0,0.0
Act 2,s3,99,21,21.0,0.8281979532468886,0.7254902,1400.6190476190477,240.42857142857142,False,55.67031900162198,-128.88346312861262,,-1,100.0,0.0
Act 2,s3,112,20,20.0,0.7774509966373444,0.6960784,1897.0,737.45,False,52.80893127193149,-118.99729700840514,,-1,100.0,0.0
Act 2,s3,36,18,18.0,0.8316993746492598,0.627451,906.6666666666666,846.5,False,61.48494075600041,-121.43970904899668,,-1,33.333333333333336,12.0
Act 2,s3,85,17,17.0,0.8339100409956539,0.61764705,1313.0588235294117,233.1764705882353,False,56.36589993291011,-129.49191029308764,,-1,100.0,0.0
Act 2,s3,182,17,17.0,0.7543252741589266,0.65686274,2113.1176470588234,649.4117647058823,False,50.830871270297536,-119.4986944305604,,-1,70.58823529411765,5.0
Act 2,s3,233,17,17.0,0.7179931016529307,0.6960784,2234.705882352941,865.3529411764706,False,50.239311266902874,-115.96164122140553,,-1,100.0,0.0
Act 2,s3,320,15,15.0,0.758169945081075,0.6862745,2763.5333333333333,818.8666666666667,False,45.764322863911005,-115.07258849567359,,-1,100.0,0.0
Act 2,s3,193,15,15.0,0.7366013169288635,0.6666667,2147.266666666667,654.8,False,50.55953476786619,-119.29640029779274,,-1,20.0,12.0
Act 2,s3,87,15,15.0,0.6732026239236196,0.4509804,1319.1333333333334,250.33333333333334,False,56.367715189642226,-129.18925237937444,,-1,93.33333333333333,1.0
Act 2,s3,37,14,14.0,0.8081232607364655,0.5882353,913.5,828.0,False,61.38010544027889,-121.73545524301807,,-1,14.285714285714286,12.0
Act 2,s3,132,14,14.0,0.7801120579242706,0.7058824,1994.357142857143,647.8571428571429,False,51.811143316220985,-119.96517864421726,,-1,78.57142857142857,3.0
Act 2,s3,106,14,14.0,0.7450980586665017,0.6862745,1456.2857142857142,285.92857142857144,False,55.34673643343655,-127.8777744678405,,-1,100.0,0.0
Act 2,s3,46,13,13.0,0.9079939768864558,0.754902,1170.0,191.53846153846155,False,57.410118747283626,-130.99620479833376,,-1,100.0,0.0
Act 2,s3,45,13,13.0,0.8092005986433762,0.46078432,1164.0,183.84615384615384,False,57.43485827546101,-131.15490723705366,,-1,76.92307692307692,3.0
Act 2,s3,115,13,13.0,0.7669683328041663,0.627451,1920.0,750.7692307692307,False,52.644427503408544,-118.71192864837285,,-1,100.0,0.0
Act 2,s3,111,13,13.0,0.7337858310112586,0.57843137,1884.7692307692307,730.0,False,52.89549302913296,-119.15531324217635,,-1,100.0,0.0
Act 2,s3,290,13,13.0,0.7058823704719543,0.64705884,2495.0,878.0,False,48.09435329830245,-115.01173111843889,,-1,69.23076923076923,4.0
Act 2,s3,354,13,13.0,0.7051282158264747,0.54901963,2848.076923076923,674.9230769230769,False,44.81053695417769,-116.74164152455091,,-1,23.076923076923077,10.0
Act 2,s3,192,12,12.0,0.7696078519026438,0.7352941,2139.0833333333335,657.75,False,50.633371026301816,-119.28343582574881,,-1,66.66666666666667,4.0
Act 2,s3,128,12,12.0,0.7589869449536005,0.6960784,1993.6666666666667,789.0833333333334,False,52.106520874645106,-117.87461993462021,,-1,100.0,0.0
Act 2,s3,275,12,12.0,0.7173202733198801,0.65686274,2357.5833333333335,840.9166666666666,False,49.17289511993748,-115.93572876485123,,-1,91.66666666666667,1.0
Act 2,s3,235,12,12.0,0.7026143918434778,0.6666667,2244.6666666666665,664.5833333333334,False,49.77400070775997,-118.80989517994784,,-1,100.0,0.0
Act 2,s3,49,11,11.0,0.8377896709875627,0.7058824,1180.2727272727273,189.54545454545453,False,57.319544937452754,-130.9648743177493,,-1,100.0,0.0
Act 2,s3,166,11,11.0,0.7361853989687833,0.6862745,2071.6363636363635,664.0909090909091,False,51.20507209638653,-119.43769186604294,,-1,9.090909090909092,10.0
Act 2,s3,210,11,11.0,0.716577557000247,0.59803927,2182.0,895.6363636363636,False,50.732639466120496,-115.68415848781473,,-1,100.0,0.0
Act 2,s3,110,10,10.0,0.7735294222831726,0.7058824,1850.5,719.9,False,53.16015754389528,-119.43777910532361,,-1,100.0,0.0
Act 2,s3,288,10,10.0,0.722549033164978,0.6960784,2475.9,903.5,False,48.296066044085805,-114.70929508171761,,-1,100.0,0.0
Act 2,s3,21,10,10.0,0.6990196287631989,0.61764705,171.2,439.2,False,66.78777983972493,-133.6858352968675,,-1,10.0,9.0
Act 2,s3,47,9,9.0,0.7930283281538222,0.6764706,1171.0,186.0,False,57.384320383571385,-131.07776533829784,,-1,100.0,0.0
Act 2,s3,339,9,9.0,0.7527233295970492,0.7254902,2783.5555555555557,709.5555555555555,False,45.40691145796733,-116.47274087554908,,-1,100.0,0.0
Act 2,s3,287,9,9.0,0.7407407561937968,0.7058824,2472.4444444444443,913.1111111111111,False,48.340785687557734,-114.58431919680436,,-1,100.0,0.0
Act 2,s3,134,9,9.0,0.7222222354676988,0.51960784,1999.888888888889,615.5555555555555,False,51.69553254235968,-120.41920700953445,,-1,88.88888888888889,1.0
Act 2,s3,345,9,9.0,0.704793029361301,0.64705884,2806.3333333333335,914.4444444444445,False,45.56465795002004,-113.68097327538449,,-1,88.88888888888889,1.0
Act 2,s3,131,9,9.0,0.7004357443915473,0.65686274,1993.4444444444443,621.1111111111111,False,51.76097342043406,-120.36247353956611,,-1,100.0,0.0
Act 2,s3,119,8,8.0,0.794117659330368,0.7254902,1959.625,755.125,False,52.32287246008399,-118.5023768600894,,-1,100.0,0.0
Act 2,s3,226,8,8.0,0.7855392098426819,0.7352941,2210.25,906.875,False,50.51637639314392,-115.43418740814273,,-1,100.0,0.0
Act 2,s3,285,8,8.0,0.7781862840056419,0.7254902,2458.75,908.625,False,48.447388511557314,-114.68549282261574,,-1,100.0,0.0
Act 2,s3,313,8,8.0,0.75980394333601,0.7058824,2759.125,753.75,False,45.68818246220837,-115.95517211360617,,-1,100.0,0.0
Act 2,s3,28,8,8.0,0.7561274766921997,0.60784316,307.5,532.5,False,65.89620055468524,-130.85829357117288,,-1,25.0,6.0
Act 2,s3,157,8,8.0,0.7328431606292725,0.7058824,2054.75,639.625,False,51.293303045615964,-119.85761747345141,,-1,25.0,6.0
Act 2,s3,200,8,8.0,0.7316176742315292,0.67647064,2165.625,666.375,False,50.43151770107959,-119.06354909882506,,-1,37.5,5.0
Act 2,s3,301,8,8.0,0.6924019604921341,0.5588235,2737.5,679.125,False,45.7315440860237,-117.01335769198067,,-1,37.5,5.0
Act 2,s3,311,7,7.0,0.9383753452982221,0.7745098,2755.285714285714,675.1428571428571,False,45.57726097199498,-117.0130102245099,,-1,100.0,0.0
Act 2,s3,326,7,7.0,0.9313725488526481,0.85294116,2770.714285714286,758.1428571428571,False,45.59998784746721,-115.86365416605902,,-1,100.0,0.0
Act 2,s3,78,7,7.0,0.7773109333855766,0.7156863,1274.7142857142858,237.57142857142858,False,56.693815957807246,-129.64496989589034,,-1,100.0,0.0
Act 2,s3,323,7,7.0,0.7661064437457493,0.6764706,2767.714285714286,670.0,False,45.46506230466678,-117.04406459553081,,-1,100.0,0.0
Act 2,s3,358,7,7.0,0.7492997305733817,0.7058824,2858.714285714286,839.8571428571429,False,45.009544896024295,-114.53860208943068,,-1,100.0,0.0
Act 2,s3,123,7,7.0,0.7478991746902466,0.7254902,1978.5714285714287,764.1428571428571,False,52.183046434124044,-118.29972368821917,,-1,100.0,0.0
Act 2,s3,92,7,7.0,0.732493017401014,0.7058824,1356.0,247.57142857142858,False,56.05703317088837,-129.0231415324488,,-1,100.0,0.0
Act 2,s3,65,7,7.0,0.7310924359730312,0.50980395,1213.5714285714287,208.28571428571428,False,57.10537269899995,-130.46716745817218,,-1,100.0,0.0
Act 2,s3,364,7,7.0,0.7296918886048454,0.7058824,2926.714285714286,1186.5714285714287,False,44.94007974341659,-109.7763655810511,,-1,100.0,0.0
Act 2,s3,80,7,7.0,0.72549022095544,0.5882353,1279.5714285714287,227.57142857142858,False,56.6234823579579,-129.77349951694217,,-1,100.0,0.0
Act 2,s3,100,7,7.0,0.7240896565573556,0.7058824,1406.0,263.7142857142857,False,55.69475247608362,-128.4941221099122,,-1,100.0,0.0
Act 2,s3,348,6,6.0,0.7630719145139059,0.754902,2820.0,926.5,False,45.469781842054445,-113.48548429439815,,-1,100.0,0.0
Act 2,s3,295,6,6.0,0.7434640725453695,0.7156863,2552.5,880.5,False,47.62039446119142,-114.81557793294836,,-1,100.0,0.0
Act 2,s3,209,6,6.0,0.7189542651176453,0.7058824,2179.0,871.6666666666666,False,50.715132743288095,-116.0432140377212,,-1,100.0,0.0
Act 2,s3,159,6,6.0,0.7042483786741892,0.65686274,2058.5,838.0,False,51.65918622460164,-116.92671250430006,,-1,100.0,0.0
Act 2,s3,73,6,6.0,0.7026143868764242,0.64705884,1267.6666666666667,240.5,False,56.76060090295482,-129.63999191534904,,-1,100.0,0.0
Act 2,s3,22,6,6.0,0.6797385811805725,0.627451,172.66666666666666,434.1666666666667,False,66.75539549187,-133.77040503723592,,-1,16.666666666666668,5.0
Act 2,s3,83,5,5.0,0.801960802078247,0.7058824,1297.6,231.2,False,56.48666792236607,-129.61198666381193,,-1,100.0,0.0
Act 2,s3,54,5,5.0,0.7941176652908325,0.627451,1193.8,205.2,False,57.257955365049774,-130.63505469348482,,-1,100.0,0.0
Act 2,s3,213,5,5.0,0.7764705896377564,0.6666667,2183.2,905.2,False,50.73938213376632,-115.54082628785953,,-1,100.0,0.0
Act 2,s3,162,5,5.0,0.7666666865348816,0.74509805,2065.6,839.4,False,51.602528126750556,-116.8824272201854,,-1,100.0,0.0
Act 2,s3,81,5,5.0,0.7588235378265381,0.5294118,1280.2,238.8,False,56.652514608208925,-129.59381629435637,,-1,100.0,0.0
Act 2,s3,125,5,5.0,0.7549019813537597,0.7352941,1985.6,764.4,False,52.12497631115133,-118.2708110116258,,-1,100.0,0.0
Act 2,s3,142,5,5.0,0.7509804010391236,0.7254902,2011.6,808.6,False,51.9948185694665,-117.52175845292729,,-1,100.0,0.0
Act 2,s3,34,5,5.0,0.7470588326454163,0.7156863,897.2,853.2,False,61.58427474550254,-121.36649303947489,,-1,0.0,5.0
Act 2,s3,11,5,5.0,0.7431372761726379,0.7058824,142.6,443.4,False,67.06300413547815,-133.8363624414036,,-1,20.0,4.0
Act 2,s3,300,5,5.0,0.7431372761726379,0.7058824,2735.2,691.6,False,45.773673383267216,-116.85397711867923,,-1,60.0,2.0
Act 2,s3,273,5,5.0,0.7313725709915161,0.7156863,2346.2,864.2,False,49.30863317825287,-115.6392498307266,,-1,100.0,0.0
Act 2,s3,293,5,5.0,0.7294117689132691,0.7058824,2513.8,920.6,False,48.00870652789942,-114.36556185701531,,-1,20.0,4.0
Act 2,s3,140,5,5.0,0.7254902362823487,0.7156863,2004.6,619.6,False,51.665346232842644,-120.3416161268021,,-1,100.0,0.0
Act 2,s3,224,5,5.0,0.7176470756530762,0.7058824,2208.8,668.2,False,50.077997864534176,-118.8841127359223,,-1,100.0,0.0
Act 2,s3,306,5,5.0,0.7137255072593689,0.64705884,2743.6,674.6,False,45.67274231096557,-117.05527824630869,,-1,100.0,0.0
Act 2,s3,183,5,5.0,0.7078431487083435,0.7058824,2112.2,809.8,False,51.15820324737921,-117.16367176513589,,-1,80.0,1.0
Act 2,s3,225,5,5.0,0.7039215803146363,0.65686274,2208.2,675.2,False,50.09719010415579,-118.78599258339086,,-1,100.0,0.0
Act 2,s3,154,5,5.0,0.7000000238418579,0.627451,2045.2,649.8,False,51.39399443252027,-119.74469505127865,,-1,80.0,1.0
Act 2,s3,18,5,5.0,0.6980392456054687,0.5588236,160.6,426.8,False,66.83631520113637,-134.009017097014,,-1,60.0,2.0
Act 2,s3,8,5,5.0,0.6627451181411743,0.5392157,87.0,253.0,False,66.79730101687724,-137.9327367985358,,-1,0.0,5.0
Act 2,s3,334,4,4.0,0.9485294073820114,0.9019608,2775.5,660.5,False,45.38304481488806,-117.14658437635164,,-1,100.0,0.0
Act 2,s3,314,4,4.0,0.9411764591932297,0.88235295,2758.5,675.5,False,45.551383197287784,-116.99864805138547,,-1,100.0,0.0
Act 2,s3,48,4,4.0,0.9338235408067703,0.8235294,1174.5,183.5,False,57.34767491260767,-131.09583227797438,,-1,100.0,0.0
Act 2,s3,363,4,4.0,0.8823529481887817,0.7352941,2910.75,1217.75,False,45.11146468794569,-109.3907632738452,,-1,100.0,0.0
Act 2,s3,319,4,4.0,0.811274528503418,0.7254902,2761.75,677.0,False,45.527332630309466,-116.96902025610741,,-1,100.0,0.0
Act 2,s3,172,4,4.0,0.7965686321258545,0.7647059,2083.25,839.25,False,51.45491640345769,-116.82632446087906,,-1,100.0,0.0
Act 2,s3,59,4,4.0,0.789215698838234,0.7352941,1202.0,199.75,False,57.17356530170808,-130.6715758210341,,-1,100.0,0.0
Act 2,s3,303,4,4.0,0.7769608050584793,0.7058824,2739.75,673.25,False,45.702012357668906,-117.08482416928673,,-1,100.0,0.0
Act 2,s3,12,4,4.0,0.7647059112787247,0.7254902,150.0,426.75,False,66.93199445062895,-134.0962159886012,,-1,75.0,1.0
Act 2,s3,70,4,4.0,0.762254923582077,0.7254902,1243.0,241.5,False,56.966332024053855,-129.76847193916413,,-1,100.0,0.0
Act 2,s3,71,4,4.0,0.7598039358854294,0.7352941,1246.5,238.5,False,56.92838883839523,-129.79523392643773,,-1,100.0,0.0
Act 2,s3,355,4,4.0,0.7549019753932953,0.7156863,2849.75,843.0,False,45.089124211626064,-114.52048861951874,,-1,100.0,0.0
Act 2,s3,236,4,4.0,0.7426470816135406,0.67647064,2250.5,663.0,False,49.722557189422595,-118.81205766848787,,-1,100.0,0.0
Act 2,s3,220,4,4.0,0.7377451062202454,0.6862745,2196.5,902.0,False,50.622708768525555,-115.5469326466198,,-1,100.0,0.0
Act 2,s3,148,4,4.0,0.730392187833786,0.7156863,2025.5,810.0,False,51.88150987426366,-117.45327939828607,,-1,100.0,0.0
Act 2,s3,340,4,4.0,0.7279412150382996,0.7156863,2782.25,652.0,False,45.31138912134981,-117.23872273813613,,-1,100.0,0.0
Act 2,s3,161,4,4.0,0.7279411852359772,0.7254902,2064.5,628.5,False,51.18887962543591,-119.98320424676702,,-1,100.0,0.0
Act 2,s3,114,4,4.0,0.7205882668495178,0.7058824,1912.5,744.5,False,52.694168616657315,-118.83373994588183,,-1,100.0,0.0
Act 2,s3,215,4,4.0,0.7156863063573837,0.7058824,2186.5,830.0,False,50.57693521181473,-116.62588011811442,,-1,100.0,0.0
Act 2,s3,296,4,4.0,0.7132353037595749,0.6960784,2609.25,902.0,False,47.18395441585548,-114.36382251743262,,-1,100.0,0.0
Act 2,s3,221,4,4.0,0.7083333730697632,0.6862745,2205.0,692.75,False,50.159096664312315,-118.5455861420904,,-1,50.0,2.0
Act 2,s3,27,4,4.0,0.6887255012989044,0.5196079,195.5,439.0,False,66.56761525973977,-133.49512977687314,,-1,50.0,2.0
Act 2,s3,23,4,4.0,0.6740196049213409,0.4019608,178.75,436.25,False,66.70835840910692,-133.68162460849283,,-1,50.0,2.0
Act 2,s3,317,3,3.0,0.9836601416269938,0.9705882,2760.3333333333335,668.6666666666666,False,45.523513013723964,-117.08387183564959,,-1,100.0,0.0
Act 2,s3,223,3,3.0,0.7549019853274027,0.7156863,2207.0,903.0,False,50.53677489684571,-115.50042314144925,,-1,100.0,0.0
Act 2,s3,297,3,3.0,0.7385621070861816,0.7058824,2715.0,883.0,False,46.273751120017224,-114.34021851955958,,-1,100.0,0.0
Act 2,s3,356,3,3.0,0.7352941433588663,0.7058824,2854.0,765.0,False,44.92226788417199,-115.53998277507468,,-1,100.0,0.0
Act 2,s3,77,3,3.0,0.7320261597633362,0.7156863,1272.6666666666667,242.0,False,56.7240949925142,-129.58733218604527,,-1,100.0,0.0
Act 2,s3,165,3,3.0,0.7320261597633362,0.7156863,2070.6666666666665,629.6666666666666,False,51.14035730171097,-119.94302066426421,,-1,100.0,0.0
Act 2,s3,289,3,3.0,0.728758176167806,0.7156863,2490.3333333333335,861.6666666666666,False,48.10536883670722,-115.25269822899824,,-1,100.0,0.0
Act 2,s3,267,3,3.0,0.7254901925722758,0.7058824,2330.0,869.0,False,49.45189355717251,-115.61935194052622,,-1,100.0,0.0
Act 2,s3,188,3,3.0,0.7222222487131754,0.7156863,2121.3333333333335,830.6666666666666,False,51.121239121279835,-116.8274913017849,,-1,100.0,0.0
Act 2,s3,251,3,3.0,0.7189542651176453,0.7058824,2286.0,898.0,False,49.86889895518146,-115.33533200203267,,-1,100.0,0.0
Act 2,s3,109,3,3.0,0.7189542452494303,0.71568626,1821.6666666666667,698.3333333333334,False,53.35476446870867,-119.87615997327917,,-1,100.0,0.0
Act 2,s3,368,3,3.0,0.71568630139033,0.7058824,2939.6666666666665,796.3333333333334,False,44.26566275423014,-114.89781823727581,,-1,100.0,0.0
Act 2,s3,370,3,3.0,0.71568630139033,0.7058824,2959.0,791.6666666666666,False,44.09751873891973,-114.90772460176686,,-1,100.0,0.0
Act 2,s3,149,3,3.0,0.7156862815221151,0.7058824,2029.6666666666667,616.3333333333334,False,51.45084435403448,-120.29313636336386,,-1,100.0,0.0
Act 2,s3,254,3,3.0,0.7156862815221151,0.7058824,2292.0,894.0,False,49.811962627532004,-115.37496851389137,,-1,100.0,0.0
Act 2,s3,286,3,3.0,0.7091503540674845,0.7058824,2459.0,901.6666666666666,False,48.43370564574532,-114.78244809747433,,-1,100.0,0.0
Act 2,s3,369,3,3.0,0.702614406744639,0.6862745,2954.0,798.0,False,44.14958091381164,-114.83835592962842,,-1,100.0,0.0
Act 2,s3,264,3,3.0,0.7026143868764242,0.6960784,2319.0,740.0,False,49.30720688783971,-117.48759547025435,,-1,0.0,3.0
Act 2,s3,101,3,3.0,0.6830065647761027,0.59803927,1407.0,287.0,False,55.754315974438946,-128.12831903650493,,-1,100.0,0.0
Act 2,s3,58,3,3.0,0.6666666865348816,0.5392157,1198.0,205.0,False,57.22285966743126,-130.6128253472093,,-1,100.0,0.0
Act 2,s3,362,2,2.0,0.906862735748291,0.8137255,2905.5,1212.5,False,45.149174608929336,-109.47103155786218,,-1,100.0,0.0
Act 2,s3,38,2,2.0,0.8823529481887817,0.85294116,912.0,844.5,False,61.43329793995727,-121.44921092394804,,-1,100.0,0.0
Act 2,s3,196,2,2.0,0.8529412150382996,0.8333334,2155.5,817.5,False,50.81196193941835,-116.90823531345285,,-1,100.0,0.0
Act 2,s3,39,2,2.0,0.8333333730697632,0.7156863,915.0,814.5,False,61.333902924347136,-121.96780909134712,,-1,50.0,1.0
Act 2,s3,55,2,2.0,0.8235294222831726,0.8039216,1194.5,200.0,False,57.235869831401544,-130.71302150412868,,-1,100.0,0.0
Act 2,s3,56,2,2.0,0.7843137383460999,0.7745098,1195.5,202.0,False,57.23395406223001,-130.67535785531376,,-1,100.0,0.0
Act 2,s3,327,2,2.0,0.7843137383460999,0.7647059,2771.5,669.0,False,45.43194296837,-117.0459932542417,,-1,100.0,0.0
Act 2,s3,32,2,2.0,0.774509847164154,0.7156863,831.5,828.5,False,62.10224727182916,-122.13855074383767,,-1,0.0,2.0
Act 2,s3,84,2,2.0,0.7745097875595093,0.7745098,1307.5,231.0,False,56.4048864277189,-129.55790527457958,,-1,100.0,0.0
Act 2,s3,26,2,2.0,0.7696078419685364,0.7254902,191.5,440.0,False,66.6074537025929,-133.50792692640763,,-1,50.0,1.0
Act 2,s3,50,2,2.0,0.7647058963775635,0.7254902,1179.5,185.0,False,57.311459143038086,-131.0414636976982,,-1,100.0,0.0
Act 2,s3,168,2,2.0,0.7647058963775635,0.74509805,2078.5,630.0,False,51.07626900907382,-119.9087829982494,,-1,100.0,0.0
Act 2,s3,9,2,2.0,0.7598039209842682,0.7058824,91.0,246.5,False,66.73456114575379,-138.01911835675463,,-1,50.0,1.0
Act 2,s3,144,2,2.0,0.7598039209842682,0.7352941,2016.5,626.0,False,51.58071595384058,-120.20198854193734,,-1,100.0,0.0
Act 2,s3,346,2,2.0,0.7549019753932953,0.74509805,2811.0,840.5,False,45.40666194602027,-114.65593986258224,,-1,100.0,0.0
Act 2,s3,122,2,2.0,0.7500000298023224,0.7058824,1964.0,773.5,False,52.323211922542825,-118.21206574151549,,-1,100.0,0.0
Act 2,s3,31,2,2.0,0.75,0.7254902,421.0,652.5,False,65.26926256736596,-127.78875994793226,,-1,0.0,2.0
Act 2,s3,281,2,2.0,0.7450980544090271,0.7352941,2380.5,825.0,False,48.954042071656175,-116.0914781627203,,-1,100.0,0.0
Act 2,s3,206,2,2.0,0.7401961088180542,0.7254902,2173.0,667.5,False,50.37279045689341,-119.02103394086846,,-1,100.0,0.0
Act 2,s3,333,2,2.0,0.7401960790157318,0.7352941,2774.5,807.0,False,45.653230919529044,-115.20125673276101,,-1,100.0,0.0
Act 2,s3,186,2,2.0,0.7352941632270813,0.7156863,2117.5,664.0,False,50.825003053574186,-119.27126276247775,,-1,0.0,2.0
Act 2,s3,4,2,2.0,0.7352941334247589,0.7058824,70.5,250.0,False,66.93104810235548,-138.13647931878583,,-1,0.0,2.0
Act 2,s3,96,2,2.0,0.7352941334247589,0.71568626,1372.5,291.0,False,56.0494202820804,-128.25551714473644,,-1,100.0,0.0
Act 2,s3,174,2,2.0,0.7352941036224365,0.7352941,2084.5,835.0,False,51.43655365159848,-116.88490535678545,,-1,100.0,0.0
Act 2,s3,181,2,2.0,0.730392187833786,0.7156863,2108.5,834.0,False,51.23446637393545,-116.82061944743513,,-1,100.0,0.0
Act 2,s3,249,2,2.0,0.7303921580314636,0.7254902,2278.5,809.0,False,49.772761842192466,-116.63534331805066,,-1,100.0,0.0
Act 2,s3,124,2,2.0,0.7254902124404907,0.7058824,1982.0,623.5,False,51.86093082811725,-120.37159135632079,,-1,100.0,0.0
Act 2,s3,318,2,2.0,0.7254902124404907,0.7156863,2761.5,654.0,False,45.48637859539262,-117.27489282888786,,-1,100.0,0.0
Act 2,s3,176,2,2.0,0.7254901826381683,0.71568626,2089.0,670.5,False,51.07456006911054,-119.28058696963727,,-1,0.0,2.0
Act 2,s3,240,2,2.0,0.7205882668495178,0.7156863,2255.5,938.5,False,50.19248270669919,-114.84070227427901,,-1,50.0,1.0
Act 2,s3,93,2,2.0,0.7205882370471954,0.7058824,1356.5,286.0,False,56.16638205702348,-128.42202941337933,,-1,100.0,0.0
Act 2,s3,360,2,2.0,0.7205882370471954,0.71568626,2876.0,1130.5,False,45.29362651038395,-110.62785982183168,,-1,100.0,0.0
Act 2,s3,126,2,2.0,0.7156863212585449,0.7156863,1987.0,626.5,False,51.82604687850804,-120.30805552683606,,-1,100.0,0.0
Act 2,s3,241,2,2.0,0.7156863212585449,0.7156863,2264.5,696.0,False,49.67294056849777,-118.2942384527791,,-1,0.0,2.0
Act 2,s3,279,2,2.0,0.7156863212585449,0.7156863,2372.5,826.0,False,49.02230945496675,-116.10167753904625,,-1,100.0,0.0
Act 2,s3,52,2,2.0,0.7156862914562225,0.7058824,1192.5,192.0,False,57.22705816571277,-130.85153752061848,,-1,100.0,0.0
Act 2,s3,103,2,2.0,0.7156862914562225,0.7058824,1426.0,261.5,False,55.52436823328775,-128.41830226416567,,-1,100.0,0.0
Act 2,s3,202,2,2.0,0.7156862914562225,0.7058824,2169.5,660.0,False,50.38633595933269,-119.1414373392306,,-1,100.0,0.0
Act 2,s3,207,2,2.0,0.7156862914562225,0.7058824,2175.5,851.0,False,50.7070302800659,-116.35550387457386,,-1,100.0,0.0
Act 2,s3,277,2,2.0,0.7156862616539001,0.71568626,2362.5,783.5,False,49.028141669159766,-116.73308684322554,,-1,0.0,2.0
Act 2,s3,102,2,2.0,0.7107843458652496,0.7058824,1407.0,258.5,False,55.67128453446224,-128.5691531451508,,-1,100.0,0.0
Act 2,s3,316,2,2.0,0.7107843458652496,0.7058824,2760.0,629.5,False,45.45225195234723,-117.60403046670596,,-1,100.0,0.0
Act 2,s3,331,2,2.0,0.7107843458652496,0.7058824,2773.5,555.0,False,45.195579292900604,-118.54476947012743,,-1,50.0,1.0
Act 2,s3,304,2,2.0,0.7107843160629272,0.7058824,2739.5,784.0,False,45.90376857403416,-115.60621281568108,,-1,0.0,2.0
Act 2,s3,67,2,2.0,0.7058823704719543,0.7058824,1227.5,202.0,False,56.97152829083703,-130.48267952685873,,-1,100.0,0.0
Act 2,s3,164,2,2.0,0.7058823704719543,0.7058824,2069.0,670.5,False,51.24029929713045,-119.35381799134362,,-1,0.0,2.0
Act 2,s3,299,2,2.0,0.7058823704719543,0.7058824,2724.5,687.0,False,45.85354893145558,-116.9473485823186,,-1,0.0,2.0
Act 2,s3,347,1,1.0,1.0,1.0,2816.0,812.0,False,45.317557266369754,-115.02165387127117,,-1,100.0,0.0
Act 2,s3,3,1,1.0,0.9019607901573181,0.9019608,67.0,296.0,False,67.15535999496167,-137.29793764077738,,-1,100.0,0.0
Act 2,s3,63,1,1.0,0.8627451062202454,0.8627451,1210.0,203.0,False,57.11814409529709,-130.57202340521306,,-1,100.0,0.0
Act 2,s3,325,1,1.0,0.8627451062202454,0.8627451,2769.0,754.0,False,45.60687522929193,-115.92372648197778,,-1,100.0,0.0
Act 2,s3,25,1,1.0,0.8529411554336548,0.85294116,186.0,437.0,False,66.64575321002015,-133.6091707783238,,-1,100.0,0.0
Act 2,s3,33,1,1.0,0.8529411554336548,0.85294116,888.0,806.0,False,61.549352215799814,-122.25464483600281,,-1,0.0,1.0
Act 2,s3,29,1,1.0,0.8333333730697632,0.8333334,314.0,542.0,False,65.87047934442342,-130.6302543563282,,-1,0.0,1.0
Act 2,s3,62,1,1.0,0.813725471496582,0.8137255,1208.0,201.0,False,57.1282805346272,-130.61562397889,,-1,100.0,0.0
Act 2,s3,335,1,1.0,0.813725471496582,0.8137255,2778.0,684.0,False,45.40607643192459,-116.82786968271151,,-1,100.0,0.0
Act 2,s3,74,1,1.0,0.7941176891326904,0.7941177,1268.0,224.0,False,56.70747236501281,-129.89712496562922,,-1,100.0,0.0
Act 2,s3,262,1,1.0,0.7941176891326904,0.7941177,2313.0,797.0,False,49.463990636000275,-116.69753701924576,,-1,100.0,0.0
Act 2,s3,328,1,1.0,0.7941176891326904,0.7941177,2771.0,754.0,False,45.59031826515069,-115.91804285357316,,-1,100.0,0.0
Act 2,s3,57,1,1.0,0.7843137383460999,0.78431374,1196.0,195.0,False,57.207824848506746,-130.78290509410704,,-1,100.0,0.0
Act 2,s3,68,1,1.0,0.7843137383460999,0.78431374,1236.0,240.0,False,57.01928192244548,-129.83329443548288,,-1,100.0,0.0
Act 2,s3,64,1,1.0,0.7745097875595093,0.7745098,1211.0,207.0,False,57.12245392319996,-130.50289990630765,,-1,100.0,0.0
Act 2,s3,204,1,1.0,0.7745097875595093,0.7745098,2171.0,665.0,False,50.38421132632914,-119.06413745052527,,-1,100.0,0.0
Act 2,s3,7,1,1.0,0.7647058963775635,0.7647059,85.0,261.0,False,66.84860554856394,-137.80011579225413,,-1,0.0,1.0
Act 2,s3,35,1,1.0,0.7647058963775635,0.7647059,902.0,852.0,False,61.53919520146051,-121.36442229779509,,-1,0.0,1.0
Act 2,s3,253,1,1.0,0.7647058963775635,0.7647059,2290.0,915.0,False,49.86466381316292,-115.07897111556865,,-1,100.0,0.0
Act 2,s3,247,1,1.0,0.7549020051956177,0.754902,2277.0,804.0,False,49.7760201891055,-116.71166738550279,,-1,100.0,0.0
Act 2,s3,261,1,1.0,0.7549020051956177,0.754902,2311.0,668.0,False,49.23252057331245,-118.53224144427303,,-1,100.0,0.0
Act 2,s3,312,1,1.0,0.7549020051956177,0.754902,2755.0,628.0,False,45.49060556355527,-117.63926243253431,,-1,100.0,0.0
Act 2,s3,5,1,1.0,0.7450980544090271,0.74509805,76.0,262.0,False,66.93277069380154,-137.86133443502453,,-1,0.0,1.0
Act 2,s3,10,1,1.0,0.7450980544090271,0.74509805,135.0,428.0,False,67.07272152211206,-134.1948463013525,,-1,0.0,1.0
Act 2,s3,44,1,1.0,0.7450980544090271,0.74509805,1162.0,199.0,False,57.499443616851515,-130.9269137992581,,-1,100.0,0.0
Act 2,s3,53,1,1.0,0.7450980544090271,0.74509805,1192.0,212.0,False,57.294055774371564,-130.53833288387648,,-1,100.0,0.0
Act 2,s3,60,1,1.0,0.7450980544090271,0.74509805,1204.0,211.0,False,57.19240019868941,-130.4818280204989,,-1,100.0,0.0
Act 2,s3,61,1,1.0,0.7450980544090271,0.74509805,1206.0,200.0,False,57.141545696325196,-130.6434666582652,,-1,100.0,0.0
Act 2,s3,82,1,1.0,0.7450980544090271,0.74509805,1286.0,242.0,False,56.61460424518199,-129.51001985232273,,-1,100.0,0.0
Act 2,s3,179,1,1.0,0.7450980544090271,0.74509805,2102.0,840.0,False,51.299845403322884,-116.75367957573314,,-1,100.0,0.0
Act 2,s3,199,1,1.0,0.7450980544090271,0.74509805,2163.0,840.0,False,50.79113627723526,-116.555808502357,,-1,100.0,0.0
Act 2,s3,257,1,1.0,0.7450980544090271,0.74509805,2294.0,691.0,False,49.418896581776494,-118.26493808635095,,-1,100.0,0.0
Act 2,s3,1,1,1.0,0.7352941036224365,0.7352941,52.0,281.0,False,67.2267586298631,-137.71611604556676,,-1,0.0,1.0
Act 2,s3,17,1,1.0,0.7352941036224365,0.7352941,157.0,426.0,False,66.86579092313431,-134.0535937757375,,-1,100.0,0.0
Act 2,s3,69,1,1.0,0.7352941036224365,0.7352941,1240.0,246.0,False,57.00475251300074,-129.7150492632328,,-1,100.0,0.0
Act 2,s3,79,1,1.0,0.7352941036224365,0.7352941,1274.0,226.0,False,56.66438017008971,-129.83064827637926,,-1,100.0,0.0
Act 2,s3,98,1,1.0,0.7352941036224365,0.7352941,1377.0,288.0,False,56.00369312944045,-128.27741310704408,,-1,100.0,0.0
Act 2,s3,189,1,1.0,0.7352941036224365,0.7352941,2124.0,796.0,False,51.033722294071026,-117.32638149270598,,-1,100.0,0.0
Act 2,s3,194,1,1.0,0.7352941036224365,0.7352941,2143.0,805.0,False,50.8925918343473,-117.13167573019764,,-1,100.0,0.0
Act 2,s3,214,1,1.0,0.7352941036224365,0.7352941,2185.0,899.0,False,50.71349521976619,-115.62584466094927,,-1,100.0,0.0
Act 2,s3,246,1,1.0,0.7352941036224365,0.7352941,2275.0,805.0,False,49.794488986464835,-116.70370771718994,,-1,100.0,0.0
Act 2,s3,291,1,1.0,0.7352941036224365,0.7352941,2509.0,881.0,False,47.98297562801946,-114.93039587818615,,-1,100.0,0.0
Act 2,s3,308,1,1.0,0.7352941036224365,0.7352941,2748.0,669.0,False,45.6259568743464,-117.11651998712946,,-1,100.0,0.0
Act 2,s3,330,1,1.0,0.7352941036224365,0.7352941,2772.0,713.0,False,45.50869239840106,-116.46065821848848,,-1,100.0,0.0
Act 2,s3,2,1,1.0,0.7254902124404907,0.7254902,55.0,279.0,False,67.19150596011885,-137.72726016982656,,-1,0.0,1.0
Act 2,s3,14,1,1.0,0.7254902124404907,0.7254902,155.0,429.0,False,66.8953905810848,-134.0123515060676,,-1,100.0,0.0
Act 2,s3,15,1,1.0,0.7254902124404907,0.7254902,156.0,422.0,False,66.85946392227908,-134.13835522093723,,-1,100.0,0.0
Act 2,s3,16,1,1.0,0.7254902124404907,0.7254902,156.0,432.0,False,66.89783954570022,-133.94668894317277,,-1,100.0,0.0
Act 2,s3,19,1,1.0,0.7254902124404907,0.7254902,162.0,436.0,False,66.85882742951142,-133.82136424675306,,-1,100.0,0.0
Act 2,s3,20,1,1.0,0.7254902124404907,0.7254902,166.0,441.0,False,66.84166622054819,-133.69319000500795,,-1,0.0,1.0
Act 2,s3,72,1,1.0,0.7254902124404907,0.7254902,1264.0,248.0,False,56.81352610279449,-129.54335791676354,,-1,100.0,0.0
Act 2,s3,91,1,1.0,0.7254902124404907,0.7254902,1351.0,250.0,False,56.10526347284961,-129.01361315201777,,-1,100.0,0.0
Act 2,s3,107,1,1.0,0.7254902124404907,0.7254902,1457.0,293.0,False,55.36111614179921,-127.7651230408431,,-1,100.0,0.0
Act 2,s3,135,1,1.0,0.7254902124404907,0.7254902,1998.0,656.0,False,51.798330872981985,-119.83132886921284,,-1,100.0,0.0
Act 2,s3,141,1,1.0,0.7254902124404907,0.7254902,2005.0,855.0,False,52.13807946532465,-116.85207592804183,,-1,100.0,0.0
Act 2,s3,198,1,1.0,0.7254902124404907,0.7254902,2162.0,669.0,False,50.46691100437469,-119.03868844081893,,-1,0.0,1.0
Act 2,s3,217,1,1.0,0.7254902124404907,0.7254902,2191.0,908.0,False,50.679107686618245,-115.47617995932885,,-1,100.0,0.0
Act 2,s3,230,1,1.0,0.7254902124404907,0.7254902,2222.0,675.0,False,49.98259330013693,-118.74050655996876,,-1,100.0,0.0
Act 2,s3,260,1,1.0,0.7254902124404907,0.7254902,2310.0,918.0,False,49.70289193217047,-114.9773961124748,,-1,100.0,0.0
Act 2,s3,278,1,1.0,0.7254902124404907,0.7254902,2370.0,866.0,False,49.11368903584658,-115.5428143467412,,-1,100.0,0.0
Act 2,s3,283,1,1.0,0.7254902124404907,0.7254902,2384.0,852.0,False,48.97275679588979,-115.69942043702501,,-1,100.0,0.0
Act 2,s3,343,1,1.0,0.7254902124404907,0.7254902,2798.0,916.0,False,45.63641539535071,-113.68120069095751,,-1,100.0,0.0
Act 2,s3,353,1,1.0,0.7254902124404907,0.7254902,2843.0,779.0,False,45.03754738315608,-115.38543337766332,,-1,100.0,0.0
Act 2,s3,359,1,1.0,0.7254902124404907,0.7254902,2860.0,783.0,False,44.90353118350933,-115.28621487836291,,-1,100.0,0.0
Act 2,s3,40,1,1.0,0.7156863212585449,0.7156863,1098.0,191.0,False,57.99969930469388,-131.45145923046678,,-1,100.0,0.0
Act 2,s3,86,1,1.0,0.7156863212585449,0.7156863,1315.0,247.0,False,56.39163778878741,-129.26493807849118,,-1,100.0,0.0
Act 2,s3,169,1,1.0,0.7156863212585449,0.7156863,2078.0,838.0,False,51.496402585021244,-116.86209952823265,,-1,100.0,0.0
Act 2,s3,191,1,1.0,0.7156863212585449,0.7156863,2135.0,856.0,False,51.05394391551952,-116.41170349049402,,-1,100.0,0.0
Act 2,s3,197,1,1.0,0.7156863212585449,0.7156863,2160.0,863.0,False,50.85806360938704,-116.22956134828829,,-1,100.0,0.0
Act 2,s3,201,1,1.0,0.7156863212585449,0.7156863,2167.0,842.0,False,50.761462745717964,-116.51380563809782,,-1,100.0,0.0
Act 2,s3,205,1,1.0,0.7156863212585449,0.7156863,2172.0,660.0,False,50.365652297413725,-119.13248285372127,,-1,100.0,0.0
Act 2,s3,218,1,1.0,0.7156863212585449,0.7156863,2192.0,905.0,False,50.665527326357626,-115.51690416501862,,-1,100.0,0.0
Act 2,s3,231,1,1.0,0.7156863212585449,0.7156863,2225.0,691.0,False,49.9899767868088,-118.50126898766267,,-1,100.0,0.0
Act 2,s3,252,1,1.0,0.7156863212585449,0.7156863,2286.0,918.0,False,49.90314473465819,-115.04752647060485,,-1,100.0,0.0
Act 2,s3,298,1,1.0,0.7156863212585449,0.7156863,2719.0,887.0,False,46.247007342391186,-114.27555213093886,,-1,100.0,0.0
Act 2,s3,95,1,1.0,0.7156862616539001,0.71568626,1366.0,290.0,False,56.099953023983154,-128.30699239528542,,-1,100.0,0.0
Act 2,s3,97,1,1.0,0.7156862616539001,0.71568626,1375.0,289.0,False,56.02304461756126,-128.27287601528315,,-1,100.0,0.0
Act 2,s3,190,1,1.0,0.7156862616539001,0.71568626,2129.0,798.0,False,50.99589912333835,-117.28042955352247,,-1,100.0,0.0
Act 2,s3,6,1,1.0,0.7058823704719543,0.7058824,81.0,257.0,False,66.86733520200174,-137.91094888487888,,-1,0.0,1.0
Act 2,s3,13,1,1.0,0.7058823704719543,0.7058824,153.0,428.0,False,66.90964935065814,-134.04779878979372,,-1,100.0,0.0
Act 2,s3,24,1,1.0,0.7058823704719543,0.7058824,183.0,435.0,False,66.66525622019185,-133.67141593415997,,-1,0.0,1.0
Act 2,s3,30,1,1.0,0.7058823704719543,0.7058824,407.0,632.0,False,65.33060589039117,-128.27082744187283,,-1,0.0,1.0
Act 2,s3,42,1,1.0,0.7058823704719543,0.7058824,1112.0,189.0,False,57.87818479646623,-131.39568419021066,,-1,100.0,0.0
Act 2,s3,51,1,1.0,0.7058823704719543,0.7058824,1191.0,201.0,False,57.26773108275661,-130.7184318220063,,-1,100.0,0.0
Act 2,s3,66,1,1.0,0.7058823704719543,0.7058824,1222.0,204.0,False,57.02286141923897,-130.4841563582124,,-1,100.0,0.0
Act 2,s3,75,1,1.0,0.7058823704719543,0.7058824,1269.0,244.0,False,56.76029078432299,-129.5772130015219,,-1,100.0,0.0
Act 2,s3,94,1,1.0,0.7058823704719543,0.7058824,1363.0,295.0,False,56.13919617421358,-128.2455796205752,,-1,100.0,0.0
Act 2,s3,105,1,1.0,0.7058823704719543,0.7058824,1432.0,265.0,False,55.48539936028332,-128.3315450173683,,-1,100.0,0.0
Act 2,s3,117,1,1.0,0.7058823704719543,0.7058824,1927.0,744.0,False,52.572246863645255,-118.78782503303977,,-1,100.0,0.0
Act 2,s3,127,1,1.0,0.7058823704719543,0.7058824,1990.0,629.0,False,51.80662410533759,-120.25966658148599,,-1,100.0,0.0
Act 2,s3,130,1,1.0,0.7058823704719543,0.7058824,1990.0,870.0,False,52.291536731827286,-116.67749311454969,,-1,100.0,0.0
Act 2,s3,143,1,1.0,0.7058823704719543,0.7058824,2014.0,802.0,False,51.962039609419435,-117.61167845268568,,-1,100.0,0.0
Act 2,s3,146,1,1.0,0.7058823704719543,0.7058824,2021.0,809.0,False,51.91713908804026,-117.48354338823202,,-1,100.0,0.0
Act 2,s3,153,1,1.0,0.7058823704719543,0.7058824,2043.0,820.0,False,51.754588423481216,-117.24538784062764,,-1,100.0,0.0
Act 2,s3,156,1,1.0,0.7058823704719543,0.7058824,2053.0,650.0,False,51.32981204812949,-119.71260588110067,,-1,100.0,0.0
Act 2,s3,163,1,1.0,0.7058823704719543,0.7058824,2067.0,825.0,False,51.563793469583096,-117.09070691159897,,-1,100.0,0.0
Act 2,s3,173,1,1.0,0.7058823704719543,0.7058824,2083.0,843.0,False,51.46398278773105,-116.77179781658988,,-1,100.0,0.0
Act 2,s3,175,1,1.0,0.7058823704719543,0.7058824,2086.0,663.0,False,51.08379871068411,-119.40078874806764,,-1,0.0,1.0
Act 2,s3,185,1,1.0,0.7058823704719543,0.7058824,2115.0,836.0,False,51.183971471357424,-116.76994626042153,,-1,100.0,0.0
Act 2,s3,195,1,1.0,0.7058823704719543,0.7058824,2154.0,860.0,False,50.902690375692465,-116.29246127585934,,-1,100.0,0.0
Act 2,s3,203,1,1.0,0.7058823704719543,0.7058824,2169.0,666.0,False,50.40281604844323,-119.05688955355258,,-1,100.0,0.0
Act 2,s3,212,1,1.0,0.7058823704719543,0.7058824,2179.0,852.0,False,50.679666374034646,-116.32982490147526,,-1,100.0,0.0
Act 2,s3,222,1,1.0,0.7058823704719543,0.7058824,2206.0,697.0,False,50.15933460111792,-118.4811284737438,,-1,0.0,1.0
Act 2,s3,228,1,1.0,0.7058823704719543,0.7058824,2216.0,825.0,False,50.322092317496356,-116.60387826300285,,-1,100.0,0.0
Act 2,s3,229,1,1.0,0.7058823704719543,0.7058824,2219.0,863.0,False,50.36602703502648,-116.04439041956354,,-1,100.0,0.0
Act 2,s3,234,1,1.0,0.7058823704719543,0.7058824,2240.0,664.0,False,49.81140417706572,-118.83452069224246,,-1,100.0,0.0
Act 2,s3,238,1,1.0,0.7058823704719543,0.7058824,2252.0,702.0,False,49.78832215525612,-118.25138695131939,,-1,0.0,1.0
Act 2,s3,239,1,1.0,0.7058823704719543,0.7058824,2254.0,864.0,False,50.0761119878559,-115.9216965207685,,-1,100.0,0.0
Act 2,s3,243,1,1.0,0.7058823704719543,0.7058824,2268.0,688.0,False,49.62807143072555,-118.39606704972665,,-1,100.0,0.0
Act 2,s3,245,1,1.0,0.7058823704719543,0.7058824,2270.0,666.0,False,49.56741232189215,-118.70162757204858,,-1,100.0,0.0
Act 2,s3,255,1,1.0,0.7058823704719543,0.7058824,2292.0,902.0,False,49.825747556782716,-115.26001836427646,,-1,100.0,0.0
Act 2,s3,258,1,1.0,0.7058823704719543,0.7058824,2296.0,890.0,False,49.771695604077976,-115.42048575392026,,-1,100.0,0.0
Act 2,s3,269,1,1.0,0.7058823704719543,0.7058824,2335.0,939.0,False,49.52947904818308,-114.60445104264922,,-1,100.0,0.0
Act 2,s3,270,1,1.0,0.7058823704719543,0.7058824,2337.0,931.0,False,49.499477102863054,-114.71322288420518,,-1,100.0,0.0
Act 2,s3,276,1,1.0,0.7058823704719543,0.7058824,2359.0,845.0,False,49.16835041491755,-115.87353352096429,,-1,100.0,0.0
Act 2,s3,284,1,1.0,0.7058823704719543,0.7058824,2450.0,904.0,False,48.512541327108515,-114.77505069676145,,-1,100.0,0.0
Act 2,s3,294,1,1.0,0.7058823704719543,0.7058824,2539.0,877.0,False,47.72677563902422,-114.9016977699517,,-1,0.0,1.0
Act 2,s3,307,1,1.0,0.7058823704719543,0.7058824,2746.0,789.0,False,45.858579568737944,-115.52098630227223,,-1,0.0,1.0
Act 2,s3,309,1,1.0,0.7058823704719543,0.7058824,2748.0,788.0,False,45.840273898693766,-115.52878285925067,,-1,0.0,1.0
Act 2,s3,322,1,1.0,0.7058823704719543,0.7058824,2764.0,632.0,False,45.42404549601547,-117.55867492334433,,-1,100.0,0.0
Act 2,s3,336,1,1.0,0.7058823704719543,0.7058824,2778.0,805.0,False,45.620802821337314,-115.21836122725928,,-1,100.0,0.0
Act 2,s3,341,1,1.0,0.7058823704719543,0.7058824,2790.0,705.0,False,45.34536737208678,-116.5143696691657,,-1,100.0,0.0
Act 2,s3,365,1,1.0,0.7058823704719543,0.7058824,2930.0,1189.0,False,44.91554043735934,-109.73759601584618,,-1,100.0,0.0
Act 2,s3,367,1,1.0,0.7058823704719543,0.7058824,2935.0,791.0,False,44.295404583306045,-114.97981361202586,,-1,100.0,0.0
Act 2,s3,372,1,1.0,0.7058823704719543,0.7058824,2975.0,799.0,False,43.977069542865245,-114.77039296093037,,-1,100.0,0.0
Act 2,s3,373,1,1.0,0.7058823704719543,0.7058824,2979.0,798.0,False,43.942226392576345,-114.7729585291452,,-1,100.0,0.0
Act 2,s4,1287,7281,7281.0,0.772355403860627,0.05882353,1316.548276335668,275.53289383326467,True,56.464091010378915,-128.80960393652708,W of Wilps Gwininitxw (56.3°N 128.5°W),6,68.72682323856613,2277.0
Act 2,s4,1813,6530,6530.0,0.8796444827602294,0.05882353,2242.7134762633996,832.0286370597244,True,50.112586570089206,-116.4176654124218,Purcell Wilderness Conservancy Park vicinity (50.2°N 116.5°W),2,89.43338437978561,690.0
Act 2,s4,29,4511,4511.0,0.9396551377233923,0.0,181.72733318554646,415.16914209709597,True,66.60129269100298,-134.05997560991432,E of Fishing Branch Wilderness Preserve (66.6°N 134.1°W),9,0.5320328086898692,4487.0
Act 2,s4,4,3537,3537.0,0.879035079396486,0.0,84.27876731693526,268.4489680520215,True,66.88619419849401,-137.66624327155202,E of Nj ‘Iinlii” Jjik (Fishing Branch) Habitat Protection Area (66.9°N 137.7°W),8,0.05654509471303364,3535.0
Act 2,s4,1003,2552,2552.0,0.9061943006991529,0.0,895.8667711598746,824.371473354232,True,61.525825844185476,-121.88769670170146,E of Nahanni National Park Reserve Of Canada (61.5°N 121.9°W),11,0.43103448275862066,2541.0
Act 2,s4,1701,2016,2016.0,0.804529461196609,0.34313726,2056.5887896825398,827.8179563492064,True,51.65599265869893,-117.08385721543543,NW of Banff National Park Of Canada (51.6°N 117.1°W),2,69.49404761904762,615.0
Act 2,s4,967,1467,1467.0,0.8737452787327458,0.29411766,865.7464212678937,770.7368779822767,True,61.65517875847861,-122.99725582825494,E of Nahanni National Park Reserve Of Canada (61.7°N 123.0°W),11,0.27266530334015,1463.0
Act 2,s4,1580,1144,1144.0,0.8142825409092687,0.14705883,1923.9650349650349,750.6398601398602,True,52.61109585236233,-118.69933062936052,S of Mount Robson Park (52.6°N 118.6°W),3,80.41958041958041,224.0
Act 2,s4,322,1142,1142.0,0.9798513114869908,0.2647059,411.8633975481611,635.5875656742556,True,65.2981804195495,-128.17021393209637,NE of Tū Łī́dlini (Ross River) (65.3°N 128.2°W),17,0.0,1142.0
Act 2,s4,615,953,953.0,0.8108758783351009,0.0,606.0881427072403,763.1605456453306,True,63.93286382690869,-124.56201091492821,E of Nááts’Ihch’Oh National Park Reserve Of Canada (63.9°N 124.6°W),15,0.0,953.0
Act 2,s4,1459,869,869.0,0.8976511259416442,0.43137255,1437.1093210586882,277.26582278481015,True,55.479073693739224,-128.11476354896186,S of Swan Lake Kispiox River Park (55.5°N 128.1°W),6,82.27848101265823,154.0
Act 2,s4,2090,785,785.0,0.920719374516967,0.50980395,2772.4178343949043,784.4178343949045,False,45.631732758836336,-115.50849674025092,,-1,97.19745222929936,22.0
Act 2,s4,1144,682,682.0,0.8399747085711124,0.44117647,1058.224340175953,207.0982404692082,False,58.379194415576045,-131.44357278867182,,-1,85.77712609970675,97.0
Act 2,s4,2130,664,664.0,0.9252303369702345,0.3529412,2812.9698795180725,759.902108433735,False,45.25319543096497,-115.7213032747888,,-1,99.09638554216868,6.0
Act 2,s4,1199,551,551.0,0.905875238446272,0.48039216,1151.3811252268601,190.3666061705989,False,57.55916707828846,-131.12928112226314,,-1,83.8475499092559,89.0
Act 2,s4,1984,538,538.0,0.7899263919950861,0.3627451,2280.4981412639404,895.7918215613383,True,49.91096658502583,-115.38349113404465,S of Height Of The Rockies Park (50.0°N 115.3°W),2,66.17100371747212,182.0
Act 2,s4,1252,533,533.0,0.7378324837219424,0.34313726,1195.7016885553471,257.69793621013133,True,57.405291900042506,-129.79077226827684,NW of Tahltan - Sacred Headwaters (Klappan) (57.4°N 129.8°W),6,61.53846153846154,205.0
Act 2,s4,1928,515,515.0,0.7290310446498464,0.3627451,2237.143689320388,676.1553398058253,True,49.85963346588259,-118.67119855976068,NW of Granby Park (49.9°N 118.7°W),1,72.23300970873787,143.0
Act 2,s4,684,502,502.0,0.800816352356715,0.20588236,640.800796812749,748.3346613545817,True,63.58159020528528,-124.63666121532512,NE of Nahanni National Park Reserve Of Canada (63.6°N 124.6°W),15,0.0,502.0
Act 2,s4,1264,428,428.0,0.8672347516169615,0.21568628,1196.714953271028,210.9532710280374,False,57.25206180880545,-130.5264471809382,,-1,79.20560747663552,89.0
Act 2,s4,198,355,355.0,0.9771057731668714,0.33333334,302.5746478873239,520.1802816901409,True,65.89763500852644,-131.12853860527613,N of Tū Łī́dlini (Ross River) (65.9°N 131.1°W),10,0.5633802816901409,353.0
Act 2,s4,484,354,354.0,0.7790240499343576,0.15686275,496.2118644067797,718.0451977401129,True,64.79068931160661,-126.06648850946914,NE of Nááts’Ihch’Oh National Park Reserve Of Canada (64.8°N 126.1°W),16,0.0,354.0
Act 2,s4,1156,327,327.0,0.8783654196911267,0.23529413,1076.2660550458716,657.5688073394496,True,59.54225158460882,-123.87524133937544,E of Liard River Corridor Park (59.5°N 123.9°W),12,0.0,327.0
Act 2,s4,1054,314,314.0,0.8441051675872818,0.10784314,935.9394904458599,735.484076433121,True,60.952683069777535,-123.25531585019539,SE of Nahanni National Park Reserve Of Canada (61.0°N 123.3°W),11,0.0,314.0
Act 2,s4,19,307,307.0,0.8569330073322748,0.029411765,137.93811074918565,214.99348534201954,True,66.18924537019276,-138.18993422468088,SE of Nj ‘Iinlii” Jjik (Fishing Branch) Habitat Protection Area (66.2°N 138.2°W),8,0.0,307.0
Act 2,s4,1704,306,306.0,0.8034409941021913,0.42156863,2005.8039215686274,623.0490196078431,False,51.66286807076472,-120.28633540884891,,-1,78.43137254901961,66.0
Act 2,s4,202,305,305.0,0.817647067011624,0.029411765,315.47868852459015,151.09180327868853,True,64.39288610174346,-137.82042532273755,SE of Tombstone Natural Environment Park (64.4°N 137.8°W),20,0.0,305.0
Act 2,s4,1422,304,304.0,0.8029218355291768,0.38235295,1357.4769736842106,253.89473684210526,False,56.06371960674757,-128.9165645331471,,-1,67.4342105263158,99.0
Act 2,s4,876,302,302.0,0.7866186300255605,0.029411767,774.6986754966888,671.5397350993378,True,62.186423550212744,-125.26535392341995,NE of Nahanni National Park Reserve Of Canada (62.2°N 125.3°W),14,0.0,302.0
Act 2,s4,1995,277,277.0,0.810964826104443,0.33333334,2290.8339350180504,942.5162454873646,True,49.90406273697983,-114.68032776522412,S of Don Getty Wildland (49.9°N 114.7°W),2,26.353790613718413,204.0
Act 2,s4,1384,277,277.0,0.7744390309287322,0.42156863,1316.6353790613719,367.05054151624546,True,56.729300303114414,-127.36685998395117,S of Tatlatui Park (56.7°N 127.4°W),7,28.880866425992778,197.0
Act 2,s4,708,261,261.0,0.8030200653720176,0.0,658.4827586206897,784.2758620689655,True,63.522363843195464,-123.8716929898633,NE of Nahanni National Park Reserve Of Canada (63.5°N 123.9°W),15,0.0,261.0
Act 2,s4,862,259,259.0,0.7457794017917171,0.039215688,762.2934362934363,650.5559845559845,True,62.23587147789132,-125.71198277442524,NE of Nahanni National Park Reserve Of Canada (62.2°N 125.7°W),14,0.0,259.0
Act 2,s4,1649,254,254.0,0.833449135615131,0.37254903,1968.984251968504,783.0433070866142,False,52.300562346555154,-118.05167901689786,,-1,72.44094488188976,70.0
Act 2,s4,1993,251,251.0,0.8187641648657293,0.12745099,2285.231075697211,719.8446215139443,False,49.548129941776885,-117.88514849459236,,-1,76.09561752988049,60.0
Act 2,s4,2141,242,242.0,0.8298087922994756,0.5588235,2832.780991735537,775.396694214876,False,45.116011809290114,-115.46115098836017,,-1,100.0,0.0
Act 2,s4,1679,236,236.0,0.7677384665456869,0.48039216,1987.8093220338983,876.0,True,52.32099087804666,-116.5947495178373,NE of White Goat (52.3°N 116.6°W),4,19.915254237288135,189.0
Act 2,s4,2005,232,232.0,0.7499154953864114,0.20588237,2296.4827586206898,916.0991379310345,False,49.812443213611935,-115.04415964759264,,-1,78.01724137931035,51.0
Act 2,s4,1902,226,226.0,0.7252299260776655,0.28431374,2195.349557522124,702.6814159292036,True,50.25893332954766,-118.43645636050933,N of Granby Park (50.3°N 118.4°W),1,29.20353982300885,160.0
Act 2,s4,1827,224,224.0,0.9009103684553078,0.50980395,2130.1339285714284,645.8839285714286,False,50.68269563928606,-119.48744142480504,,-1,92.85714285714286,16.0
Act 2,s4,133,224,224.0,0.7045693399517664,0.0,217.72767857142858,376.39285714285717,True,66.13069185884417,-134.5027634065947,SE of Fishing Branch Wilderness Preserve (66.1°N 134.5°W),9,0.0,224.0
Act 2,s4,751,217,217.0,0.8581368064911272,0.0,700.4009216589861,788.7603686635945,True,63.16091832674138,-123.55641650320494,NE of Nahanni National Park Reserve Of Canada (63.2°N 123.6°W),15,0.0,217.0
Act 2,s4,1799,199,199.0,0.8963444718913217,0.16666667,2086.9145728643216,650.748743718593,False,51.05056067067387,-119.57572650794974,,-1,81.4070351758794,37.0
Act 2,s4,2147,194,194.0,0.892106333344253,0.44117647,2850.577319587629,852.3969072164948,False,45.09764027712464,-114.393794315413,,-1,97.42268041237114,5.0
Act 2,s4,1780,194,194.0,0.7990196159819967,0.43137255,2065.8350515463917,645.8453608247422,False,51.21473493941304,-119.72537442647076,,-1,54.123711340206185,89.0
Act 2,s4,1737,177,177.0,0.7860861979635422,0.46078432,2032.276836158192,643.819209039548,False,51.4883235233991,-119.88082969506873,,-1,69.49152542372882,54.0
Act 2,s4,1155,177,177.0,0.7383959371238779,0.0882353,1068.2146892655367,636.0508474576271,True,59.55494741846926,-124.28231347860292,E of Liard River Corridor Park (59.6°N 124.3°W),12,0.0,177.0
Act 2,s4,162,175,175.0,0.7799439934321812,0.5,239.2342857142857,336.90285714285716,True,65.78805751102634,-135.06728238877525,SE of Fishing Branch Wilderness Preserve (65.8°N 135.1°W),9,0.0,175.0
Act 2,s4,895,174,174.0,0.7850462103198315,0.12745099,782.4425287356322,517.6494252873563,True,61.67244872648349,-127.9446788501168,W of Nahanni National Park Reserve Of Canada (61.7°N 127.9°W),18,0.0,174.0
Act 2,s4,550,174,174.0,0.7465630039444258,0.029411767,530.3218390804598,752.6379310344828,True,64.58392075230947,-125.2056942006432,NE of Nááts’Ihch’Oh National Park Reserve Of Canada (64.6°N 125.2°W),16,0.0,174.0
Act 2,s4,1276,167,167.0,0.7589526965232667,0.54901963,1214.3832335329341,280.7305389221557,False,57.321396448852305,-129.31429610194556,,-1,85.62874251497006,24.0
Act 2,s4,1910,163,163.0,0.7190545062345961,0.45098042,2209.411042944785,879.9018404907976,False,50.476078774004385,-115.82887803150817,,-1,66.87116564417178,54.0
Act 2,s4,2003,160,160.0,0.7731005003675818,0.47058824,2287.4375,672.3125,False,49.435943193854364,-118.55200850673401,,-1,63.125,59.0
Act 2,s4,1652,155,155.0,0.7934851423386604,0.33333334,1969.3225806451612,762.4774193548387,False,52.256812962877234,-118.3576744137564,,-1,52.903225806451616,73.0
Act 2,s4,2100,151,151.0,0.7930788322789779,0.5588235,2768.390728476821,647.0463576158941,False,45.41640379571321,-117.34613870511556,,-1,100.0,0.0
Act 2,s4,1769,150,150.0,0.739281059106191,0.50980395,2058.286666666667,853.0933333333334,False,51.689100608988014,-116.7037555204681,,-1,62.666666666666664,56.0
Act 2,s4,1140,147,147.0,0.8862878558587055,0.33333334,1038.700680272109,675.3673469387755,True,59.91033397170586,-123.76528545548639,E of Liard River Corridor Park (59.9°N 123.8°W),12,0.0,147.0
Act 2,s4,775,146,146.0,0.7698093011005692,0.0,721.5342465753424,774.2534246575342,True,62.9346313259793,-123.7060584267424,NE of Nahanni National Park Reserve Of Canada (62.9°N 123.7°W),15,0.0,146.0
Act 2,s4,1759,143,143.0,0.8756341800823079,0.59803927,2044.3356643356644,630.9370629370629,False,51.36094761445078,-120.02377350048619,,-1,95.1048951048951,7.0
Act 2,s4,2108,140,140.0,0.825560233422688,0.5,2776.1785714285716,863.1785714285714,False,45.733109711384444,-114.44521577167055,,-1,98.57142857142857,2.0
Act 2,s4,2041,137,137.0,0.766995863322794,0.5392157,2342.036496350365,860.1605839416059,False,49.33620743851947,-115.70920142194612,,-1,89.05109489051095,15.0
Act 2,s4,1790,136,136.0,0.723688015166451,0.3529412,2077.0367647058824,666.6617647058823,True,51.1656960420881,-119.38032510410474,S of Wells Gray Park (51.2°N 119.4°W),5,1.4705882352941178,134.0
Act 2,s4,1832,135,135.0,0.7067538229403673,0.16666667,2133.133333333333,793.6074074074074,True,50.95312975256699,-117.33079950722545,S of Glacier National Park Of Canada (50.9°N 117.3°W),2,22.22222222222222,105.0
Act 2,s4,80,133,133.0,0.7641898986316265,0.11764707,161.8421052631579,86.54135338345864,True,65.43638600897077,-140.32024817066628,SW of Nj ‘Iinlii” Jjik (Fishing Branch) Habitat Protection Area (65.4°N 140.3°W),19,0.0,133.0
Act 2,s4,1188,130,130.0,0.9087481209864983,0.61764705,1104.6923076923076,188.83846153846153,False,57.93771555705841,-131.44403160191862,,-1,91.53846153846153,11.0
Act 2,s4,842,130,130.0,0.8871794922993733,0.1764706,750.5153846153846,347.0846153846154,True,61.40704375106857,-131.11249296668652,Tū Łī́dlini (Ross River) vicinity (61.4°N 131.1°W),21,0.0,130.0
Act 2,s4,1136,130,130.0,0.7901206770768532,0.23529413,1025.0846153846153,579.2384615384616,True,59.77065311266817,-125.47692986405272,NE of Dene Kʼéh Kusān (59.8°N 125.5°W),13,0.0,130.0
Act 2,s4,2158,125,125.0,0.7711372666358948,0.64705884,2891.064,721.952,False,44.5400359661318,-116.00238116837596,,-1,100.0,0.0
Act 2,s4,1563,118,118.0,0.7996842931892912,0.44117647,1848.7457627118645,721.2033898305085,False,53.17753313326444,-119.42474367701162,,-1,32.20338983050848,80.0
Act 2,s4,1470,117,117.0,0.8542818941621699,0.5882353,1426.017094017094,260.2307692307692,False,55.52052555727745,-128.4377608703814,,-1,90.5982905982906,11.0
Act 2,s4,2165,117,117.0,0.8141444738094623,0.5588235,2978.6153846153848,794.5042735042736,False,43.93959108827631,-114.81937505098442,,-1,99.14529914529915,1.0
Act 2,s4,2113,116,116.0,0.8520960180923857,0.5,2777.896551724138,671.4396551724138,False,45.38367070205633,-116.9945718132868,,-1,92.24137931034483,9.0
Act 2,s4,1142,108,108.0,0.7391975461332886,0.3627451,1033.8425925925926,624.7962962962963,True,59.81904245435193,-124.65473856612414,NE of Liard River Corridor Park (59.8°N 124.7°W),12,0.0,108.0
Act 2,s4,1974,104,104.0,0.6955128294917253,0.38235295,2264.519230769231,691.7884615384615,False,49.66441722303731,-118.35409683637154,,-1,21.153846153846153,82.0
Act 2,s4,1698,101,101.0,0.7639293410990498,0.42156863,2002.079207920792,650.6534653465346,False,51.753113406277706,-119.89464182652085,,-1,45.54455445544554,55.0
Act 2,s4,1388,99,99.0,0.7100416111825693,0.4509804,1322.8080808080808,324.2828282828283,False,56.555450042466916,-128.00860036348396,,-1,43.43434343434343,56.0
Act 2,s4,2170,98,98.0,0.7888155342364798,0.4901961,3042.3367346938776,1204.734693877551,False,43.99367589728032,-109.31596761979843,,-1,92.85714285714286,7.0
Act 2,s4,1719,98,98.0,0.744097652788065,0.39215687,2008.734693877551,861.1632653061224,False,52.11833668149719,-116.74751156110024,,-1,38.775510204081634,60.0
Act 2,s4,800,98,98.0,0.6909764051741484,0.20588236,732.1224489795918,474.53061224489795,False,61.97321237647168,-129.0162561929029,,-1,0.0,98.0
Act 2,s4,1965,96,96.0,0.8060661843046546,0.28431374,2256.5520833333335,939.3229166666666,False,50.18507709395112,-114.82571836996873,,-1,10.416666666666666,86.0
Act 2,s4,2039,95,95.0,0.7663570799325642,0.51960784,2340.157894736842,936.1263157894737,False,49.48166284679511,-114.63088637858549,,-1,55.78947368421053,42.0
Act 2,s4,1208,93,93.0,0.8009698602461046,0.46078432,1146.6666666666667,245.21505376344086,False,57.770969221520176,-130.28370582604026,,-1,19.35483870967742,75.0
Act 2,s4,1317,92,92.0,0.7504262768703959,0.5196079,1241.4239130434783,628.2717391304348,False,58.06181271871247,-123.533951432255,,-1,0.0,92.0
Act 2,s4,1187,88,88.0,0.7331773721697655,0.15686275,1101.5,205.1818181818182,False,58.01651378576664,-131.20244581087636,,-1,69.31818181818181,27.0
Act 2,s4,1796,87,87.0,0.7826234044014723,0.21568629,2088.1264367816093,634.6091954022988,False,51.006440209226966,-119.80582984612461,,-1,71.26436781609195,25.0
Act 2,s4,1365,87,87.0,0.7070092593116322,0.48039216,1301.1494252873563,303.81609195402297,False,56.674414782892875,-128.4518027349274,,-1,83.9080459770115,14.0
Act 2,s4,535,86,86.0,0.720132248714393,0.0,513.0232558139535,454.2093023255814,False,63.80637442664455,-130.84226948298405,,-1,0.0,86.0
Act 2,s4,423,85,85.0,0.7171857083545011,0.15686275,447.22352941176473,404.2705882352941,False,64.20952848348479,-132.22078395252532,,-1,0.0,85.0
Act 2,s4,1400,84,84.0,0.8654295128016245,0.5392157,1331.7738095238096,242.82142857142858,False,56.24148589236756,-129.23438303206055,,-1,70.23809523809524,25.0
Act 2,s4,991,83,83.0,0.7257264423442175,0.15686275,862.289156626506,274.0722891566265,False,60.224898429160525,-131.60949463904475,,-1,0.0,83.0
Act 2,s4,687,80,80.0,0.8382353045046329,0.34313726,631.7125,460.2875,False,62.794436792761026,-129.92294696097548,,-1,0.0,80.0
Act 2,s4,1946,77,77.0,0.764323924268995,0.3921569,2238.194805194805,697.5324675324675,False,49.89376822939773,-118.36239857468958,,-1,81.81818181818181,14.0
Act 2,s4,1469,76,76.0,0.7147832936362216,0.3529412,1425.657894736842,569.3684210526316,False,56.362833517510644,-123.59506741662682,,-1,19.736842105263158,61.0
Act 2,s4,606,76,76.0,0.6607327271056803,0.13725491,580.328947368421,456.92105263157896,False,63.22904768153101,-130.32917105825683,,-1,0.0,76.0
Act 2,s4,984,75,75.0,0.8237908585866293,0.23529413,857.1066666666667,811.9866666666667,False,61.835480227875415,-122.30474499387914,,-1,0.0,75.0
Act 2,s4,480,74,74.0,0.7306571368228745,0.068627454,483.6081081081081,414.3783783783784,False,63.927266466403815,-131.7733108924431,,-1,0.0,74.0
Act 2,s4,1476,71,71.0,0.7288042147394637,0.5588235,1432.2112676056338,309.5633802816901,False,55.61198560628305,-127.64241707909005,,-1,0.0,71.0
Act 2,s4,1386,68,68.0,0.9247404880383435,0.63725495,1321.0588235294117,232.69117647058823,False,56.29885357960928,-129.45350359394664,,-1,85.29411764705883,10.0
Act 2,s4,706,68,68.0,0.7262110813137364,0.20588236,650.0441176470588,732.6470588235294,False,63.45563007048612,-124.87266803519185,,-1,0.0,68.0
Act 2,s4,613,66,66.0,0.7021687583941402,0.21568628,589.2272727272727,715.7121212121212,False,63.949372155105706,-125.54373560745638,,-1,0.0,66.0
Act 2,s4,1619,66,66.0,0.6934046438246062,0.54901963,1933.1363636363637,730.8636363636364,False,52.494169398387015,-118.96203091120759,,-1,0.0,66.0
Act 2,s4,1194,65,65.0,0.8238310813903809,0.39215687,1111.446153846154,666.4461538461538,False,59.264284086981654,-123.5453778465308,,-1,0.0,65.0
Act 2,s4,1032,63,63.0,0.8029878710707029,0.078431375,903.0952380952381,761.5238095238095,False,61.305217685337915,-122.96683309036997,,-1,0.0,63.0
Act 2,s4,2061,63,63.0,0.7245565000034514,0.5294118,2385.1746031746034,844.3174603174604,False,48.9494815934322,-115.80449865950567,,-1,28.571428571428573,45.0
Act 2,s4,2089,62,62.0,0.9163504127533205,0.60784316,2753.3548387096776,663.258064516129,False,45.57100063502064,-117.17666863825015,,-1,100.0,0.0
Act 2,s4,234,62,62.0,0.7449399237671206,0.33333334,338.9032258064516,178.80645161290323,False,64.30352045876943,-137.13094474038965,,-1,0.0,62.0
Act 2,s4,211,61,61.0,0.872388306455534,0.14705883,315.672131147541,128.44262295081967,False,64.29962831494072,-138.22149860957782,,-1,0.0,61.0
Act 2,s4,2060,59,59.0,0.7228315179630861,0.47058827,2383.101694915254,831.1694915254237,False,48.943426229105626,-115.99646609209874,,-1,55.932203389830505,26.0
Act 2,s4,1253,58,58.0,0.7599729648951826,0.4901961,1182.603448275862,271.37931034482756,False,57.555274760822975,-129.65021874391627,,-1,74.13793103448276,15.0
Act 2,s4,594,58,58.0,0.7515213056949193,0.0,568.3793103448276,767.4655172413793,False,64.28329620375625,-124.70115268655653,,-1,0.0,58.0
Act 2,s4,1864,57,57.0,0.752149997050302,0.54901963,2164.561403508772,665.1754385964912,False,50.43785481203489,-119.0846274470665,,-1,10.526315789473685,51.0
Act 2,s4,973,56,56.0,0.8620448216430044,0.009803922,843.2857142857143,846.3035714285714,False,62.042364223800476,-121.75782190780122,,-1,0.0,56.0
Act 2,s4,930,56,56.0,0.8396358591105256,0.3529412,815.4285714285714,797.1785714285714,False,62.164783956585325,-122.78630737983397,,-1,0.0,56.0
Act 2,s4,1356,56,56.0,0.7505252233573368,0.50980395,1287.7142857142858,360.875,False,56.95124338185411,-127.62324523222256,,-1,3.5714285714285716,54.0
Act 2,s4,837,56,56.0,0.7405462376773357,0.4117647,746.9107142857143,470.57142857142856,False,61.833702488977565,-128.99155713162844,,-1,0.0,56.0
Act 2,s4,144,55,55.0,0.8274509885094382,0.44117647,219.54545454545453,155.98181818181817,False,65.2350589589056,-138.55387770412744,,-1,0.0,55.0
Act 2,s4,927,55,55.0,0.7192513483491811,0.078431375,814.7818181818182,548.0,False,61.48434409153124,-127.21713834722966,,-1,0.0,55.0
Act 2,s4,2142,54,54.0,0.7721496080910718,0.5,2832.259259259259,871.7777777777778,False,45.28123365211879,-114.18396132679267,,-1,98.14814814814815,1.0
Act 2,s4,1663,54,54.0,0.7236746676542141,0.43137255,1971.3333333333333,611.8148148148148,False,51.923693070669536,-120.58535590385854,,-1,0.0,54.0
Act 2,s4,1379,54,54.0,0.6728395223617554,0.4901961,1307.2037037037037,318.77777777777777,False,56.66825468446219,-128.18199513912094,,-1,85.18518518518519,8.0
Act 2,s4,919,53,53.0,0.7811690805093298,0.24509805,798.6792452830189,527.433962264151,False,61.56202559070651,-127.67414787913152,,-1,0.0,53.0
Act 2,s4,1218,53,53.0,0.7388087392977949,0.33333334,1153.1509433962265,253.32075471698113,False,57.742704138517624,-130.1148276013392,,-1,7.547169811320755,49.0
Act 2,s4,784,52,52.0,0.8273001588307894,0.3627451,724.1923076923077,678.0384615384615,False,62.6472197198057,-125.43895546567755,,-1,0.0,52.0
Act 2,s4,822,52,52.0,0.6670437526817505,0.20588236,742.0,684.8461538461538,False,62.50997074968933,-125.21349680804053,,-1,0.0,52.0
Act 2,s4,599,51,51.0,0.7695117399973028,0.18627451,571.4117647058823,219.94117647058823,False,62.483133915646164,-134.5781865300152,,-1,0.0,51.0
Act 2,s4,759,49,49.0,0.8437375024873384,0.32352942,703.5714285714286,366.6530612244898,False,61.870791950328346,-131.08920518209553,,-1,0.0,49.0
Act 2,s4,621,48,48.0,0.7896241901131967,0.078431375,584.8333333333334,224.14583333333334,False,62.384951619771456,-134.40519501979873,,-1,0.0,48.0
Act 2,s4,753,47,47.0,0.8685857368276474,0.3529412,701.6382978723404,511.1914893617021,False,62.35031687072162,-128.56295561094976,,-1,0.0,47.0
Act 2,s4,2033,46,46.0,0.8171355549408041,0.42156863,2331.8478260869565,708.4347826086956,False,49.13991339369126,-117.89153392928668,,-1,84.78260869565217,7.0
Act 2,s4,847,45,45.0,0.7934640612867143,0.25490198,751.3555555555556,522.2888888888889,False,61.95453628078662,-128.05490572899433,,-1,0.0,45.0
Act 2,s4,887,44,44.0,0.8489304857159202,0.0,775.8409090909091,782.0681818181819,False,62.47485175405569,-123.26903246575637,,-1,0.0,44.0
Act 2,s4,1848,44,44.0,0.7455436858263883,0.41176474,2155.7727272727275,860.9318181818181,False,50.88958946665633,-116.2732017537505,,-1,79.54545454545455,9.0
Act 2,s4,1699,43,43.0,0.9190606530322585,0.61764705,1994.046511627907,789.1627906976744,False,52.10350782469793,-117.87210630676712,,-1,69.76744186046511,13.0
Act 2,s4,38,43,43.0,0.7530779842027399,0.2254902,132.1627906976744,103.25581395348837,False,65.76341343917187,-140.28886736955445,,-1,0.0,43.0
Act 2,s4,1581,43,43.0,0.6944824623507123,0.33333334,1886.7209302325582,701.7674418604652,False,52.82004623201493,-119.57302555299698,,-1,0.0,43.0
Act 2,s4,1001,43,43.0,0.686046524796375,0.22549021,869.046511627907,287.5348837209302,False,60.21258927645621,-131.3394163466076,,-1,0.0,43.0
Act 2,s4,472,42,42.0,0.8088235358397166,0.25490198,475.0238095238095,419.0238095238095,False,64.01819460673539,-131.75073062348832,,-1,0.0,42.0
Act 2,s4,1882,42,42.0,0.741830085005079,0.46078432,2175.7619047619046,871.047619047619,False,50.741041312738034,-116.06238609308646,,-1,76.19047619047619,10.0
Act 2,s4,1524,42,42.0,0.6977124341896602,0.57843137,1482.4761904761904,380.8809523809524,False,55.39693260403917,-126.27464352616603,,-1,0.0,42.0
Act 2,s4,125,40,40.0,0.842156870663166,0.28431374,197.55,278.65,False,65.92639629695977,-136.49562523982172,,-1,0.0,40.0
Act 2,s4,1363,40,40.0,0.7340686336159706,0.50980395,1295.525,351.75,False,56.86031637481666,-127.72510704658688,,-1,0.0,40.0
Act 2,s4,1458,39,39.0,0.9291101143910334,0.7058824,1400.2820512820513,241.05128205128204,False,55.674919843644766,-128.87573691958744,,-1,66.66666666666667,13.0
Act 2,s4,1943,39,39.0,0.7770236363777747,0.64705884,2235.230769230769,865.0,False,50.234307565985816,-115.9651218864765,,-1,97.43589743589743,1.0
Act 2,s4,1383,39,39.0,0.7694821602258927,0.44117647,1308.5641025641025,355.5897435897436,False,56.763406969468264,-127.59251839419086,,-1,23.076923076923077,30.0
Act 2,s4,1525,39,39.0,0.692559091708599,0.39215687,1495.2820512820513,381.43589743589746,False,55.29279285349146,-126.20062090296243,,-1,0.0,39.0
Act 2,s4,1300,37,37.0,0.9319024955904162,0.60784316,1224.2432432432433,203.32432432432432,False,57.002359634612425,-130.48134891940643,,-1,91.89189189189189,3.0
Act 2,s4,750,37,37.0,0.7474827883211342,0.1764706,692.3783783783783,692.8378378378378,False,62.96898945514394,-125.35549840161055,,-1,0.0,37.0
Act 2,s4,1725,37,37.0,0.7228405056773005,0.50980395,2015.0,889.2972972972973,False,52.117697345164196,-116.30622153301302,,-1,0.0,37.0
Act 2,s4,1015,36,36.0,0.8442265863219897,0.4509804,877.1388888888889,817.0277777777778,False,61.67205428575794,-122.11281034411085,,-1,0.0,36.0
Act 2,s4,1058,36,36.0,0.8202614519331191,0.39215687,930.1944444444445,717.8611111111111,False,60.95702047442641,-123.59417184669616,,-1,0.0,36.0
Act 2,s4,970,35,35.0,0.8218487441539765,0.30392158,840.5142857142857,812.9714285714285,False,61.98391342744597,-122.37201118076207,,-1,0.0,35.0
Act 2,s4,1200,35,35.0,0.7798319450446538,0.25490198,1127.057142857143,672.4,False,59.146072203259834,-123.36623271547047,,-1,0.0,35.0
Act 2,s4,1873,35,35.0,0.7456582716533116,0.4117647,2165.7428571428572,817.8857142857142,False,50.72737359277932,-116.86919073668905,,-1,54.285714285714285,16.0
Act 2,s4,82,35,35.0,0.6963585598128182,0.25490198,158.62857142857143,104.25714285714285,False,65.54029225618929,-140.0299173470245,,-1,0.0,35.0
Act 2,s4,2016,34,34.0,0.8884083067669588,0.6862745,2301.5588235294117,720.2352941176471,False,49.41363968202779,-117.82519417897137,,-1,82.3529411764706,6.0
Act 2,s4,2029,34,34.0,0.8238177702707403,0.5882353,2321.3529411764707,714.7058823529412,False,49.23898370575706,-117.83777557216759,,-1,91.17647058823529,3.0
Act 2,s4,946,33,33.0,0.9322638191056974,0.23529412,830.060606060606,826.060606060606,False,62.10884950627785,-122.18989642032025,,-1,0.0,33.0
Act 2,s4,1080,33,33.0,0.8279857527125966,0.42156863,958.4545454545455,719.6969696969697,False,60.71680349844025,-123.41460670384592,,-1,0.0,33.0
Act 2,s4,839,33,33.0,0.6402257992462679,0.23529412,746.3030303030303,675.1212121212121,False,62.44500545927816,-125.36382874150081,,-1,0.0,33.0
Act 2,s4,2143,32,32.0,0.8820465747267008,0.7352941,2830.875,927.28125,False,45.380507016457074,-113.44798776816725,,-1,100.0,0.0
Act 2,s4,999,31,31.0,0.7530044403768354,0.39215687,868.258064516129,385.48387096774195,False,60.53337585053574,-129.69121473446233,,-1,0.0,31.0
Act 2,s4,728,31,31.0,0.7128399956610895,0.48039216,670.8387096774194,738.1290322580645,False,63.28616499131986,-124.65218163116137,,-1,0.0,31.0
Act 2,s4,836,31,31.0,0.7099936854454779,0.23529413,744.4193548387096,700.8064516129032,False,62.53309293516913,-124.91190084396695,,-1,0.0,31.0
Act 2,s4,1163,31,31.0,0.6881720529448602,0.3137255,1072.741935483871,390.96774193548384,False,58.82960972544025,-128.3569505120143,,-1,0.0,31.0
Act 2,s4,2086,30,30.0,0.9055555582046508,0.61764705,2747.366666666667,593.9333333333333,False,45.48755031028644,-118.11397226982305,,-1,96.66666666666667,1.0
Act 2,s4,1842,30,30.0,0.753594786922137,0.3627451,2144.366666666667,936.2333333333333,False,51.11783970247678,-115.20380598503642,,-1,0.0,30.0
Act 2,s4,97,30,30.0,0.716013083855311,0.29411766,167.36666666666667,127.93333333333334,False,65.5664710098481,-139.52273622049086,,-1,0.0,30.0
Act 2,s4,566,29,29.0,0.7910750631628365,0.48039216,537.8965517241379,429.7931034482759,False,63.50737344097415,-131.10986152895438,,-1,0.0,29.0
Act 2,s4,1775,29,29.0,0.7714672191389675,0.63725495,2053.793103448276,640.1034482758621,False,51.302242912457785,-119.8542234972425,,-1,6.896551724137931,27.0
Act 2,s4,546,29,29.0,0.7680865567305992,0.3137255,523.3103448275862,411.0689655172414,False,63.570497216494694,-131.54976985548274,,-1,0.0,29.0
Act 2,s4,1772,29,29.0,0.7613252257478649,0.42156863,2053.1724137931033,909.8275862068965,False,51.835031433460145,-115.87713706232141,,-1,0.0,29.0
Act 2,s4,640,29,29.0,0.7200811495041025,0.47058824,595.2758620689655,703.9655172413793,False,63.86156277879981,-125.72535082279576,,-1,0.0,29.0
Act 2,s4,2048,29,29.0,0.6981068459050409,0.45098042,2358.137931034483,842.0,False,49.170205221335884,-115.91868634734503,,-1,58.62068965517241,12.0
Act 2,s4,817,28,28.0,0.8693977658237729,0.37254903,738.25,517.25,False,62.05236946829514,-128.22530033618636,,-1,0.0,28.0
Act 2,s4,2162,28,28.0,0.8147759182112557,0.7058824,2936.3214285714284,786.8928571428571,False,44.27752915725097,-115.02994480341114,,-1,100.0,0.0
Act 2,s4,1318,28,28.0,0.7958683626992362,0.7058824,1244.5714285714287,211.07142857142858,False,56.85977568212343,-130.23826939292914,,-1,100.0,0.0
Act 2,s4,1265,28,28.0,0.7762605143444878,0.45098042,1189.4285714285713,249.64285714285714,False,57.43220536078171,-129.95624030882274,,-1,67.85714285714286,9.0
Act 2,s4,1785,28,28.0,0.7682072967290878,0.4019608,2067.035714285714,935.1071428571429,False,51.76347157068658,-115.45720447822167,,-1,0.0,28.0
Act 2,s4,2087,28,28.0,0.765406174319131,0.5980392,2744.8928571428573,774.7857142857143,False,45.843027005840696,-115.71443115307773,,-1,64.28571428571429,10.0
Act 2,s4,1370,28,28.0,0.7450980544090271,0.42156863,1300.3214285714287,344.5357142857143,False,56.799831393730464,-127.81299048071975,,-1,3.5714285714285716,27.0
Act 2,s4,2008,28,28.0,0.7380952430622918,0.6372549,2282.8214285714284,689.8928571428571,False,49.50919446291297,-118.31860277735208,,-1,32.142857142857146,19.0
Act 2,s4,2078,28,28.0,0.7324930088860648,0.5882353,2520.0,883.25,False,47.89526870176857,-114.86820246505452,,-1,100.0,0.0
Act 2,s4,852,28,28.0,0.7212885219071593,0.21568628,752.1785714285714,694.1071428571429,False,62.4464046206002,-124.98856849853574,,-1,0.0,28.0
Act 2,s4,1786,28,28.0,0.7177871252809253,0.60784316,2066.1428571428573,630.5357142857143,False,51.179638696686204,-119.94736802099762,,-1,46.42857142857143,15.0
Act 2,s4,1242,28,28.0,0.7020308332783836,0.46078432,1169.4642857142858,655.5714285714286,False,58.741804909440944,-123.43709688506804,,-1,0.0,28.0
Act 2,s4,1650,28,28.0,0.6897759256618363,0.28431374,1962.0714285714287,603.9285714285714,False,51.982978112824966,-120.73803460890224,,-1,0.0,28.0
Act 2,s4,354,27,27.0,0.7160493930180868,0.27450982,411.3703703703704,284.6296296296296,False,64.08785387643454,-134.65530029125986,,-1,0.0,27.0
Act 2,s4,63,27,27.0,0.6604938446371643,0.23529412,145.92592592592592,91.25925925925925,False,65.59315011065799,-140.38016468998205,,-1,0.0,27.0
Act 2,s4,422,26,26.0,0.7296380297495768,0.49019608,441.96153846153845,661.5,False,65.10829589915527,-127.4805736928959,,-1,0.0,26.0
Act 2,s4,255,26,26.0,0.7160633624746249,0.20588236,353.6923076923077,507.11538461538464,False,65.3938077400312,-131.00096140163166,,-1,0.0,26.0
Act 2,s4,1893,26,26.0,0.7111614048480988,0.47058827,2181.230769230769,897.0,False,50.74146134013338,-115.66661333574719,,-1,57.69230769230769,11.0
Act 2,s4,1204,26,26.0,0.7051282169727179,0.43137255,1137.1153846153845,667.8076923076923,False,59.04854663229144,-123.3932668504761,,-1,0.0,26.0
Act 2,s4,22,25,25.0,0.9152941226959228,0.754902,118.68,194.2,False,66.27035224191947,-138.74571839447157,,-1,0.0,25.0
Act 2,s4,974,25,25.0,0.8321568727493286,0.27450982,842.92,258.6,False,60.335567441340096,-131.9975258618638,,-1,0.0,25.0
Act 2,s4,1101,25,25.0,0.7074510049819946,0.59803927,975.36,212.0,False,59.0796158727316,-131.89538341921988,,-1,20.0,20.0
Act 2,s4,590,24,24.0,0.855392167965571,0.7058824,560.5,745.25,False,64.29120903003901,-125.16419792783542,,-1,0.0,24.0
Act 2,s4,1237,24,24.0,0.818627460549275,0.25490198,1164.7916666666667,553.2083333333334,False,58.51426083212751,-125.16485159041552,,-1,0.0,24.0
Act 2,s4,2106,23,23.0,0.8405797222386235,0.7156863,2767.478260869565,825.5652173913044,False,45.742899680082616,-114.97218517279155,,-1,100.0,0.0
Act 2,s4,135,23,23.0,0.7621483485335889,0.20588236,208.17391304347825,394.4782608695652,False,66.28509100965213,-134.23895192120855,,-1,0.0,23.0
Act 2,s4,1881,23,23.0,0.7600170607152192,0.5,2171.478260869565,667.8695652173913,False,50.386142138857025,-119.02114064941517,,-1,21.73913043478261,18.0
Act 2,s4,731,23,23.0,0.7570332703383073,0.48039216,671.9130434782609,745.0,False,63.2956007014064,-124.51986347053908,,-1,0.0,23.0
Act 2,s4,627,23,23.0,0.7536232017952463,0.3137255,588.5217391304348,697.5652173913044,False,63.90320271771894,-125.88462735245595,,-1,0.0,23.0
Act 2,s4,1924,23,23.0,0.7161125462988148,0.5,2208.086956521739,670.0,False,50.08756145441223,-118.86085577029786,,-1,91.30434782608695,2.0
Act 2,s4,1496,23,23.0,0.7016197896522024,0.33333334,1445.7391304347825,326.2608695652174,False,55.54807964023528,-127.31180116504014,,-1,0.0,23.0
Act 2,s4,600,22,22.0,0.8547237149693749,0.39215687,570.6363636363636,704.4545454545455,False,64.08282138731131,-125.86497036585381,,-1,0.0,22.0
Act 2,s4,1449,22,22.0,0.8498217571865428,0.7647059,1378.3181818181818,256.27272727272725,False,55.89984360387646,-128.76287847041198,,-1,63.63636363636363,8.0
Act 2,s4,601,22,22.0,0.8400178307836706,0.5,570.6363636363636,228.22727272727272,False,62.5198464221271,-134.44007777185266,,-1,0.0,22.0
Act 2,s4,2148,22,22.0,0.8266488449140028,0.6960784,2841.409090909091,865.9545454545455,False,45.19581386075146,-114.23770769759508,,-1,100.0,0.0
Act 2,s4,1011,22,22.0,0.7740641913630746,0.54901963,870.7727272727273,503.72727272727275,False,60.87294138471886,-127.65139257192232,,-1,0.0,22.0
Act 2,s4,1693,22,22.0,0.7464349513704126,0.5686275,1985.7727272727273,767.2272727272727,False,52.12917132097992,-118.22808918629597,,-1,63.63636363636363,8.0
Act 2,s4,1368,22,22.0,0.7067736400799318,0.43137255,1295.5454545454545,314.59090909090907,False,56.752258390184025,-128.31322464808292,,-1,86.36363636363636,3.0
Act 2,s4,1585,21,21.0,0.7908496885072618,0.64705884,1893.7142857142858,695.4285714285714,False,52.748406821647265,-119.64155257756336,,-1,0.0,21.0
Act 2,s4,963,21,21.0,0.7805789003059977,0.11764706,837.8571428571429,266.7142857142857,False,60.40497621837977,-131.89522752891244,,-1,0.0,21.0
Act 2,s4,637,21,21.0,0.7703081426166353,0.4019608,593.5714285714286,462.23809523809524,False,63.131464633399354,-130.14396413558856,,-1,0.0,21.0
Act 2,s4,659,21,21.0,0.7441643476486206,0.27450982,605.4761904761905,474.57142857142856,False,63.06821019260562,-129.8427587465863,,-1,4.761904761904762,20.0
Act 2,s4,1765,21,21.0,0.6942110345477149,0.5686275,2039.952380952381,891.7619047619048,False,51.913267391308096,-116.18859679647244,,-1,0.0,21.0
Act 2,s4,405,20,20.0,0.879411768913269,0.61764705,437.05,415.15,False,64.33663768695892,-132.09677830672064,,-1,0.0,20.0
Act 2,s4,1050,20,20.0,0.8250000149011611,0.6666667,921.9,296.3,False,59.798771432652245,-130.85021992455134,,-1,0.0,20.0
Act 2,s4,2035,20,20.0,0.819607850909233,0.6862745,2335.9,696.25,False,49.08258685077822,-118.04983924835894,,-1,85.0,3.0
Act 2,s4,879,20,20.0,0.7794117704033852,0.23529413,762.85,696.25,False,62.358704012781814,-124.88950909817902,,-1,0.0,20.0
Act 2,s4,1537,20,20.0,0.7553921788930893,0.5686275,1771.7,742.8,False,53.866619526345325,-119.39156678904003,,-1,0.0,20.0
Act 2,s4,483,20,20.0,0.7308823615312576,0.23529413,483.2,443.75,False,64.03165795434674,-131.24252506209726,,-1,0.0,20.0
Act 2,s4,1180,20,20.0,0.7098039299249649,0.46078432,1089.55,630.25,False,59.357539899034705,-124.26946653550552,,-1,0.0,20.0
Act 2,s4,505,19,19.0,0.8632611036300659,0.4901961,495.2105263157895,407.42105263157896,False,63.80219977987307,-131.81595543407087,,-1,0.0,19.0
Act 2,s4,1217,19,19.0,0.8281733770119516,0.64705884,1151.1052631578948,229.52631578947367,False,57.685303038609426,-130.50751909155187,,-1,68.42105263157895,6.0
Act 2,s4,1653,19,19.0,0.8224974274635315,0.7156863,1964.2631578947369,887.8421052631579,False,52.54011281188125,-116.49461197408871,,-1,0.0,19.0
Act 2,s4,2020,19,19.0,0.8194014555529544,0.5882353,2307.315789473684,930.2105263157895,False,49.74587072161964,-114.8098706410721,,-1,0.0,19.0
Act 2,s4,1473,19,19.0,0.8157894862325568,0.61764705,1424.3157894736842,576.7894736842105,False,56.3926461344046,-123.4831933281433,,-1,57.89473684210526,8.0
Act 2,s4,340,19,19.0,0.7786377856605932,0.43137258,404.63157894736844,420.0,False,64.63801582852854,-132.2462453279081,,-1,0.0,19.0
Act 2,s4,756,19,19.0,0.7662538917441117,0.57843137,702.1052631578947,726.4736842105264,False,62.97697647110994,-124.68694912838792,,-1,0.0,19.0
Act 2,s4,1926,19,19.0,0.7636739015579224,0.30392158,2209.315789473684,905.2631578947369,False,50.521376897788,-115.46046736304625,,-1,73.6842105263158,5.0
Act 2,s4,2053,19,19.0,0.7487100205923382,0.64705884,2364.2631578947367,856.4736842105264,False,49.14478227061258,-115.69499193747122,,-1,78.94736842105263,4.0
Act 2,s4,765,19,19.0,0.7476780351839567,0.38235295,707.7894736842105,687.7368421052631,False,62.818797940995346,-125.35858330220866,,-1,0.0,19.0
Act 2,s4,2152,19,19.0,0.7450980449977674,0.6862745,2860.0526315789475,774.7894736842105,False,44.889019183488415,-115.39431720721366,,-1,100.0,0.0
Act 2,s4,478,19,19.0,0.7146542982051247,0.4509804,478.5263157894737,702.6842105263158,False,64.90440147295644,-126.46721484100763,,-1,0.0,19.0
Act 2,s4,1686,19,19.0,0.6749226168582314,0.4019608,1981.9473684210527,614.0,False,51.84062627484163,-120.51173069086768,,-1,5.2631578947368425,18.0
Act 2,s4,496,18,18.0,0.8518518557151159,0.4117647,489.55555555555554,746.6111111111111,False,64.934802117834,-125.56669459938725,,-1,0.0,18.0
Act 2,s4,709,18,18.0,0.7854030595885383,0.48039216,649.7777777777778,473.3888888888889,False,62.680229684314504,-129.56996813831307,,-1,0.0,18.0
Act 2,s4,585,18,18.0,0.7706971735590034,0.078431375,560.3333333333334,769.9444444444445,False,64.36266790593265,-124.7017978367378,,-1,0.0,18.0
Act 2,s4,827,18,18.0,0.75544663435883,0.4117647,739.1666666666666,671.1111111111111,False,62.49629013039456,-125.47714354465971,,-1,0.0,18.0
Act 2,s4,491,18,18.0,0.741830070813497,0.3529412,488.77777777777777,399.72222222222223,False,63.83150118297864,-132.00139592776654,,-1,0.0,18.0
Act 2,s4,510,17,17.0,0.9596309100880343,0.7647059,495.47058823529414,756.2941176470588,False,64.90939919633666,-125.34686558541688,,-1,0.0,17.0
Act 2,s4,986,17,17.0,0.9140715178321389,0.38235295,855.8823529411765,823.4117647058823,False,61.87475574077612,-122.10606130196629,,-1,0.0,17.0
Act 2,s4,643,17,17.0,0.8875432575450224,0.7058824,597.4705882352941,694.1764705882352,False,63.81366386067244,-125.89332662701788,,-1,0.0,17.0
Act 2,s4,1010,17,17.0,0.8610150077763725,0.28431374,871.8823529411765,299.52941176470586,False,60.22799811491413,-131.11966036462908,,-1,0.0,17.0
Act 2,s4,143,17,17.0,0.8575547916047713,0.3529412,218.11764705882354,143.11764705882354,False,65.1938685899079,-138.79872741759493,,-1,0.0,17.0
Act 2,s4,1328,17,17.0,0.8275663274175981,0.43137255,1259.5294117647059,220.23529411764707,False,56.76539262918721,-130.0059459579119,,-1,94.11764705882354,1.0
Act 2,s4,883,17,17.0,0.8027681813520544,0.59803927,765.6470588235294,748.0,False,62.474702651546615,-123.94091971349795,,-1,0.0,17.0
Act 2,s4,1988,17,17.0,0.7981545644647935,0.38235295,2266.1176470588234,728.7647058823529,False,49.723855553100115,-117.82201946429802,,-1,52.94117647058823,8.0
Act 2,s4,972,17,17.0,0.7964244572555318,0.38235295,840.2941176470588,761.9411764705883,False,61.85547105554331,-123.28794750955889,,-1,0.0,17.0
Act 2,s4,2084,17,17.0,0.7946943535524256,0.5980392,2742.3529411764707,674.4117647058823,False,45.68268835080706,-117.06153109412935,,-1,94.11764705882354,1.0
Act 2,s4,488,17,17.0,0.7918108526398154,0.64705884,485.6470588235294,734.7058823529412,False,64.93527977127704,-125.81654515473873,,-1,0.0,17.0
Act 2,s4,1325,17,17.0,0.7912341531585244,0.61764705,1254.1764705882354,629.1764705882352,False,57.95616108114289,-123.45633697139503,,-1,0.0,17.0
Act 2,s4,985,17,17.0,0.7491349630496081,0.0,855.0,836.3529411764706,False,61.914572434423775,-121.87806910485513,,-1,0.0,17.0
Act 2,s4,86,17,17.0,0.7468281546059776,0.4117647,156.35294117647058,135.88235294117646,False,65.69527471021782,-139.47720699212906,,-1,0.0,17.0
Act 2,s4,1808,17,17.0,0.7358708276468164,0.50980395,2090.235294117647,668.7647058823529,False,51.060719905786435,-119.30134532900748,,-1,0.0,17.0
Act 2,s4,768,17,17.0,0.7306805288090426,0.60784316,709.2352941176471,742.4117647058823,False,62.957652937611904,-124.3558978203486,,-1,0.0,17.0
Act 2,s4,746,16,16.0,0.8670343272387981,0.7156863,681.1875,740.5,False,63.20088774885677,-124.54960730048704,,-1,0.0,16.0
Act 2,s4,1743,16,16.0,0.8394607976078987,0.7156863,2029.0,616.6875,False,51.4571268915652,-120.2905108567861,,-1,37.5,10.0
Act 2,s4,699,16,16.0,0.8167892303317785,0.3529412,637.4375,785.1875,False,63.71288253987197,-123.97313649621977,,-1,0.0,16.0
Act 2,s4,1483,16,16.0,0.7500000186264515,0.7058824,1434.5625,576.4375,False,56.30596857568598,-123.44014196050665,,-1,25.0,12.0
Act 2,s4,1391,16,16.0,0.7487745173275471,0.5294118,1318.1875,415.4375,False,56.8524973863,-126.58986466978699,,-1,0.0,16.0
Act 2,s4,924,16,16.0,0.7340686395764351,0.47058827,805.9375,253.1875,False,60.626843388683696,-132.3377600522175,,-1,0.0,16.0
Act 2,s4,718,16,16.0,0.656862759962678,0.33333334,661.1875,214.1875,False,61.705692392637594,-134.0160324928413,,-1,0.0,16.0
Act 2,s4,241,15,15.0,0.9653594811757406,0.7647059,343.46666666666664,578.6,False,65.72911095342201,-129.72287232387376,,-1,0.0,15.0
Act 2,s4,1975,15,15.0,0.8673202633857727,0.4019608,2256.266666666667,732.4,False,49.81257386413603,-117.80306865097272,,-1,13.333333333333334,13.0
Act 2,s4,44,15,15.0,0.8098039289315542,0.29411766,134.6,61.333333333333336,False,65.55948335401972,-141.0234252125372,,-1,0.0,15.0
Act 2,s4,1116,15,15.0,0.7816993554433187,0.38235295,992.8,713.3333333333334,False,60.40341161281715,-123.34782123686018,,-1,0.0,15.0
Act 2,s4,1591,15,15.0,0.7614379286766052,0.4019608,1900.8,689.2,False,52.67622502543537,-119.70788575726218,,-1,0.0,15.0
Act 2,s4,1996,15,15.0,0.7562091708183288,0.5588236,2270.5333333333333,921.6666666666666,False,50.03846933765521,-115.04007083619517,,-1,6.666666666666667,14.0
Act 2,s4,1947,15,15.0,0.7509804129600525,0.6862745,2234.2,892.4666666666667,False,50.291370148202546,-115.57080170476212,,-1,13.333333333333334,13.0
Act 2,s4,1600,15,15.0,0.7509804089864095,0.5686275,1909.6,726.4666666666667,False,52.681180985536514,-119.11544327250472,,-1,0.0,15.0
Act 2,s4,50,15,15.0,0.7457516436775525,0.10784314,137.86666666666667,253.0,False,66.34764415653895,-137.48473871300206,,-1,0.0,15.0
Act 2,s4,225,15,15.0,0.7392156978448232,0.32352942,326.4,169.86666666666667,False,64.37488389636012,-137.39421853034477,,-1,0.0,15.0
Act 2,s4,454,15,15.0,0.7392156958580017,0.5392157,463.0,281.8666666666667,False,63.633281850159236,-134.3077284069426,,-1,0.0,15.0
Act 2,s4,821,15,15.0,0.7281045953432719,0.54901963,737.5333333333333,491.6,False,61.97969229322473,-128.68181188292382,,-1,0.0,15.0
Act 2,s4,2064,15,15.0,0.7248366276423136,0.6666667,2406.0,867.0666666666667,False,48.81598597453801,-115.42158740553666,,-1,0.0,15.0
Act 2,s4,592,15,15.0,0.7117647151152293,0.0,562.2666666666667,220.93333333333334,False,62.564106505309915,-134.62946185455394,,-1,0.0,15.0
Act 2,s4,525,15,15.0,0.7084967374801636,0.37254903,503.6666666666667,456.8,False,63.89687873605544,-130.8606735751404,,-1,0.0,15.0
Act 2,s4,2049,15,15.0,0.7071895599365234,0.5294118,2359.0666666666666,850.3333333333334,False,49.17721587904774,-115.79767606804951,,-1,73.33333333333333,4.0
Act 2,s4,1245,15,15.0,0.7058823704719543,0.48039216,1167.3333333333333,255.53333333333333,False,57.632550162655825,-129.9942815648946,,-1,46.666666666666664,8.0
Act 2,s4,1210,15,15.0,0.6954248468081157,0.44117647,1144.6666666666667,587.8666666666667,False,58.777034314137836,-124.69429574073183,,-1,0.0,15.0
Act 2,s4,1618,15,15.0,0.6745098213354747,0.2647059,1931.6,692.3333333333334,False,52.42667882481106,-119.5437471854498,,-1,0.0,15.0
Act 2,s4,1387,15,15.0,0.6614379286766052,0.5,1310.4,332.93333333333334,False,56.682975620085706,-127.94079054423774,,-1,0.0,15.0
Act 2,s4,1350,14,14.0,0.9264705990042005,0.7156863,1279.9285714285713,227.85714285714286,False,56.62142499347578,-129.76694139520262,,-1,100.0,0.0
Act 2,s4,1716,14,14.0,0.794817933014461,0.7058824,2006.142857142857,898.2857142857143,False,52.208220631198174,-116.20039713604473,,-1,0.0,14.0
Act 2,s4,1715,14,14.0,0.7549019796507699,0.63725495,2004.2857142857142,886.8571428571429,False,52.20296951776606,-116.37771112848405,,-1,0.0,14.0
Act 2,s4,487,14,14.0,0.6687675161021096,0.2647059,484.64285714285717,449.92857142857144,False,64.0400718466209,-131.11973692601282,,-1,0.0,14.0
Act 2,s4,541,14,14.0,0.6239496001175472,0.13725491,515.7142857142857,445.64285714285717,False,63.75402368433916,-130.97879751593715,,-1,0.0,14.0
Act 2,s4,1337,13,13.0,0.9087481223619901,0.5294118,1270.1538461538462,225.07692307692307,False,56.69310408155069,-129.86761865443603,,-1,92.3076923076923,1.0
Act 2,s4,199,13,13.0,0.8589743696726285,0.59803927,294.2307692307692,353.38461538461536,False,65.36594058264271,-134.31980921304992,,-1,0.0,13.0
Act 2,s4,1794,13,13.0,0.842383114191202,0.64705884,2076.6153846153848,922.6923076923077,False,51.661479146031375,-115.61206385520968,,-1,0.0,13.0
Act 2,s4,960,13,13.0,0.817496235554035,0.7156863,834.3076923076923,838.6153846153846,False,62.10262628272669,-121.94179469071861,,-1,0.0,13.0
Act 2,s4,1703,13,13.0,0.7503770819077125,0.5686275,1993.6153846153845,620.8461538461538,False,51.758981791896986,-120.36570977012111,,-1,92.3076923076923,1.0
Act 2,s4,1578,13,13.0,0.733031690120697,0.5,1879.6153846153845,687.8461538461538,False,52.84961683595735,-119.80964057276529,,-1,0.0,13.0
Act 2,s4,309,13,13.0,0.725490210721126,0.10784314,380.15384615384613,466.38461538461536,False,65.01689054659309,-131.56900776571155,,-1,0.0,13.0
Act 2,s4,1898,13,13.0,0.7149321345182565,0.57843137,2181.6153846153848,656.9230769230769,False,50.27977167698546,-119.1422878840753,,-1,0.0,13.0
Act 2,s4,2156,13,13.0,0.7134238389822153,0.5,2879.769230769231,1130.076923076923,False,45.26155551364781,-110.62567547724728,,-1,92.3076923076923,1.0
Act 2,s4,2079,13,13.0,0.7119155388612014,0.5882353,2534.076923076923,882.0769230769231,False,47.77623011328092,-114.84509613430984,,-1,100.0,0.0
Act 2,s4,736,13,13.0,0.7021116247543921,0.4901961,673.7692307692307,728.5384615384615,False,63.23356345431823,-124.81129375530769,,-1,0.0,13.0
Act 2,s4,206,13,13.0,0.6621417999267578,0.46078432,305.46153846153845,115.6923076923077,False,64.3344640277919,-138.53446979630024,,-1,0.0,13.0
Act 2,s4,88,12,12.0,0.940359483162562,0.7254902,158.83333333333334,342.75,False,66.52461425274717,-135.62184191686742,,-1,0.0,12.0
Act 2,s4,794,12,12.0,0.8513071984052658,0.61764705,725.5,686.0,False,62.65811828860291,-125.28757408894103,,-1,0.0,12.0
Act 2,s4,689,12,12.0,0.8186274518569311,0.32352942,627.4166666666666,695.4166666666666,False,63.551092521294386,-125.69088737002608,,-1,0.0,12.0
Act 2,s4,69,12,12.0,0.793300673365593,0.5882353,147.5,197.16666666666666,False,66.03106585010217,-138.434569513641,,-1,0.0,12.0
Act 2,s4,2102,12,12.0,0.7892156938711802,0.5,2762.3333333333335,677.8333333333334,False,45.52406240094766,-116.95621654192347,,-1,83.33333333333333,2.0
Act 2,s4,1206,12,12.0,0.7818627655506134,0.59803927,1138.3333333333333,514.0,False,58.63093439035451,-125.95519102104069,,-1,0.0,12.0
Act 2,s4,981,12,12.0,0.7638889054457346,0.45098042,849.5,759.6666666666666,False,61.7689080366358,-123.27989825811092,,-1,0.0,12.0
Act 2,s4,2121,12,12.0,0.7287581910689672,0.7058824,2782.6666666666665,553.8333333333334,False,45.11786143597581,-118.53090933346738,,-1,100.0,0.0
Act 2,s4,1435,12,12.0,0.726307213306427,0.5588236,1359.0,343.1666666666667,False,56.31093758694142,-127.51346009948246,,-1,8.333333333333334,11.0
Act 2,s4,1766,12,12.0,0.722222238779068,0.50980395,2041.0,915.0,False,51.946199504613226,-115.83859565675893,,-1,0.0,12.0
Act 2,s4,626,12,12.0,0.7222222288449606,0.4019608,588.0833333333334,477.5,False,63.22895393886714,-129.90679635459955,,-1,0.0,12.0
Act 2,s4,193,12,12.0,0.7205882420142492,0.5,280.0833333333333,201.25,False,64.89796655760385,-137.21787795014038,,-1,0.0,12.0
Act 2,s4,243,12,12.0,0.7001634165644646,0.44117647,342.4166666666667,118.83333333333333,False,64.0336363832981,-138.16579396167,,-1,0.0,12.0
Act 2,s4,1583,12,12.0,0.6968954453865687,0.34313726,1887.25,686.3333333333334,False,52.78285575116143,-119.80294182273316,,-1,0.0,12.0
Act 2,s4,1550,12,12.0,0.6838235557079315,0.54901963,1832.6666666666667,727.6666666666666,False,53.32529741700288,-119.38817738186945,,-1,33.333333333333336,8.0
Act 2,s4,1281,12,12.0,0.6683006584644318,0.38235295,1201.3333333333333,441.25,False,57.89898262804634,-126.80560216911567,,-1,0.0,12.0
Act 2,s4,863,12,12.0,0.6413398869335651,0.13725491,755.75,484.5,False,61.80094325263657,-128.69160146365667,,-1,0.0,12.0
Act 2,s4,347,12,12.0,0.6233660237242779,0.09803922,407.0833333333333,258.5833333333333,False,64.02716831676621,-135.15585933903373,,-1,0.0,12.0
Act 2,s4,777,11,11.0,0.8698752359910444,0.74509805,715.7272727272727,687.0909090909091,False,62.7471194087021,-125.32429695022222,,-1,0.0,11.0
Act 2,s4,1,11,11.0,0.8315508148886941,0.5588236,24.363636363636363,236.63636363636363,False,67.28420938260183,-138.80679115795542,,-1,0.0,11.0
Act 2,s4,869,11,11.0,0.7959001985463229,0.5686275,758.5454545454545,689.2727272727273,False,62.37715282043993,-125.0393507224938,,-1,0.0,11.0
Act 2,s4,1075,11,11.0,0.7700534896417097,0.3627451,954.6363636363636,318.6363636363636,False,59.59627285330136,-130.270755611139,,-1,0.0,11.0
Act 2,s4,1171,11,11.0,0.7433155233209784,0.50980395,1078.5454545454545,384.45454545454544,False,58.76163238216372,-128.43020591555722,,-1,0.0,11.0
Act 2,s4,2133,11,11.0,0.7317290793765675,0.7156863,2804.3636363636365,855.2727272727273,False,45.48608978822062,-114.47658765898883,,-1,100.0,0.0
Act 2,s4,1847,11,11.0,0.7272727435285394,0.63725495,2146.090909090909,673.5454545454545,False,50.60795217710055,-119.03000291134198,,-1,0.0,11.0
Act 2,s4,937,11,11.0,0.7263814644380049,0.46078432,821.5454545454545,735.1818181818181,False,61.94955659654312,-123.86670883980133,,-1,0.0,11.0
Act 2,s4,1495,11,11.0,0.7210338874296709,0.60784316,1444.3636363636363,311.90909090909093,False,55.518766133087254,-127.54107881267365,,-1,0.0,11.0
Act 2,s4,841,11,11.0,0.692513374442404,0.0882353,746.5454545454545,752.3636363636364,False,62.65483478442448,-123.96696971156665,,-1,0.0,11.0
Act 2,s4,1410,11,11.0,0.6693404804576527,0.50980395,1336.090909090909,442.90909090909093,False,56.77927206332784,-126.0577669604687,,-1,0.0,11.0
Act 2,s4,459,10,10.0,0.9156862795352936,0.78431374,466.5,439.6,False,64.16361940180713,-131.43724404565035,,-1,0.0,10.0
Act 2,s4,476,10,10.0,0.8774509906768799,0.7156863,477.3,438.0,False,64.06361189848661,-131.3892363612518,,-1,0.0,10.0
Act 2,s4,2119,10,10.0,0.8421568632125854,0.71568626,2780.7,682.6,False,45.381190982342254,-116.83842847749517,,-1,100.0,0.0
Act 2,s4,1510,10,10.0,0.8352941334247589,0.47058827,1457.8,308.4,False,55.39839524995806,-127.52359503502241,,-1,60.0,4.0
Act 2,s4,526,10,10.0,0.7980392217636109,0.4019608,503.6,444.3,False,63.855225233173,-131.08825765430353,,-1,0.0,10.0
Act 2,s4,167,10,10.0,0.7813725590705871,0.0,238.3,328.9,False,65.76535159062097,-135.22381483234793,,-1,0.0,10.0
Act 2,s4,1905,10,10.0,0.7784313797950745,0.61764705,2184.2,904.9,False,50.73050469439268,-115.54215374914702,,-1,60.0,4.0
Act 2,s4,1152,10,10.0,0.7774509966373444,0.7254902,1048.7,633.1,False,59.71400879629071,-124.4347372053277,,-1,0.0,10.0
Act 2,s4,2105,10,10.0,0.7764706075191498,0.6862745,2764.1,818.3,False,45.758663707657746,-115.07862646693815,,-1,100.0,0.0
Act 2,s4,1181,10,10.0,0.772549033164978,0.51960784,1087.6,401.9,False,58.73753976911515,-128.09033065674143,,-1,0.0,10.0
Act 2,s4,1570,10,10.0,0.7725490301847457,0.47058824,1854.6,653.8,False,52.984056361098126,-120.41967129071645,,-1,0.0,10.0
Act 2,s4,1036,10,10.0,0.7519608020782471,0.5686275,904.8,740.9,False,61.23743308228423,-123.32221742727643,,-1,0.0,10.0
Act 2,s4,534,10,10.0,0.7500000298023224,0.46078432,506.3,283.0,False,63.266184286502416,-133.96044467160308,,-1,0.0,10.0
Act 2,s4,184,10,10.0,0.7500000178813935,0.51960784,272.6,310.4,False,65.39214740629745,-135.28723281457027,,-1,0.0,10.0
Act 2,s4,1487,10,10.0,0.7480392277240753,0.64705884,1439.2,325.0,False,55.59832360617483,-127.36606650908939,,-1,0.0,10.0
Act 2,s4,1728,10,10.0,0.7480392217636108,0.57843137,2014.1,879.2,False,52.1067701966829,-116.46017726524121,,-1,30.0,7.0
Act 2,s4,1049,10,10.0,0.7470588386058807,0.64705884,916.4,801.4,False,61.28930832415225,-122.1931176924584,,-1,0.0,10.0
Act 2,s4,394,10,10.0,0.736274516582489,0.48039216,431.2,424.7,False,64.42132162486014,-131.96484762509618,,-1,0.0,10.0
Act 2,s4,1418,10,10.0,0.7068627566099167,0.37254903,1346.6,330.9,False,56.378184026691976,-127.77364397950063,,-1,20.0,8.0
Act 2,s4,1431,10,10.0,0.6176470831036568,0.1764706,1356.1,598.6,False,57.019637340456995,-123.45960721868217,,-1,0.0,10.0
Act 2,s4,532,9,9.0,0.9793028434117635,0.91176474,505.55555555555554,767.1111111111111,False,64.84924872139968,-125.08067327946571,,-1,0.0,9.0
Act 2,s4,2093,9,9.0,0.9694989124933878,0.7352941,2755.1111111111113,675.5555555555555,False,45.57947067674442,-117.00804992950242,,-1,100.0,0.0
Act 2,s4,1373,9,9.0,0.9411764740943909,0.7352941,1297.4444444444443,231.44444444444446,False,56.48868568176689,-129.609065343174,,-1,88.88888888888889,1.0
Act 2,s4,813,9,9.0,0.9128540356953939,0.7352941,733.4444444444445,755.6666666666666,False,62.77943440372272,-123.97931003835285,,-1,0.0,9.0
Act 2,s4,1875,9,9.0,0.8856209185388353,0.6862745,2167.222222222222,732.2222222222222,False,50.550816247239034,-118.10749763733294,,-1,0.0,9.0
Act 2,s4,141,9,9.0,0.8605664504898919,0.42156863,210.33333333333334,135.11111111111111,False,65.22729404348787,-139.0114711697962,,-1,0.0,9.0
Act 2,s4,502,9,9.0,0.8562091721428765,0.67647064,491.3333333333333,688.0,False,64.74486392719882,-126.66352840980078,,-1,0.0,9.0
Act 2,s4,116,9,9.0,0.8562091522746615,0.7254902,181.22222222222223,316.6666666666667,False,66.22209043780298,-135.9244911344642,,-1,0.0,9.0
Act 2,s4,452,9,9.0,0.8529411951700846,0.7156863,460.1111111111111,420.0,False,64.15182986413703,-131.84056861603563,,-1,0.0,9.0
Act 2,s4,744,9,9.0,0.851851847436693,0.6960784,679.2222222222222,787.1111111111111,False,63.345042823168725,-123.70371789016168,,-1,0.0,9.0
Act 2,s4,1093,9,9.0,0.819172117445204,0.7156863,964.1111111111111,715.6666666666666,False,60.65744155011058,-123.45549092986629,,-1,0.0,9.0
Act 2,s4,620,9,9.0,0.8061002294222513,0.7058824,581.6666666666666,468.0,False,63.25378419211046,-130.12097087008004,,-1,0.0,9.0
Act 2,s4,1352,9,9.0,0.7941176560189989,0.7156863,1277.888888888889,358.77777777777777,False,57.02663495971666,-127.7108596743433,,-1,0.0,9.0
Act 2,s4,1711,9,9.0,0.7897603578037686,0.65686274,2002.3333333333333,785.1111111111111,False,52.02644432730592,-117.9034273683276,,-1,100.0,0.0
Act 2,s4,60,9,9.0,0.7854030728340149,0.7156863,142.22222222222223,279.8888888888889,False,66.41946137709776,-136.94478062879216,,-1,0.0,9.0
Act 2,s4,470,9,9.0,0.7832244137922922,0.4509804,472.77777777777777,443.22222222222223,False,64.1210689864063,-131.32630366568296,,-1,0.0,9.0
Act 2,s4,1160,9,9.0,0.7788671188884311,0.7058824,1065.5555555555557,233.44444444444446,False,58.4033767189527,-130.972014259552,,-1,0.0,9.0
Act 2,s4,1529,9,9.0,0.7745098008049859,0.7352941,1650.3333333333333,775.4444444444445,False,54.95344715046624,-119.35904238307128,,-1,0.0,9.0
Act 2,s4,2161,9,9.0,0.7690631945927938,0.7254902,2927.0,1187.0,False,44.938212571369114,-109.77009510211577,,-1,100.0,0.0
Act 2,s4,1795,9,9.0,0.7657952109972636,0.7156863,2077.3333333333335,815.3333333333334,False,51.4593118106904,-117.19880728334059,,-1,0.0,9.0
Act 2,s4,58,9,9.0,0.7614379194047716,0.61764705,142.0,98.22222222222223,False,65.65702389970993,-140.2901584657836,,-1,0.0,9.0
Act 2,s4,1544,9,9.0,0.734204802248213,0.7058824,1821.6666666666667,698.6666666666666,False,53.35547953292525,-119.871099817141,,-1,55.55555555555556,4.0
Act 2,s4,1932,9,9.0,0.728758176167806,0.57843137,2216.6666666666665,885.6666666666666,False,50.4257271980202,-115.72286408885017,,-1,77.77777777777777,2.0
Act 2,s4,1485,9,9.0,0.7244008779525757,0.65686274,1435.3333333333333,331.6666666666667,False,55.64897046417806,-127.283297296588,,-1,0.0,9.0
Act 2,s4,129,9,9.0,0.7102396719985538,0.47058824,198.77777777777777,381.44444444444446,False,66.3191188437993,-134.56128474534157,,-1,0.0,9.0
Act 2,s4,1931,9,9.0,0.7058823704719543,0.47058827,2214.5555555555557,701.2222222222222,False,50.09690074161306,-118.39096617995013,,-1,0.0,9.0
Act 2,s4,304,9,9.0,0.7047930359840393,0.5,375.0,601.4444444444445,False,65.52033110826062,-129.06845837546342,,-1,0.0,9.0
Act 2,s4,1781,9,9.0,0.6993464231491089,0.5686275,2059.1111111111113,813.5555555555555,False,51.60790280473057,-117.28637351806653,,-1,44.44444444444444,5.0
Act 2,s4,1934,9,9.0,0.6971677607960172,0.5588235,2220.3333333333335,707.6666666666666,False,50.06185094376014,-118.27870322276364,,-1,0.0,9.0
Act 2,s4,1390,9,9.0,0.6938997838232253,0.57843137,1315.0,309.55555555555554,False,56.577012212689674,-128.2838652736287,,-1,100.0,0.0
Act 2,s4,1626,9,9.0,0.6917211479610867,0.46078432,1942.6666666666667,733.5555555555555,False,52.42031154596428,-118.88659255028956,,-1,11.11111111111111,8.0
Act 2,s4,1219,9,9.0,0.6830065515306261,0.5392157,1151.4444444444443,584.8888888888889,False,58.711688291733346,-124.70863648819771,,-1,0.0,9.0
Act 2,s4,517,9,9.0,0.6350762649542756,0.05882353,499.3333333333333,736.1111111111111,False,64.81569389153634,-125.70576674096972,,-1,0.0,9.0
Act 2,s4,703,8,8.0,0.991421565413475,0.9313725,643.0,793.625,False,63.68598087260812,-123.78515011398848,,-1,0.0,8.0
Act 2,s4,9,8,8.0,0.8921568691730499,0.7156863,56.25,229.125,False,66.9686332274604,-138.6575064982895,,-1,0.0,8.0
Act 2,s4,397,8,8.0,0.8811274468898773,0.7058824,433.25,257.625,False,63.79880672155024,-134.96867172730833,,-1,0.0,8.0
Act 2,s4,671,8,8.0,0.8725490272045135,0.60784316,615.5,445.0,False,62.88496651106809,-130.30416194380444,,-1,0.0,8.0
Act 2,s4,333,8,8.0,0.8639705926179886,0.7352941,394.875,419.25,False,64.72112265601186,-132.33229693581407,,-1,0.0,8.0
Act 2,s4,1315,8,8.0,0.8321078419685364,0.57843137,1235.0,622.5,False,58.10155509613336,-123.6609076337252,,-1,0.0,8.0
Act 2,s4,1533,8,8.0,0.8259804025292397,0.7156863,1748.5,746.75,False,54.069122959652496,-119.42075056485763,,-1,75.0,2.0
Act 2,s4,564,8,8.0,0.8137255012989044,0.7058824,535.125,739.5,False,64.50283831495217,-125.42419041439366,,-1,0.0,8.0
Act 2,s4,52,8,8.0,0.8125000149011612,0.67647064,136.875,167.875,False,66.0000656605517,-139.0675807382263,,-1,0.0,8.0
Act 2,s4,947,8,8.0,0.8026960864663124,0.6666667,828.0,263.5,False,60.47677108733143,-132.01525511147588,,-1,0.0,8.0
Act 2,s4,1834,8,8.0,0.8002451211214066,0.7058824,2130.25,668.125,False,50.72796593337514,-119.16534255594054,,-1,0.0,8.0
Act 2,s4,787,8,8.0,0.7904411889612675,0.4117647,721.0,347.625,False,61.65940555133567,-131.30148758068347,,-1,0.0,8.0
Act 2,s4,1839,8,8.0,0.7879902124404907,0.7254902,2138.625,657.875,False,50.63742340715571,-119.28328977507613,,-1,100.0,0.0
Act 2,s4,2103,8,8.0,0.7855392247438431,0.64705884,2761.875,798.5,False,45.74337278875125,-115.3496544599936,,-1,100.0,0.0
Act 2,s4,629,8,8.0,0.7818627655506134,0.65686274,588.625,471.5,False,63.20469956257313,-130.01104391507556,,-1,0.0,8.0
Act 2,s4,1887,8,8.0,0.7745098248124123,0.7058824,2174.625,678.875,False,50.382576038779064,-118.85156440371601,,-1,0.0,8.0
Act 2,s4,1226,8,8.0,0.7696078568696976,0.64705884,1154.375,266.625,False,57.7737797799271,-129.89438009696664,,-1,12.5,7.0
Act 2,s4,1778,8,8.0,0.7585784569382668,0.7058824,2052.75,923.5,False,51.86281400374607,-115.67471338674491,,-1,0.0,8.0
Act 2,s4,183,8,8.0,0.7549019828438759,0.63725495,266.625,329.75,False,65.51906152214504,-134.97805944230308,,-1,0.0,8.0
Act 2,s4,1869,8,8.0,0.7536764889955521,0.5588236,2161.625,731.875,False,50.596584358489274,-118.13177584580465,,-1,0.0,8.0
Act 2,s4,695,8,8.0,0.7500000149011612,0.54901963,632.125,470.375,False,62.82343724623442,-129.74032021009793,,-1,0.0,8.0
Act 2,s4,1526,8,8.0,0.7500000149011612,0.5686275,1503.75,705.0,False,56.031953233824325,-121.07829558906771,,-1,0.0,8.0
Act 2,s4,633,8,8.0,0.7438725531101227,0.3921569,589.5,451.5,False,63.13157934768592,-130.36406194994245,,-1,0.0,8.0
Act 2,s4,1179,8,8.0,0.7426470667123795,0.60784316,1084.25,382.0,False,58.70659304199997,-128.43715981785422,,-1,0.0,8.0
Act 2,s4,1343,8,8.0,0.7426470667123795,0.57843137,1273.125,295.625,False,56.88135572934664,-128.7395288016217,,-1,87.5,1.0
Act 2,s4,1213,8,8.0,0.7279411889612675,0.39215687,1145.0,597.875,False,58.80063749943525,-124.52559168106302,,-1,0.0,8.0
Act 2,s4,1874,8,8.0,0.7242647260427475,0.64705884,2165.875,868.875,False,50.81963759620301,-116.125164388758,,-1,75.0,2.0
Act 2,s4,447,8,8.0,0.7242647185921669,0.34313726,456.5,421.875,False,64.18991313382752,-131.83253393623045,,-1,0.0,8.0
Act 2,s4,1587,8,8.0,0.7193627581000328,0.59803927,1893.125,838.75,False,53.04369905418359,-117.47953336511483,,-1,0.0,8.0
Act 2,s4,2168,8,8.0,0.7083333358168602,0.6960784,3007.75,858.5,False,43.80196105323228,-113.91398253682496,,-1,100.0,0.0
Act 2,s4,1589,8,8.0,0.7083333320915699,0.27450982,1895.75,681.5,False,52.70182310034628,-119.8427244449106,,-1,0.0,8.0
Act 2,s4,1392,8,8.0,0.7009804099798203,0.5294118,1317.125,390.625,False,56.79193825679865,-126.99022133008278,,-1,0.0,8.0
Act 2,s4,1841,8,8.0,0.6924019753932953,0.4019608,2138.625,784.375,False,50.88979248550609,-117.44712956139128,,-1,12.5,7.0
Act 2,s4,1895,8,8.0,0.68014707416296,0.45098042,2180.75,695.25,False,50.364992331609656,-118.59424449618317,,-1,0.0,8.0
Act 2,s4,1254,8,8.0,0.6764706000685692,0.4901961,1174.875,643.375,False,58.66477159564366,-123.61390510242046,,-1,0.0,8.0
Act 2,s4,329,8,8.0,0.6703431513160467,0.18627451,391.875,429.125,False,64.78248092090345,-132.17258570779825,,-1,0.0,8.0
Act 2,s4,1655,8,8.0,0.6605392321944237,0.4019608,1965.0,730.375,False,52.227815641605666,-118.8520540051057,,-1,0.0,8.0
Act 2,s4,512,8,8.0,0.600490203127265,0.20588236,496.125,432.125,False,63.879061472103494,-131.36205818108402,,-1,0.0,8.0
Act 2,s4,1234,7,7.0,0.9747899174690247,0.88235295,1163.0,198.42857142857142,False,57.48942175233446,-130.92985570251923,,-1,100.0,0.0
Act 2,s4,2110,7,7.0,0.955182066985539,0.8235294,2770.714285714286,758.1428571428571,False,45.59998784746721,-115.86365416605902,,-1,100.0,0.0
Act 2,s4,676,7,7.0,0.9201680677277702,0.7254902,617.5714285714286,452.42857142857144,False,62.891319093630386,-130.15772247633052,,-1,0.0,7.0
Act 2,s4,663,7,7.0,0.9187675033296857,0.7647059,611.8571428571429,449.0,False,62.92959299502547,-130.25738708019276,,-1,0.0,7.0
Act 2,s4,2107,7,7.0,0.9131652797971453,0.7647059,2767.714285714286,670.0,False,45.46506230466678,-117.04406459553081,,-1,100.0,0.0
Act 2,s4,1084,7,7.0,0.8879551802362714,0.8137255,961.0,621.5714285714286,False,60.43478398938967,-125.10261445011282,,-1,0.0,7.0
Act 2,s4,605,7,7.0,0.8851540684700012,0.50980395,574.5714285714286,777.4285714285714,False,64.25547469519144,-124.4780836121957,,-1,0.0,7.0
Act 2,s4,1004,7,7.0,0.8725490399769374,0.67647064,866.2857142857143,870.1428571428571,False,61.89735138299583,-121.2141120195297,,-1,0.0,7.0
Act 2,s4,638,7,7.0,0.8571428571428571,0.7352941,592.5714285714286,472.7142857142857,False,63.174338469802855,-129.96265070983677,,-1,0.0,7.0
Act 2,s4,1256,7,7.0,0.8515406250953674,0.7352941,1175.5714285714287,274.2857142857143,False,57.62223986592679,-129.64542217937506,,-1,57.142857142857146,3.0
Act 2,s4,1128,7,7.0,0.8515406080654689,0.7352941,1010.2857142857143,239.14285714285714,False,58.87893972281474,-131.2278639235892,,-1,0.0,7.0
Act 2,s4,263,7,7.0,0.840336161000388,0.7156863,354.14285714285717,442.42857142857144,False,65.16291198555743,-132.20673326818553,,-1,0.0,7.0
Act 2,s4,1596,7,7.0,0.8207282934870038,0.7254902,1906.142857142857,698.5714285714286,False,52.65161576674668,-119.54700917219311,,-1,0.0,7.0
Act 2,s4,583,7,7.0,0.8193277503762927,0.3137255,556.0,212.0,False,62.58440091594389,-134.83183267550675,,-1,0.0,7.0
Act 2,s4,1073,7,7.0,0.8123249241283962,0.7352941,953.7142857142857,271.57142857142856,False,59.45354655105484,-131.0564838491948,,-1,0.0,7.0
Act 2,s4,2075,7,7.0,0.8095238208770752,0.7254902,2459.4285714285716,907.7142857142857,False,48.440222855047466,-114.69637358898922,,-1,100.0,0.0
Act 2,s4,31,7,7.0,0.8011204600334167,0.6666667,127.28571428571429,111.85714285714286,False,65.84272433101633,-140.1773131696617,,-1,0.0,7.0
Act 2,s4,1914,7,7.0,0.7969187838690621,0.64705884,2196.285714285714,902.4285714285714,False,50.625246737786334,-115.54133950196332,,-1,57.142857142857146,3.0
Act 2,s4,28,7,7.0,0.7885154145104545,0.6960784,124.0,106.14285714285714,False,65.8462281359712,-140.31122193824157,,-1,0.0,7.0
Act 2,s4,1718,7,7.0,0.7815126180648804,0.47058827,2006.142857142857,793.7142857142857,False,52.011494734379966,-117.762137874345,,-1,0.0,7.0
Act 2,s4,1849,7,7.0,0.7787115062986102,0.7156863,2148.0,850.0,False,50.93453117368765,-116.45788714506624,,-1,42.857142857142854,4.0
Act 2,s4,1757,7,7.0,0.7759103689874921,0.65686274,2033.2857142857142,897.5714285714286,False,51.97958060973021,-116.12340376607314,,-1,0.0,7.0
Act 2,s4,662,7,7.0,0.7731092487062726,0.6666667,609.2857142857143,477.7142857142857,False,63.04528419475064,-129.7609609653159,,-1,0.0,7.0
Act 2,s4,1622,7,7.0,0.7703081539699009,0.7156863,1930.0,859.5714285714286,False,52.77452011517287,-117.0365963736898,,-1,0.0,7.0
Act 2,s4,1907,7,7.0,0.7647058963775635,0.6666667,2191.714285714286,906.7142857142857,False,50.6709021551334,-115.49276626784938,,-1,85.71428571428571,1.0
Act 2,s4,446,7,7.0,0.7591036558151245,0.60784316,455.7142857142857,286.85714285714283,False,63.71421174111544,-134.27426596423118,,-1,0.0,7.0
Act 2,s4,393,7,7.0,0.7492997433458056,0.39215687,429.42857142857144,386.7142857142857,False,64.30288062058963,-132.67157696036617,,-1,0.0,7.0
Act 2,s4,1382,7,7.0,0.7352941376822335,0.6666667,1305.0,327.2857142857143,False,56.71121164218316,-128.05994196750893,,-1,57.142857142857146,3.0
Act 2,s4,1035,7,7.0,0.7254902124404907,0.32352942,904.4285714285714,319.7142857142857,False,60.02025787703966,-130.571056794472,,-1,0.0,7.0
Act 2,s4,1345,7,7.0,0.7240896650723049,0.5686275,1273.4285714285713,728.1428571428571,False,58.03476982773305,-121.73002439141469,,-1,0.0,7.0
Act 2,s4,1521,7,7.0,0.7226890921592712,0.7058824,1471.0,384.7142857142857,False,55.50211671638371,-126.2740470840768,,-1,0.0,7.0
Act 2,s4,1415,7,7.0,0.7198879633631025,0.54901963,1340.5714285714287,450.42857142857144,False,56.76246038276184,-125.91458235887431,,-1,0.0,7.0
Act 2,s4,1371,7,7.0,0.7128851669175285,0.54901963,1297.2857142857142,359.85714285714283,False,56.86902622626744,-127.58675325556705,,-1,0.0,7.0
Act 2,s4,722,7,7.0,0.7030812501907349,0.28431374,661.5714285714286,530.4285714285714,False,62.75764673063962,-128.47513608461327,,-1,0.0,7.0
Act 2,s4,832,7,7.0,0.6876750758716038,0.44117647,739.8571428571429,756.7142857142857,False,62.725570569846106,-123.92483330900023,,-1,0.0,7.0
Act 2,s4,1556,7,7.0,0.680672287940979,0.46078432,1833.2857142857142,701.7142857142857,False,53.265135178241344,-119.77961527409023,,-1,14.285714285714286,6.0
Act 2,s4,537,6,6.0,0.906862755616506,0.8235294,507.8333333333333,395.8333333333333,False,63.6524809566905,-131.93447645665265,,-1,0.0,6.0
Act 2,s4,428,6,6.0,0.9019608000914255,0.74509805,443.5,423.5,False,64.30933984184493,-131.89718398864204,,-1,0.0,6.0
Act 2,s4,1133,6,6.0,0.885620911916097,0.7058824,1013.5,319.5,False,59.107182887356416,-129.8903521468516,,-1,0.0,6.0
Act 2,s4,2140,6,6.0,0.8823529481887817,0.87254906,2820.0,926.5,False,45.469781842054445,-113.48548429439815,,-1,100.0,0.0
Act 2,s4,1362,6,6.0,0.879084974527359,0.7254902,1290.5,230.0,False,56.541248408057534,-129.67190427981112,,-1,66.66666666666667,2.0
Act 2,s4,1880,6,6.0,0.879084974527359,0.8039216,2169.6666666666665,956.0,False,50.93973450522641,-114.83757631218093,,-1,0.0,6.0
Act 2,s4,654,6,6.0,0.8709150552749634,0.7156863,603.8333333333334,234.66666666666666,False,62.262309849171615,-134.08250047151373,,-1,0.0,6.0
Act 2,s4,1436,6,6.0,0.857843150695165,0.7254902,1359.1666666666667,603.6666666666666,False,57.006524449553844,-123.36305335843448,,-1,0.0,6.0
Act 2,s4,1963,6,6.0,0.857843150695165,0.7058824,2248.8333333333335,807.3333333333334,False,50.016342236478934,-116.7536478868719,,-1,16.666666666666668,5.0
Act 2,s4,538,6,6.0,0.8480392396450043,0.7254902,512.5,422.0,False,63.70180424683298,-131.4292242045066,,-1,0.0,6.0
Act 2,s4,107,6,6.0,0.8415032724539439,0.5882353,172.83333333333334,328.6666666666667,False,66.3441402115808,-135.76973631728453,,-1,0.0,6.0
Act 2,s4,456,6,6.0,0.8382353087266287,0.5686275,463.0,378.3333333333333,False,63.98075501927322,-132.5758368682854,,-1,0.0,6.0
Act 2,s4,1668,6,6.0,0.8382353087266287,0.6960784,1970.5,871.1666666666666,False,52.456989385400895,-116.72496204170827,,-1,0.0,6.0
Act 2,s4,420,6,6.0,0.8316993614037832,0.64705884,439.5,458.0,False,64.46383963212945,-131.293787940487,,-1,0.0,6.0
Act 2,s4,1270,6,6.0,0.8284313778082529,0.7058824,1191.6666666666667,530.8333333333334,False,58.22727286704177,-125.39259583440457,,-1,0.0,6.0
Act 2,s4,987,6,6.0,0.8284313678741455,0.7352941,854.1666666666666,274.8333333333333,False,60.29538810148155,-131.6504632455883,,-1,0.0,6.0
Act 2,s4,943,6,6.0,0.8055555721124014,0.7058824,825.6666666666666,547.1666666666666,False,61.38813966958245,-127.16672448439324,,-1,0.0,6.0
Act 2,s4,1639,6,6.0,0.8022875984509786,0.7254902,1953.0,735.5,False,52.33822300313984,-118.81958333360046,,-1,0.0,6.0
Act 2,s4,674,6,6.0,0.7892157137393951,0.63725495,616.8333333333334,460.0,False,62.92237055170222,-130.02751181137978,,-1,0.0,6.0
Act 2,s4,554,6,6.0,0.7810457646846771,0.7058824,528.6666666666666,315.8333333333333,False,63.192302980218244,-133.21285622272234,,-1,0.0,6.0
Act 2,s4,172,6,6.0,0.7761438091595968,0.6960784,249.16666666666666,155.33333333333334,False,64.97772104616111,-138.30898089750391,,-1,0.0,6.0
Act 2,s4,801,6,6.0,0.7761438091595968,0.7254902,728.8333333333334,465.0,False,61.971647272629475,-129.20466824960016,,-1,0.0,6.0
Act 2,s4,610,6,6.0,0.776143804192543,0.4509804,577.1666666666666,275.5,False,62.63446744890738,-133.5676332491438,,-1,0.0,6.0
Act 2,s4,1493,6,6.0,0.7696078519026438,0.7058824,1440.8333333333333,568.3333333333334,False,56.23325299514623,-123.53927689569278,,-1,0.0,6.0
Act 2,s4,2145,6,6.0,0.7647058963775635,0.7058824,2832.8333333333335,932.8333333333334,False,45.37279191392977,-113.36904606389193,,-1,100.0,0.0
Act 2,s4,939,6,6.0,0.761437917749087,0.39215687,822.8333333333334,494.1666666666667,False,61.254651813064974,-128.10677902085976,,-1,0.0,6.0
Act 2,s4,1278,6,6.0,0.7598039408524832,0.6960784,1198.6666666666667,395.0,False,57.789413117210195,-127.57040634305352,,-1,0.0,6.0
Act 2,s4,1979,6,6.0,0.7598039408524832,0.5882353,2258.0,923.0,False,50.14537497126609,-115.05769218507342,,-1,16.666666666666668,5.0
Act 2,s4,1885,6,6.0,0.7565359572569529,0.50980395,2172.5,798.6666666666666,False,50.63509613892045,-117.12653886836088,,-1,0.0,6.0
Act 2,s4,2034,6,6.0,0.7483660181363424,0.7254902,2329.6666666666665,869.3333333333334,False,49.45525176943136,-115.61559534087327,,-1,83.33333333333333,1.0
Act 2,s4,1429,6,6.0,0.7467320462067922,0.627451,1354.8333333333333,231.33333333333334,False,56.0180688234801,-129.28177515058195,,-1,0.0,6.0
Act 2,s4,1131,6,6.0,0.7401961088180542,0.7058824,1013.5,586.3333333333334,False,59.88894254079202,-125.41953261681687,,-1,0.0,6.0
Act 2,s4,1439,6,6.0,0.736928125222524,0.42156863,1363.6666666666667,591.5,False,56.93822783132759,-123.53771502189433,,-1,0.0,6.0
Act 2,s4,311,6,6.0,0.7352941234906515,0.61764705,378.0,397.5,False,64.79174105502683,-132.85868061200733,,-1,0.0,6.0
Act 2,s4,1456,6,6.0,0.7352941234906515,0.50980395,1390.1666666666667,238.5,False,55.75016374876453,-128.9716259634105,,-1,33.333333333333336,4.0
Act 2,s4,1829,6,6.0,0.7352941234906515,0.71568626,2122.1666666666665,805.0,False,51.06608810261149,-117.20081596089715,,-1,66.66666666666667,2.0
Act 2,s4,1095,6,6.0,0.7271241943041483,0.6960784,965.5,211.0,False,59.15791952573176,-131.97592218907283,,-1,50.0,3.0
Act 2,s4,2163,6,6.0,0.7254902223745981,0.7156863,2946.1666666666665,787.3333333333334,False,44.19664774897202,-114.99807886535787,,-1,100.0,0.0
Act 2,s4,2134,6,6.0,0.7238562206427256,0.7058824,2806.1666666666665,936.5,False,45.600377805230785,-113.386120830746,,-1,100.0,0.0
Act 2,s4,1985,6,6.0,0.7189542651176453,0.5980392,2260.8333333333335,721.1666666666666,False,49.75284837278143,-117.94809905017321,,-1,66.66666666666667,2.0
Act 2,s4,1512,6,6.0,0.7156862914562225,0.6862745,1458.0,564.5,False,56.08012413929808,-123.51870086241915,,-1,0.0,6.0
Act 2,s4,137,6,6.0,0.7107843557993571,0.5588236,205.33333333333334,265.5,False,65.80535120470205,-136.6733699015788,,-1,0.0,6.0
Act 2,s4,1976,6,6.0,0.7075163523356119,0.6666667,2256.1666666666665,723.3333333333334,False,49.79575227255385,-117.93287495183537,,-1,0.0,6.0
Act 2,s4,2012,6,6.0,0.7009804050127665,0.5392157,2292.0,691.1666666666666,False,49.4357745312888,-118.26935790446996,,-1,50.0,3.0
Act 2,s4,146,6,6.0,0.6960784594217936,0.5392157,217.0,198.5,False,65.43218212227279,-137.80387279488386,,-1,0.0,6.0
Act 2,s4,872,6,6.0,0.6928104758262634,0.2647059,760.0,703.5,False,62.40367818717456,-124.7751716872931,,-1,0.0,6.0
Act 2,s4,1112,6,6.0,0.6911764840284983,0.45098042,987.0,230.5,False,59.04382571893046,-131.51784766313813,,-1,0.0,6.0
Act 2,s4,865,6,6.0,0.6846405466397604,0.50980395,756.8333333333334,465.3333333333333,False,61.73217148799636,-129.0201940686049,,-1,0.0,6.0
Act 2,s4,1768,6,6.0,0.6846405267715454,0.51960784,2044.1666666666667,907.6666666666666,False,51.90659417034538,-115.93795331666797,,-1,16.666666666666668,5.0
Act 2,s4,828,6,6.0,0.6601307243108749,0.43137255,738.6666666666666,694.8333333333334,False,62.56707728255684,-125.05246791893204,,-1,0.0,6.0
Act 2,s4,949,6,6.0,0.6552287638187408,0.0,828.0,761.0,False,61.960844018458396,-123.37002709090464,,-1,0.0,6.0
Act 2,s4,364,6,6.0,0.6535947819550832,0.3627451,416.5,272.6666666666667,False,63.999003296753145,-134.83007743741058,,-1,0.0,6.0
Act 2,s4,1401,6,6.0,0.6503268082936605,0.44117647,1329.1666666666667,336.3333333333333,False,56.537748257196164,-127.78371217697722,,-1,16.666666666666668,5.0
Act 2,s4,957,6,6.0,0.6209150403738022,0.29411766,831.5,553.0,False,61.35500723038048,-127.03015720978773,,-1,0.0,6.0
Act 2,s4,749,6,6.0,0.5816993514696757,0.3627451,690.6666666666666,244.33333333333334,False,61.56410966518373,-133.28862749189358,,-1,0.0,6.0
Act 2,s4,989,5,5.0,0.9568627595901489,0.87254906,855.2,863.8,False,61.97989616600208,-121.38298163220406,,-1,0.0,5.0
Act 2,s4,439,5,5.0,0.95686274766922,0.8627451,451.4,413.6,False,64.20569189917518,-132.02037155407885,,-1,0.0,5.0
Act 2,s4,216,5,5.0,0.9529411792755127,0.7647059,313.8,119.8,False,64.28039157649661,-138.39064000109238,,-1,0.0,5.0
Act 2,s4,1972,5,5.0,0.9372549057006836,0.7941177,2254.2,808.4,False,49.97368870808319,-116.72117858097512,,-1,60.0,2.0
Act 2,s4,342,5,5.0,0.9254902005195618,0.7058824,401.6,426.4,False,64.68726070209514,-132.15092287857118,,-1,0.0,5.0
Act 2,s4,877,5,5.0,0.9058823704719543,0.74509805,761.0,788.6,False,62.62305455592833,-123.2301169553415,,-1,0.0,5.0
Act 2,s4,1897,5,5.0,0.9019607901573181,0.78431374,2179.2,809.8,False,50.600240028852745,-116.94289348644547,,-1,0.0,5.0
Act 2,s4,1989,5,5.0,0.8941176414489747,0.8039216,2261.8,737.8,False,49.777155171809156,-117.70748848660241,,-1,0.0,5.0
Act 2,s4,469,5,5.0,0.8823529362678528,0.7058824,471.4,435.0,False,64.10492731193263,-131.48605223434654,,-1,0.0,5.0
Act 2,s4,574,5,5.0,0.8803921699523926,0.7647059,541.4,764.4,False,64.5175989464747,-124.91788663499128,,-1,0.0,5.0
Act 2,s4,1853,5,5.0,0.8784313797950745,0.84313726,2149.4,796.4,False,50.823044206938235,-117.23587649022812,,-1,0.0,5.0
Act 2,s4,692,5,5.0,0.8745098114013672,0.754902,630.2,780.6,False,63.76512774547406,-124.09933261910797,,-1,0.0,5.0
Act 2,s4,549,5,5.0,0.8607843279838562,0.7058824,523.2,437.8,False,63.662288179129945,-131.06828109900184,,-1,0.0,5.0
Act 2,s4,124,5,5.0,0.8549019813537597,0.7647059,194.6,253.8,False,65.85231808952688,-136.980743753292,,-1,0.0,5.0
Act 2,s4,1123,5,5.0,0.8549019694328308,0.754902,1005.2,356.4,False,59.29076418808579,-129.33129618459571,,-1,0.0,5.0
Act 2,s4,818,5,5.0,0.843137264251709,0.754902,735.4,681.6,False,62.55881635144992,-125.30993912843903,,-1,0.0,5.0
Act 2,s4,1333,5,5.0,0.8411764860153198,0.74509805,1266.8,361.0,False,57.1249667319698,-127.7368899629924,,-1,0.0,5.0
Act 2,s4,119,5,5.0,0.8333333373069763,0.7254902,186.8,191.8,False,65.66661969548525,-138.18789011007266,,-1,0.0,5.0
Act 2,s4,1636,5,5.0,0.8196078538894653,0.7156863,1951.8,882.6,False,52.634908482483986,-116.61510615849066,,-1,0.0,5.0
Act 2,s4,187,5,5.0,0.8176470756530761,0.7058824,275.8,94.6,False,64.49938699988326,-139.16389211330977,,-1,0.0,5.0
Act 2,s4,1134,5,5.0,0.8176470637321472,0.6862745,1016.2,331.4,False,59.121625600102504,-129.67759270167645,,-1,0.0,5.0
Act 2,s4,1756,5,5.0,0.8176470518112182,0.7352941,2031.6,874.8,False,51.952249412057306,-116.46857458593692,,-1,0.0,5.0
Act 2,s4,201,5,5.0,0.8098039269447327,0.7352941,296.6,339.8,False,65.29382960149037,-134.5521102724225,,-1,0.0,5.0
Act 2,s4,809,5,5.0,0.8039215803146362,0.6960784,730.6,764.4,False,62.828013216926266,-123.83597523084678,,-1,0.0,5.0
Act 2,s4,1642,5,5.0,0.8039215803146362,0.7058824,1957.2,884.4,False,52.59297137452073,-116.56995553782264,,-1,0.0,5.0
Act 2,s4,1818,5,5.0,0.800000011920929,0.74509805,2109.8,648.6,False,50.85662511722594,-119.52263492823285,,-1,80.0,1.0
Act 2,s4,1968,5,5.0,0.7980392098426818,0.7254902,2250.4,693.2,False,49.784093279853614,-118.3823401518791,,-1,100.0,0.0
Act 2,s4,99,5,5.0,0.7745098352432251,0.59803927,163.2,65.2,False,65.33231045311344,-140.6911705716168,,-1,0.0,5.0
Act 2,s4,591,5,5.0,0.7745098233222961,0.7156863,560.8,457.0,False,63.39912172078867,-130.4611190836235,,-1,0.0,5.0
Act 2,s4,650,5,5.0,0.7745098114013672,0.57843137,599.0,473.8,False,63.121983279255836,-129.89997454626848,,-1,0.0,5.0
Act 2,s4,1501,5,5.0,0.7745097875595093,0.6960784,1451.6,323.4,False,55.49179561103194,-127.32496337940223,,-1,0.0,5.0
Act 2,s4,993,5,5.0,0.7725490450859069,0.48039216,859.8,375.6,False,60.573757120591765,-129.91268901887406,,-1,0.0,5.0
Act 2,s4,923,5,5.0,0.7666666984558106,0.67647064,800.6,357.8,False,61.017618989310535,-130.5975944071686,,-1,0.0,5.0
Act 2,s4,1868,5,5.0,0.7666666746139527,0.7058824,2160.4,682.4,False,50.507550440302204,-118.85116015154101,,-1,0.0,5.0
Act 2,s4,1081,5,5.0,0.7607843399047851,0.6862745,957.8,297.0,False,59.501095683133,-130.60981877357722,,-1,0.0,5.0
Act 2,s4,2096,5,5.0,0.75686274766922,0.7352941,2758.0,754.0,False,45.69793778499946,-115.95504364945683,,-1,80.0,1.0
Act 2,s4,1967,5,5.0,0.7549019932746888,0.7058824,2250.8,702.2,False,49.79865523682142,-118.2526273627709,,-1,0.0,5.0
Act 2,s4,1824,5,5.0,0.7549019813537597,0.7058824,2118.2,664.2,False,50.81962172245856,-119.26582140597738,,-1,0.0,5.0
Act 2,s4,247,5,5.0,0.7549019694328308,0.7254902,346.8,272.6,False,64.60054885767116,-135.38070053678848,,-1,0.0,5.0
Act 2,s4,1361,5,5.0,0.7490196347236633,0.7156863,1287.2,715.0,False,57.88644556141811,-121.88386204451932,,-1,0.0,5.0
Act 2,s4,1678,5,5.0,0.7490196228027344,0.7058824,1975.0,863.0,False,52.40407368211811,-116.83265764882685,,-1,0.0,5.0
Act 2,s4,1776,5,5.0,0.7470588445663452,0.7254902,2052.8,650.2,False,51.33189172395715,-119.71042937764736,,-1,20.0,4.0
Act 2,s4,2019,5,5.0,0.7470588326454163,0.7058824,2305.0,935.0,False,49.773225756186505,-114.74772592527788,,-1,40.0,3.0
Act 2,s4,274,5,5.0,0.745098066329956,0.5686275,359.6,476.2,False,65.2336333919139,-131.53688641392148,,-1,0.0,5.0
Act 2,s4,315,5,5.0,0.7450980424880982,0.7058824,381.6,352.8,False,64.59797509426659,-133.65034131911847,,-1,0.0,5.0
Act 2,s4,825,5,5.0,0.7411764860153198,0.6862745,736.4,675.2,False,62.53206516097182,-125.41951452227104,,-1,0.0,5.0
Act 2,s4,2136,5,5.0,0.7352941513061524,0.7058824,2812.0,934.8,False,45.54920470773856,-113.39439213631456,,-1,100.0,0.0
Act 2,s4,1774,5,5.0,0.7313725709915161,0.61764705,2050.6,928.2,False,51.889110084098974,-115.61135548988206,,-1,0.0,5.0
Act 2,s4,1306,5,5.0,0.7294117689132691,0.65686274,1226.8,632.2,False,58.195626392547176,-123.54127434550159,,-1,0.0,5.0
Act 2,s4,1697,5,5.0,0.7254902124404907,0.7058824,1989.8,629.4,False,51.80914726899904,-120.25454680533295,,-1,80.0,1.0
Act 2,s4,398,5,5.0,0.7254902005195618,0.60784316,434.2,384.2,False,64.25231133061499,-132.6819561760891,,-1,0.0,5.0
Act 2,s4,1500,5,5.0,0.7254901885986328,0.6372549,1450.8,587.2,False,56.19673071296745,-123.1923755939293,,-1,0.0,5.0
Act 2,s4,1466,5,5.0,0.7235294222831726,0.7058824,1411.8,372.8,False,55.95824111382443,-126.76720470202606,,-1,0.0,5.0
Act 2,s4,2074,5,5.0,0.7078431606292724,0.627451,2458.2,901.2,False,48.43958589754575,-114.79125066998954,,-1,60.0,2.0
Act 2,s4,1009,5,5.0,0.7058823823928833,0.627451,871.0,222.0,False,59.978736824907756,-132.4200002063001,,-1,0.0,5.0
Act 2,s4,1764,5,5.0,0.7058823704719543,0.4019608,2036.4,917.6,False,51.98936581888566,-115.81434725729439,,-1,0.0,5.0
Act 2,s4,1723,5,5.0,0.7058823466300964,0.627451,2011.0,870.0,False,52.11577099771402,-116.60792185107066,,-1,0.0,5.0
Act 2,s4,1604,5,5.0,0.7039215683937072,0.65686274,1913.0,716.0,False,52.631095311232734,-119.25977732620814,,-1,0.0,5.0
Act 2,s4,1978,5,5.0,0.6980392217636109,0.64705884,2257.6,886.8,False,50.08628534628963,-115.58185598406277,,-1,80.0,1.0
Act 2,s4,1393,5,5.0,0.6784314036369323,0.5294118,1320.2,336.2,False,56.611440285641095,-127.83512239426135,,-1,40.0,3.0
Act 2,s4,901,5,5.0,0.6764706015586853,0.50980395,776.8,445.2,False,61.498242525922485,-129.24422635779217,,-1,0.0,5.0
Act 2,s4,1513,5,5.0,0.6764706015586853,0.46078432,1458.8,334.6,False,55.464051212412805,-127.11376945453749,,-1,0.0,5.0
Act 2,s4,1092,5,5.0,0.6745098233222961,0.47058827,963.0,512.0,False,60.11049511208244,-126.96808046715248,,-1,0.0,5.0
Act 2,s4,1106,5,5.0,0.666666692495346,0.3529412,977.2,337.2,False,59.46576844598626,-129.82162175666264,,-1,0.0,5.0
Act 2,s4,1964,5,5.0,0.6666666865348816,0.5392157,2248.6,892.8,False,50.1718189013264,-115.52239528436135,,-1,20.0,4.0
Act 2,s4,1292,5,5.0,0.6607843339443207,0.39215687,1206.6,441.6,False,57.855921747494996,-126.77109611855568,,-1,0.0,5.0
Act 2,s4,1867,5,5.0,0.6549019694328309,0.3627451,2161.2,676.2,False,50.48827873563938,-118.93774930383377,,-1,0.0,5.0
Act 2,s4,938,5,5.0,0.6509803954511881,0.019607844,820.2,810.2,False,62.15588040809862,-122.52669485738606,,-1,0.0,5.0
Act 2,s4,1948,5,5.0,0.6078431665897369,0.3137255,2234.8,704.2,False,49.93513002426098,-118.2787438620159,,-1,0.0,5.0
Act 2,s4,819,5,5.0,0.5803921729326248,0.11764707,734.0,704.0,False,62.63354729613212,-124.91346513219625,,-1,0.0,5.0
Act 2,s4,2097,4,4.0,1.0,1.0,2758.5,675.5,False,45.551383197287784,-116.99864805138547,,-1,100.0,0.0
Act 2,s4,2116,4,4.0,0.9975490272045135,0.9901961,2775.5,660.5,False,45.38304481488806,-117.14658437635164,,-1,100.0,0.0
Act 2,s4,438,4,4.0,0.9558823555707932,0.8235294,451.75,277.75,False,63.71475017666177,-134.46706518451657,,-1,0.0,4.0
Act 2,s4,636,4,4.0,0.9485294222831726,0.7941177,590.5,231.5,False,62.36364062659213,-134.23570161088915,,-1,0.0,4.0
Act 2,s4,2160,4,4.0,0.9411764740943909,0.7647059,2910.75,1217.75,False,45.11146468794569,-109.3907632738452,,-1,100.0,0.0
Act 2,s4,468,4,4.0,0.9240196198225021,0.8235294,471.25,372.25,False,63.88760874178399,-132.62516216855133,,-1,0.0,4.0
Act 2,s4,276,4,4.0,0.9044117629528046,0.8039216,360.75,440.0,False,65.09578604225788,-132.20255111275407,,-1,0.0,4.0
Act 2,s4,739,4,4.0,0.8970588147640228,0.61764705,676.25,251.75,False,61.711486346161266,-133.26400805116353,,-1,0.0,4.0
Act 2,s4,42,4,4.0,0.8946078568696976,0.78431374,131.5,256.0,False,66.4161773355622,-137.48434159523154,,-1,0.0,4.0
Act 2,s4,1286,4,4.0,0.8872548937797546,0.7254902,1202.25,544.5,False,58.1747951871697,-125.11233963862458,,-1,0.0,4.0
Act 2,s4,281,4,4.0,0.8848039507865906,0.8333334,363.25,457.0,False,65.13380470253628,-131.86794826684041,,-1,0.0,4.0
Act 2,s4,936,4,4.0,0.8774510025978088,0.754902,818.75,730.0,False,61.960272808745536,-123.97451419537265,,-1,0.0,4.0
Act 2,s4,2046,4,4.0,0.8774509876966476,0.8039216,2348.25,671.0,False,48.93065312496277,-118.36350286538587,,-1,100.0,0.0
Act 2,s4,648,4,4.0,0.8774509727954865,0.7647059,598.25,228.25,False,62.28640643374565,-134.2347122815172,,-1,0.0,4.0
Act 2,s4,589,4,4.0,0.8725490272045135,0.8235294,559.5,735.75,False,64.27299841666976,-125.34806479316767,,-1,0.0,4.0
Act 2,s4,1617,4,4.0,0.8725490123033524,0.7352941,1925.5,853.5,False,52.80071532518416,-117.14381351538167,,-1,0.0,4.0
Act 2,s4,79,4,4.0,0.8676470816135406,0.7156863,151.5,202.0,False,66.01637566623121,-138.31021907181017,,-1,0.0,4.0
Act 2,s4,804,4,4.0,0.8578431457281113,0.7254902,728.5,667.5,False,62.5796311926948,-125.60405024758715,,-1,0.0,4.0
Act 2,s4,552,4,4.0,0.8529411852359772,0.6960784,525.0,774.0,False,64.69294416971344,-124.8339660502247,,-1,0.0,4.0
Act 2,s4,114,4,4.0,0.8455882519483566,0.7254902,178.75,140.0,False,65.51957408671333,-139.20233608421034,,-1,0.0,4.0
Act 2,s4,1747,4,4.0,0.8431372791528702,0.7647059,2028.25,866.75,False,51.96545383942293,-116.59957214837868,,-1,0.0,4.0
Act 2,s4,1154,4,4.0,0.8406862914562225,0.7254902,1052.5,340.0,False,58.84504406296236,-129.31566618037346,,-1,0.0,4.0
Act 2,s4,1454,4,4.0,0.8357843309640884,0.60784316,1382.5,236.0,False,55.80549409238247,-129.05324677800675,,-1,25.0,3.0
Act 2,s4,618,4,4.0,0.8333333432674408,0.7058824,581.0,780.25,False,64.20549842590493,-124.38787702027777,,-1,0.0,4.0
Act 2,s4,1791,4,4.0,0.8308823704719543,0.74509805,2068.75,916.75,False,51.716870687664866,-115.72498349944911,,-1,25.0,3.0
Act 2,s4,641,4,4.0,0.8235294073820114,0.7352941,592.5,740.0,False,63.989452649041,-125.07267697084343,,-1,0.0,4.0
Act 2,s4,1284,4,4.0,0.8210784494876862,0.7647059,1201.25,529.75,False,58.14363108939162,-125.3599695990301,,-1,0.0,4.0
Act 2,s4,905,4,4.0,0.821078434586525,0.7352941,778.5,754.0,False,62.377494786589736,-123.762275733103,,-1,0.0,4.0
Act 2,s4,910,4,4.0,0.821078434586525,0.7352941,785.5,759.25,False,62.329768562627095,-123.62954058076635,,-1,0.0,4.0
Act 2,s4,721,4,4.0,0.8186274766921997,0.7156863,661.0,470.0,False,62.57231257975342,-129.5564711650097,,-1,0.0,4.0
Act 2,s4,1860,4,4.0,0.8186274468898773,0.74509805,2156.25,807.25,False,50.786510160708296,-117.05515765120155,,-1,100.0,0.0
Act 2,s4,686,4,4.0,0.8161764889955521,0.7254902,625.25,470.0,False,62.88181613581915,-129.79268420142103,,-1,0.0,4.0
Act 2,s4,1110,4,4.0,0.8161764740943909,0.7352941,984.5,236.0,False,59.08245004545378,-131.44394884245634,,-1,0.0,4.0
Act 2,s4,1261,4,4.0,0.8161764740943909,0.7745098,1178.5,196.75,False,57.35688979802689,-130.86170310467298,,-1,75.0,1.0
Act 2,s4,556,4,4.0,0.8137255162000656,0.7156863,530.0,457.75,False,63.67001924858701,-130.65989823811157,,-1,0.0,4.0
Act 2,s4,1062,4,4.0,0.8088235408067703,0.7352941,934.5,376.5,False,59.946440727933606,-129.4293721864009,,-1,0.0,4.0
Act 2,s4,1026,4,4.0,0.8063725680112839,0.754902,888.5,325.5,False,60.1724788076804,-130.5760151381241,,-1,0.0,4.0
Act 2,s4,1033,4,4.0,0.8014705926179886,0.7254902,901.0,312.75,False,60.0266646988933,-130.70964900293754,,-1,0.0,4.0
Act 2,s4,561,4,4.0,0.7965686321258545,0.6960784,532.0,429.5,False,63.557647202232964,-131.1564338723783,,-1,0.0,4.0
Act 2,s4,1105,4,4.0,0.7965686172246933,0.7352941,976.75,230.75,False,59.12958409887699,-131.57976293622713,,-1,0.0,4.0
Act 2,s4,1538,4,4.0,0.794117659330368,0.7156863,1770.5,694.5,False,53.773299410119975,-120.13631173770703,,-1,0.0,4.0
Act 2,s4,2169,4,4.0,0.789215698838234,0.7647059,3016.75,1202.25,False,44.205046702961134,-109.3963844170935,,-1,100.0,0.0
Act 2,s4,1892,4,4.0,0.7867647409439087,0.7156863,2176.75,665.75,False,50.338169029474855,-119.0328380163917,,-1,0.0,4.0
Act 2,s4,376,4,4.0,0.7867647111415863,0.7352941,422.5,441.75,False,64.55720307850463,-131.71538532713308,,-1,0.0,4.0
Act 2,s4,545,4,4.0,0.7867647111415863,0.7058824,516.5,732.5,False,64.65026311783747,-125.66898253922632,,-1,0.0,4.0
Act 2,s4,1029,4,4.0,0.7867647111415863,0.7254902,895.75,741.75,False,61.31846715993484,-123.35460637249379,,-1,0.0,4.0
Act 2,s4,1966,4,4.0,0.7867647111415863,0.5588236,2250.5,663.0,False,49.722557189422595,-118.81205766848787,,-1,100.0,0.0
Act 2,s4,1807,4,4.0,0.7843137681484222,0.7156863,2085.5,729.5,False,51.22396351837573,-118.43172273548099,,-1,0.0,4.0
Act 2,s4,122,4,4.0,0.7818627655506134,0.7352941,191.25,95.75,False,65.22440702219586,-139.88931369732268,,-1,0.0,4.0
Act 2,s4,463,4,4.0,0.7794117778539658,0.5882353,466.0,385.5,False,63.979922904340505,-132.424155043351,,-1,0.0,4.0
Act 2,s4,1198,4,4.0,0.7769607901573181,0.5686275,1109.5,197.5,False,57.92605583508102,-131.27548807556803,,-1,25.0,3.0
Act 2,s4,1313,4,4.0,0.774509847164154,0.7156863,1232.5,632.5,False,58.148088783730714,-123.50816343909419,,-1,0.0,4.0
Act 2,s4,2056,4,4.0,0.7720588445663452,0.754902,2369.5,866.5,False,49.11872022487389,-115.53720659818767,,-1,100.0,0.0
Act 2,s4,425,4,4.0,0.7720588147640228,0.65686274,441.0,290.5,False,63.85422537869019,-134.32159400446844,,-1,0.0,4.0
Act 2,s4,1184,4,4.0,0.7696078568696976,0.7254902,1092.5,399.5,False,58.68942158477756,-128.10143110170642,,-1,0.0,4.0
Act 2,s4,1643,4,4.0,0.7696078419685364,0.7058824,1958.0,865.0,False,52.55017089750474,-116.85973167504343,,-1,0.0,4.0
Act 2,s4,2027,4,4.0,0.7671568989753723,0.7156863,2318.25,938.25,False,49.668041533630095,-114.66300576871568,,-1,0.0,4.0
Act 2,s4,401,4,4.0,0.7671568840742111,0.7058824,434.5,456.5,False,64.50268227713417,-131.3573057031738,,-1,0.0,4.0
Act 2,s4,1865,4,4.0,0.7671568691730499,0.7254902,2159.25,783.0,False,50.71559100081437,-117.3981106760735,,-1,0.0,4.0
Act 2,s4,1811,4,4.0,0.7622549086809158,0.7058824,2090.5,726.5,False,51.176416641659515,-118.45796196647463,,-1,0.0,4.0
Act 2,s4,1312,4,4.0,0.7573529481887817,0.67647064,1232.0,269.5,False,57.14209884179954,-129.38997296710332,,-1,100.0,0.0
Act 2,s4,1683,4,4.0,0.7573529481887817,0.7058824,1977.75,727.25,False,52.11529710237987,-118.85191354521,,-1,0.0,4.0
Act 2,s4,1192,4,4.0,0.7573529332876205,0.6372549,1103.5,213.5,False,58.02665624793312,-131.05663917184702,,-1,0.0,4.0
Act 2,s4,485,4,4.0,0.7549019753932953,0.7156863,480.5,730.0,False,64.96796003956842,-125.93761442965888,,-1,0.0,4.0
Act 2,s4,1541,4,4.0,0.7549019753932953,0.7058824,1785.75,691.75,False,53.64008793078763,-120.11772025805408,,-1,50.0,2.0
Act 2,s4,343,4,4.0,0.75245101749897,0.7058824,402.5,451.0,False,64.76562164912679,-131.69068783452894,,-1,0.0,4.0
Act 2,s4,1250,4,4.0,0.7524509876966476,0.7058824,1170.25,271.0,False,57.656120657867895,-129.7295817161534,,-1,25.0,3.0
Act 2,s4,1034,4,4.0,0.7500000298023224,0.6666667,903.25,310.75,False,60.00137708459985,-130.7286800164541,,-1,0.0,4.0
Act 2,s4,196,4,4.0,0.7475490570068359,0.7156863,288.0,349.75,False,65.40708422705961,-134.43651960106476,,-1,0.0,4.0
Act 2,s4,1205,4,4.0,0.7475490421056747,0.54901963,1136.5,583.5,False,58.83470227304362,-124.80977208597659,,-1,0.0,4.0
Act 2,s4,710,4,4.0,0.7450980544090271,0.7254902,647.25,228.5,False,61.87390836531221,-133.87174311073295,,-1,0.0,4.0
Act 2,s4,1911,4,4.0,0.7426470816135406,0.7058824,2195.0,889.5,False,50.61329579879915,-115.73365171766108,,-1,50.0,2.0
Act 2,s4,908,4,4.0,0.7352941334247589,0.627451,784.75,348.75,False,61.12240865073445,-130.85656996889787,,-1,0.0,4.0
Act 2,s4,1109,4,4.0,0.7303921729326248,0.7254902,980.25,354.5,False,59.49396942614547,-129.5152909136547,,-1,0.0,4.0
Act 2,s4,96,4,4.0,0.7279412001371384,0.5882353,163.5,110.0,False,65.52312081589392,-139.88211331467548,,-1,0.0,4.0
Act 2,s4,1130,4,4.0,0.7279411852359772,0.64705884,1011.0,314.5,False,59.11243318302347,-129.9881355295436,,-1,0.0,4.0
Act 2,s4,1475,4,4.0,0.7254902124404907,0.7058824,1425.75,315.5,False,55.68202876449236,-127.58513153981383,,-1,0.0,4.0
Act 2,s4,418,4,4.0,0.7230392396450043,0.61764705,439.75,388.25,False,64.21827377445676,-132.56723789295512,,-1,0.0,4.0
Act 2,s4,1176,4,4.0,0.7230392396450043,0.7058824,1081.5,225.5,False,58.24634744597746,-131.0007036311863,,-1,0.0,4.0
Act 2,s4,533,4,4.0,0.7205882519483566,0.5686275,505.75,734.25,False,64.75231697642222,-125.70164643409056,,-1,0.0,4.0
Act 2,s4,1209,4,4.0,0.7205882519483566,0.50980395,1139.5,585.5,False,58.81457463857085,-124.76071472709276,,-1,0.0,4.0
Act 2,s4,1523,4,4.0,0.7156863063573837,0.7058824,1479.5,361.0,False,55.366953268656424,-126.59758920428135,,-1,0.0,4.0
Act 2,s4,1258,4,4.0,0.7132352888584137,0.57843137,1177.0,270.75,False,57.59961213427565,-129.693486216837,,-1,75.0,1.0
Act 2,s4,2026,4,4.0,0.7058823704719543,0.64705884,2316.5,909.75,False,49.63467449822013,-115.07672842667581,,-1,0.0,4.0
Act 2,s4,508,4,4.0,0.7034313827753067,0.5882353,493.5,454.0,False,63.97636374329145,-130.9830382616197,,-1,0.0,4.0
Act 2,s4,1960,4,4.0,0.6911764740943909,0.5588235,2245.0,889.5,False,50.196089132970094,-115.5809934253629,,-1,50.0,2.0
Act 2,s4,248,4,4.0,0.6887255012989044,0.5588235,346.75,377.75,False,64.99455125252831,-133.46010689213452,,-1,0.0,4.0
Act 2,s4,651,4,4.0,0.6887255012989044,0.61764705,599.25,709.5,False,63.84210299770478,-125.59901083052247,,-1,0.0,4.0
Act 2,s4,200,4,4.0,0.6740196347236633,0.4901961,296.5,306.0,False,65.16598520253444,-135.17507443411844,,-1,0.0,4.0
Act 2,s4,514,4,4.0,0.6470588445663452,0.5,498.5,439.0,False,63.88176354073617,-131.22046480490843,,-1,0.0,4.0
Act 2,s4,1644,4,4.0,0.6470588371157646,0.4117647,1958.5,870.0,False,52.555332393835485,-116.78272102578532,,-1,0.0,4.0
Act 2,s4,979,4,4.0,0.6397058963775635,0.42156863,844.5,325.0,False,60.54080529525607,-130.86898259369966,,-1,0.0,4.0
Act 2,s4,1119,4,4.0,0.6372549384832382,0.4901961,994.5,224.0,False,58.960527191473275,-131.5757917009726,,-1,0.0,4.0
Act 2,s4,755,4,4.0,0.6348039284348488,0.3529412,698.5,243.25,False,61.49440875195492,-133.25159628289992,,-1,0.0,4.0
Act 2,s4,1460,4,4.0,0.6348039209842682,0.44117647,1399.0,570.5,False,56.58893065119858,-123.70476302701248,,-1,0.0,4.0
Act 2,s4,1186,4,4.0,0.6323529481887817,0.48039216,1094.75,334.75,False,58.476836766172184,-129.1487390584609,,-1,0.0,4.0
Act 2,s4,918,4,4.0,0.625,0.34313726,794.0,354.5,False,61.0628031487817,-130.697274686918,,-1,0.0,4.0
Act 2,s4,912,4,4.0,0.6127451062202454,0.48039216,788.75,349.75,False,61.09180642597901,-130.81308394509793,,-1,0.0,4.0
Act 2,s4,209,4,4.0,0.6102941334247589,0.44117647,307.5,306.0,False,65.0698756303464,-135.08672932773928,,-1,0.0,4.0
Act 2,s4,1103,4,4.0,0.5882353037595749,0.43137255,972.0,506.5,False,60.01808685517111,-127.00969311185521,,-1,0.0,4.0
Act 2,s4,497,4,4.0,0.5857843160629272,0.38235295,489.5,445.0,False,63.98081490116288,-131.17510317552671,,-1,0.0,4.0
Act 2,s4,896,3,3.0,1.0,1.0,770.6666666666666,521.0,False,61.7840260617764,-127.95829260438119,,-1,0.0,3.0
Act 2,s4,1861,3,3.0,1.0,1.0,2156.0,817.6666666666666,False,50.80810859629716,-116.9041712322992,,-1,100.0,0.0
Act 2,s4,2099,3,3.0,1.0,1.0,2760.3333333333335,668.6666666666666,False,45.523513013723964,-117.08387183564959,,-1,100.0,0.0
Act 2,s4,1691,3,3.0,0.9934640526771545,0.98039216,1983.0,783.6666666666666,False,52.184858332222454,-117.99285128992032,,-1,100.0,0.0
Act 2,s4,623,3,3.0,0.9444444378217062,0.9019608,583.3333333333334,257.3333333333333,False,62.517207871289756,-133.83955115864572,,-1,0.0,3.0
Act 2,s4,996,3,3.0,0.9379085103670756,0.88235295,861.6666666666666,834.3333333333334,False,61.85088355461967,-121.88081840338535,,-1,0.0,3.0
Act 2,s4,1889,3,3.0,0.9379084904988607,0.8137255,2175.0,809.0,False,50.63370363860591,-116.96822435003084,,-1,0.0,3.0
Act 2,s4,745,3,3.0,0.9281045794487,0.8627451,679.3333333333334,251.66666666666666,False,61.685199303026344,-133.24349987170402,,-1,0.0,3.0
Act 2,s4,1024,3,3.0,0.9281045794487,0.8039216,885.6666666666666,778.6666666666666,False,61.50106975931234,-122.75290007429413,,-1,0.0,3.0
Act 2,s4,568,3,3.0,0.9248365958531698,0.7745098,535.3333333333334,771.0,False,64.5910622619836,-124.82936612852912,,-1,0.0,3.0
Act 2,s4,154,3,3.0,0.9215686321258545,0.85294116,224.33333333333334,228.0,False,65.48842231194962,-137.20217536698806,,-1,0.0,3.0
Act 2,s4,1059,3,3.0,0.9215686321258545,0.7647059,928.3333333333334,414.6666666666667,False,60.11578166222675,-128.82415971499373,,-1,0.0,3.0
Act 2,s4,39,3,3.0,0.9183006485303243,0.8627451,128.33333333333334,275.0,False,66.52240574346008,-137.15658298810735,,-1,0.0,3.0
Act 2,s4,101,3,3.0,0.915032684803009,0.74509805,164.33333333333334,391.6666666666667,False,66.66719891097404,-134.64914122041387,,-1,0.0,3.0
Act 2,s4,335,3,3.0,0.9019607702891032,0.85294116,394.0,392.0,False,64.6316082632986,-132.83935117252994,,-1,0.0,3.0
Act 2,s4,471,3,3.0,0.8954248428344727,0.8627451,472.6666666666667,406.3333333333333,False,63.99474548313423,-131.99812202197157,,-1,0.0,3.0
Act 2,s4,857,3,3.0,0.8954248428344727,0.7745098,752.0,686.3333333333334,False,62.42638456538924,-125.1295019920316,,-1,0.0,3.0
Act 2,s4,897,3,3.0,0.8888889153798422,0.7941177,771.6666666666666,764.6666666666666,False,62.46595955005773,-123.60662116472983,,-1,0.0,3.0
Act 2,s4,90,3,3.0,0.8856209317843119,0.7647059,158.33333333333334,126.33333333333333,False,65.63745604382153,-139.63285803553865,,-1,0.0,3.0
Act 2,s4,2101,3,3.0,0.8856209317843119,0.84313726,2761.6666666666665,653.6666666666666,False,45.48437535783812,-117.27880724081818,,-1,100.0,0.0
Act 2,s4,157,3,3.0,0.885620911916097,0.7745098,225.0,337.0,False,65.91426422449945,-135.18164999656014,,-1,0.0,3.0
Act 2,s4,166,3,3.0,0.8823529481887817,0.8235294,235.0,156.0,False,65.10217811524211,-138.41932477376005,,-1,0.0,3.0
Act 2,s4,774,3,3.0,0.8823529283205668,0.8235294,711.6666666666666,724.6666666666666,False,62.88750391510406,-124.66551163131223,,-1,0.0,3.0
Act 2,s4,1045,3,3.0,0.8758170008659363,0.8039216,911.6666666666666,768.6666666666666,False,61.24860277180008,-122.79640385402061,,-1,0.0,3.0
Act 2,s4,457,3,3.0,0.8692810734113058,0.7941177,462.3333333333333,435.0,False,64.18427585995953,-131.5510714230305,,-1,0.0,3.0
Act 2,s4,558,3,3.0,0.8627450863520304,0.7745098,530.6666666666666,423.6666666666667,False,63.54948422150941,-131.27093356969198,,-1,0.0,3.0
Act 2,s4,998,3,3.0,0.8594771226247152,0.7352941,863.0,827.0,False,61.82103431723369,-122.00567748676255,,-1,0.0,3.0
Act 2,s4,103,3,3.0,0.8562091588973999,0.7745098,168.33333333333334,55.666666666666664,False,65.24712567903961,-140.8148920485263,,-1,0.0,3.0
Act 2,s4,735,3,3.0,0.8562091588973999,0.7745098,670.0,250.0,False,61.75806414599745,-133.338621111592,,-1,0.0,3.0
Act 2,s4,652,3,3.0,0.8496732314427694,0.7941177,601.0,436.0,False,62.980833653769366,-130.56301244674873,,-1,0.0,3.0
Act 2,s4,361,3,3.0,0.8496732115745544,0.74509805,414.3333333333333,452.6666666666667,False,64.66706180667043,-131.57372696957512,,-1,0.0,3.0
Act 2,s4,413,3,3.0,0.8496732115745544,0.74509805,437.3333333333333,391.3333333333333,False,64.25027599139256,-132.52898687692075,,-1,0.0,3.0
Act 2,s4,672,3,3.0,0.8464052279790243,0.78431374,615.6666666666666,466.6666666666667,False,62.95413111358266,-129.91617003295434,,-1,0.0,3.0
Act 2,s4,1202,3,3.0,0.843137284119924,0.7941177,1133.6666666666667,581.6666666666666,False,58.853850797725414,-124.85521432931219,,-1,0.0,3.0
Act 2,s4,644,3,3.0,0.843137264251709,0.7647059,595.3333333333334,225.33333333333334,False,62.30052208145694,-134.30675494188986,,-1,0.0,3.0
Act 2,s4,20,3,3.0,0.8398693005243937,0.7156863,105.33333333333333,256.3333333333333,False,66.64883351532045,-137.70777941354058,,-1,0.0,3.0
Act 2,s4,1597,3,3.0,0.8398692806561788,0.74509805,1906.0,684.3333333333334,False,52.62261910951585,-119.76087794480976,,-1,0.0,3.0
Act 2,s4,64,3,3.0,0.8366013367970785,0.7156863,142.33333333333334,384.6666666666667,False,66.83771399269787,-134.96427004719646,,-1,0.0,3.0
Act 2,s4,608,3,3.0,0.8366013367970785,0.754902,575.6666666666666,467.6666666666667,False,63.30489396368827,-130.16762775819228,,-1,0.0,3.0
Act 2,s4,1235,3,3.0,0.8366013169288635,0.7647059,1161.6666666666667,244.0,False,57.643507602824805,-130.21252799972456,,-1,0.0,3.0
Act 2,s4,479,3,3.0,0.8333333730697632,0.7156863,477.3333333333333,724.3333333333334,False,64.97981741486126,-126.064755007104,,-1,0.0,3.0
Act 2,s4,68,3,3.0,0.8333333532015482,0.7058824,143.0,258.0,False,66.32297359542186,-137.34687323002427,,-1,0.0,3.0
Act 2,s4,310,3,3.0,0.8333333532015482,0.74509805,378.0,472.3333333333333,False,65.05672706726746,-131.47412731754503,,-1,0.0,3.0
Act 2,s4,430,3,3.0,0.8300653696060181,0.7254902,446.3333333333333,427.0,False,64.29670443616192,-131.81265226207555,,-1,0.0,3.0
Act 2,s4,1193,3,3.0,0.8300653696060181,0.7352941,1104.6666666666667,490.3333333333333,False,58.84892996840027,-126.53177425791709,,-1,0.0,3.0
Act 2,s4,254,3,3.0,0.8300653497378031,0.7745098,349.0,456.0,False,65.2566967525963,-131.99232070707967,,-1,0.0,3.0
Act 2,s4,1161,3,3.0,0.8235294222831726,0.7058824,1065.6666666666667,396.6666666666667,False,58.90583483300151,-128.30437154272983,,-1,0.0,3.0
Act 2,s4,1592,3,3.0,0.8202614784240723,0.754902,1901.3333333333333,701.3333333333334,False,52.697473850066984,-119.52387170651397,,-1,0.0,3.0
Act 2,s4,37,3,3.0,0.8104575475056967,0.7647059,128.66666666666666,64.33333333333333,False,65.6233718854745,-141.02434124535458,,-1,0.0,3.0
Act 2,s4,1203,3,3.0,0.8104575276374817,0.7156863,1134.3333333333333,586.3333333333334,False,58.8606123072235,-124.7738091464552,,-1,0.0,3.0
Act 2,s4,1863,3,3.0,0.8104575276374817,0.7745098,2156.3333333333335,813.0,False,50.79660617465936,-116.97110257938661,,-1,100.0,0.0
Act 2,s4,1043,3,3.0,0.8104575077692667,0.7352941,912.0,221.0,False,59.63460941149748,-132.16320255811308,,-1,0.0,3.0
Act 2,s4,23,3,3.0,0.8071895440419515,0.7941177,117.66666666666667,334.3333333333333,False,66.85889946787948,-136.12967692820342,,-1,0.0,3.0
Act 2,s4,1121,3,3.0,0.8071895440419515,0.7156863,997.0,308.6666666666667,False,59.21093016321119,-130.17101734674586,,-1,0.0,3.0
Act 2,s4,1559,3,3.0,0.8071895440419515,0.7254902,1837.0,708.0,False,53.24756391092801,-119.66994578412734,,-1,0.0,3.0
Act 2,s4,128,3,3.0,0.8039215803146362,0.7647059,196.0,405.0,False,66.43425385569394,-134.13796271111735,,-1,0.0,3.0
Act 2,s4,578,3,3.0,0.8039215803146362,0.7254902,544.0,411.0,False,63.39076434435543,-131.4049446235315,,-1,0.0,3.0
Act 2,s4,1111,3,3.0,0.8039215803146362,0.7647059,984.6666666666666,294.3333333333333,False,59.268498796232294,-130.48449205403534,,-1,0.0,3.0
Act 2,s4,1534,3,3.0,0.8006535967191061,0.7745098,1753.6666666666667,750.3333333333334,False,54.033416823069174,-119.34550317681129,,-1,0.0,3.0
Act 2,s4,1290,3,3.0,0.7973856528600057,0.7254902,1204.0,194.0,False,57.13908892253943,-130.75019567788274,,-1,100.0,0.0
Act 2,s4,1424,3,3.0,0.7973856528600057,0.7254902,1347.3333333333333,339.0,False,56.39536847734839,-127.6423483687073,,-1,100.0,0.0
Act 2,s4,2144,3,3.0,0.7973856528600057,0.7647059,2828.0,931.0,False,45.41018353022478,-113.4054851189841,,-1,100.0,0.0
Act 2,s4,203,3,3.0,0.7941176493962606,0.7352941,301.0,307.0,False,65.1304821793614,-135.12054434604374,,-1,0.0,3.0
Act 2,s4,612,3,3.0,0.7941176493962606,0.7745098,577.6666666666666,472.3333333333333,False,63.302770711063246,-130.0700533369954,,-1,0.0,3.0
Act 2,s4,1260,3,3.0,0.7941176493962606,0.7254902,1176.3333333333333,550.3333333333334,False,58.409059921332215,-125.15176205871911,,-1,0.0,3.0
Act 2,s4,1870,3,3.0,0.7941176493962606,0.7647059,2162.0,811.0,False,50.74567447442125,-116.98166687295412,,-1,33.333333333333336,2.0
Act 2,s4,2028,3,3.0,0.7941176493962606,0.7058824,2318.3333333333335,904.6666666666666,False,49.61072393114261,-115.14417594836264,,-1,0.0,3.0
Act 2,s4,17,3,3.0,0.7908496856689453,0.7352941,98.0,117.66666666666667,False,66.12093166620485,-140.34044768511734,,-1,0.0,3.0
Act 2,s4,433,3,3.0,0.7908496856689453,0.7156863,448.3333333333333,429.6666666666667,False,64.28844533072989,-131.74942765068485,,-1,0.0,3.0
Act 2,s4,1238,3,3.0,0.7908496856689453,0.7058824,1161.3333333333333,569.3333333333334,False,58.58662819190834,-124.91567146589963,,-1,0.0,3.0
Act 2,s4,1726,3,3.0,0.7908496856689453,0.7647059,2012.6666666666667,766.3333333333334,False,51.903280635719995,-118.14606884932151,,-1,0.0,3.0
Act 2,s4,1891,3,3.0,0.7908496856689453,0.7254902,2175.6666666666665,787.0,False,50.586674003789824,-117.28542962744031,,-1,0.0,3.0
Act 2,s4,1925,3,3.0,0.7908496856689453,0.7254902,2207.0,817.3333333333334,False,50.38286399629425,-116.7436265871544,,-1,0.0,3.0
Act 2,s4,435,3,3.0,0.7875816822052002,0.6960784,450.0,426.0,False,64.26111876756993,-131.80434267264536,,-1,0.0,3.0
Act 2,s4,145,3,3.0,0.7843137383460999,0.7058824,216.66666666666666,205.66666666666666,False,65.4643585010613,-137.67598808177985,,-1,0.0,3.0
Act 2,s4,160,3,3.0,0.7843137383460999,0.7058824,228.66666666666666,146.33333333333334,False,65.1166108858045,-138.64865936399636,,-1,0.0,3.0
Act 2,s4,1840,3,3.0,0.7843137383460999,0.7352941,2138.0,851.3333333333334,False,51.02038557588244,-116.47047042933204,,-1,100.0,0.0
Act 2,s4,245,3,3.0,0.7810457746187845,0.7647059,345.0,380.0,False,65.01817644277868,-133.43208107073426,,-1,0.0,3.0
Act 2,s4,370,3,3.0,0.7810457746187845,0.7058824,417.6666666666667,415.6666666666667,False,64.50829481567858,-132.22959412468626,,-1,0.0,3.0
Act 2,s4,515,3,3.0,0.7810457746187845,0.7156863,499.0,417.6666666666667,False,63.804493215042655,-131.60354895495476,,-1,0.0,3.0
Act 2,s4,1246,3,3.0,0.7810457746187845,0.754902,1166.6666666666667,262.6666666666667,False,57.66007379137032,-129.88424432043504,,-1,100.0,0.0
Act 2,s4,43,3,3.0,0.7810457547505697,0.7352941,130.33333333333334,325.3333333333333,False,66.70936761082116,-136.19195138410768,,-1,0.0,3.0
Act 2,s4,2006,3,3.0,0.7810457547505697,0.754902,2278.3333333333335,695.3333333333334,False,49.55711955641181,-118.25663574779057,,-1,100.0,0.0
Act 2,s4,1403,3,3.0,0.7777777910232544,0.7254902,1330.6666666666667,361.6666666666667,False,56.59782143652179,-127.37577247401556,,-1,100.0,0.0
Act 2,s4,14,3,3.0,0.7777777711550394,0.7352941,86.0,224.0,False,66.68374843082486,-138.48493030764467,,-1,0.0,3.0
Act 2,s4,1518,3,3.0,0.7777777711550394,0.74509805,1466.0,345.0,False,55.43383336628365,-126.91517984667843,,-1,0.0,3.0
Act 2,s4,252,3,3.0,0.7745098272959391,0.754902,349.0,194.33333333333334,False,64.27837245480993,-136.77065017817998,,-1,0.0,3.0
Act 2,s4,503,3,3.0,0.7745098074277242,0.7254902,491.0,740.6666666666666,False,64.90435471087704,-125.67059813326642,,-1,0.0,3.0
Act 2,s4,1002,3,3.0,0.7745098074277242,0.7058824,864.6666666666666,504.3333333333333,False,60.926957406215536,-127.67749920961927,,-1,0.0,3.0
Act 2,s4,104,3,3.0,0.7712418635686239,0.67647064,169.0,98.0,False,65.42445369816092,-140.04903717808003,,-1,0.0,3.0
Act 2,s4,619,3,3.0,0.7712418437004089,0.7058824,581.3333333333334,282.6666666666667,False,62.6244677703054,-133.41182718563587,,-1,0.0,3.0
Act 2,s4,1546,3,3.0,0.7712418437004089,0.7254902,1824.0,655.3333333333334,False,53.24188605291126,-120.51840872222374,,-1,0.0,3.0
Act 2,s4,1504,3,3.0,0.771241823832194,0.7254902,1451.6666666666667,329.3333333333333,False,55.50796350216105,-127.23286121905684,,-1,0.0,3.0
Act 2,s4,2058,3,3.0,0.7679738799730936,0.754902,2373.3333333333335,825.3333333333334,False,49.014191409891296,-116.1085658891173,,-1,100.0,0.0
Act 2,s4,168,3,3.0,0.7679738601048788,0.7352941,236.33333333333334,289.6666666666667,False,65.62946035277318,-135.96723136444402,,-1,0.0,3.0
Act 2,s4,272,3,3.0,0.7679738601048788,0.7058824,357.3333333333333,444.6666666666667,False,65.14260784594627,-132.1413109751825,,-1,0.0,3.0
Act 2,s4,353,3,3.0,0.7679738601048788,0.7254902,408.0,456.0,False,64.73449727924564,-131.5582397922646,,-1,0.0,3.0
Act 2,s4,1590,3,3.0,0.7679738601048788,0.71568626,1895.3333333333333,689.3333333333334,False,52.72199062248629,-119.72683714770142,,-1,0.0,3.0
Act 2,s4,2036,3,3.0,0.7647058963775635,0.6960784,2332.0,677.0,False,49.076876610965336,-118.33403044871037,,-1,66.66666666666667,1.0
Act 2,s4,570,3,3.0,0.7614379326502482,0.627451,537.0,458.0,False,63.609786836683874,-130.60690803621424,,-1,0.0,3.0
Act 2,s4,1872,3,3.0,0.7614379326502482,0.7352941,2164.0,795.6666666666666,False,50.70015630883117,-117.19817782733696,,-1,0.0,3.0
Act 2,s4,705,3,3.0,0.7614379127820333,0.7058824,642.3333333333334,474.6666666666667,False,62.74878490259814,-129.59625375020792,,-1,0.0,3.0
Act 2,s4,843,3,3.0,0.758169949054718,0.7352941,744.0,456.0,False,61.81309981495135,-129.26518780267932,,-1,0.0,3.0
Act 2,s4,903,3,3.0,0.758169949054718,0.7254902,776.0,766.6666666666666,False,62.43303190879705,-123.54697052995998,,-1,0.0,3.0
Act 2,s4,1971,3,3.0,0.758169949054718,0.7058824,2253.3333333333335,780.3333333333334,False,49.92855441099628,-117.1267511335595,,-1,0.0,3.0
Act 2,s4,251,3,3.0,0.7549019853274027,0.7058824,348.0,458.6666666666667,False,65.27501995717255,-131.95000740056363,,-1,0.0,3.0
Act 2,s4,1330,3,3.0,0.7549019853274027,0.7156863,1261.6666666666667,399.6666666666667,False,57.2781979396237,-127.1468352521255,,-1,0.0,3.0
Act 2,s4,1973,3,3.0,0.7549019853274027,0.7254902,2253.3333333333335,867.6666666666666,False,50.08817598241863,-115.870873242105,,-1,100.0,0.0
Act 2,s4,2076,3,3.0,0.7549019853274027,0.7254902,2471.0,913.3333333333334,False,48.35318238415004,-114.58522514180287,,-1,100.0,0.0
Act 2,s4,1037,3,3.0,0.7549019654591879,0.74509805,904.0,228.0,False,59.724379680063365,-132.10051115995623,,-1,0.0,3.0
Act 2,s4,1906,3,3.0,0.7549019654591879,0.7352941,2185.0,891.0,False,50.69942164481112,-115.74258351969206,,-1,100.0,0.0
Act 2,s4,1682,3,3.0,0.7516340216000875,0.74509805,1976.6666666666667,871.6666666666666,False,52.406272816054845,-116.6968598596877,,-1,0.0,3.0
Act 2,s4,339,3,3.0,0.7516340017318726,0.64705884,396.0,449.0,False,64.815998140778,-131.77520292037198,,-1,0.0,3.0
Act 2,s4,1744,3,3.0,0.7516340017318726,0.7254902,2027.0,887.3333333333334,False,52.01365098179916,-116.29656824553543,,-1,0.0,3.0
Act 2,s4,1611,3,3.0,0.7516339818636576,0.71568626,1920.0,729.3333333333334,False,52.600456136621524,-119.03366746576523,,-1,66.66666666666667,1.0
Act 2,s4,716,3,3.0,0.7483660380045573,0.7352941,658.3333333333334,736.3333333333334,False,63.392239337417884,-124.75697268146729,,-1,0.0,3.0
Act 2,s4,1566,3,3.0,0.7483660380045573,0.7156863,1843.3333333333333,708.3333333333334,False,53.19546563751824,-119.64044263564892,,-1,33.333333333333336,2.0
Act 2,s4,1930,3,3.0,0.7483660380045573,0.7156863,2213.0,664.6666666666666,False,50.036053249716836,-118.91986119645244,,-1,66.66666666666667,1.0
Act 2,s4,1380,3,3.0,0.7483660181363424,0.7352941,1302.6666666666667,313.6666666666667,False,56.690777381157204,-128.2879564249667,,-1,100.0,0.0
Act 2,s4,1825,3,3.0,0.7483660181363424,0.7058824,2117.0,671.0,False,50.843635087789046,-119.17156345042325,,-1,0.0,3.0
Act 2,s4,724,3,3.0,0.7450980742772421,0.7156863,661.3333333333334,254.33333333333334,False,61.84638264835494,-133.32602919291676,,-1,0.0,3.0
Act 2,s4,359,3,3.0,0.7450980544090271,0.7352941,412.3333333333333,486.6666666666667,False,64.80193827405012,-130.95937446032968,,-1,0.0,3.0
Act 2,s4,1099,3,3.0,0.7450980544090271,0.7058824,970.0,227.66666666666666,False,59.175449817217526,-131.67387619271764,,-1,0.0,3.0
Act 2,s4,161,3,3.0,0.7450980345408121,0.7254902,229.0,284.0,False,65.67144691584278,-136.13284898914054,,-1,0.0,3.0
Act 2,s4,319,3,3.0,0.7418300906817118,0.7058824,385.3333333333333,419.0,False,64.80418079608864,-132.40784713841893,,-1,0.0,3.0
Act 2,s4,1129,3,3.0,0.7418300906817118,0.7058824,1009.3333333333334,273.6666666666667,False,58.99751202944535,-130.66942396647107,,-1,0.0,3.0
Act 2,s4,1909,3,3.0,0.741830070813497,0.7058824,2194.0,713.0,False,50.29067654957487,-118.29268953503595,,-1,0.0,3.0
Act 2,s4,327,3,3.0,0.7385621070861816,0.6666667,389.0,447.0,False,64.8707915531436,-131.86358316611563,,-1,0.0,3.0
Act 2,s4,536,3,3.0,0.7385621070861816,0.7254902,506.3333333333333,746.6666666666666,False,64.78321981966904,-125.46333041846468,,-1,0.0,3.0
Act 2,s4,1920,3,3.0,0.7385621070861816,0.6862745,2201.0,689.0,False,50.18468190922099,-118.61333566919917,,-1,0.0,3.0
Act 2,s4,1425,3,3.0,0.7385620872179667,0.7058824,1348.3333333333333,390.6666666666667,False,56.53324936398725,-126.8223460690368,,-1,0.0,3.0
Act 2,s4,2080,3,3.0,0.7385620872179667,0.7352941,2552.0,880.0,False,47.62371549315537,-114.82388446549292,,-1,100.0,0.0
Act 2,s4,175,3,3.0,0.7352941433588663,0.63725495,250.0,319.0,False,65.62390373372834,-135.3121010769527,,-1,0.0,3.0
Act 2,s4,1127,3,3.0,0.7352941433588663,0.63725495,1008.0,324.0,False,59.16711329741225,-129.85000750788703,,-1,0.0,3.0
Act 2,s4,683,3,3.0,0.7352941234906515,0.7058824,623.0,489.0,False,62.96243052514442,-129.4676769770369,,-1,0.0,3.0
Act 2,s4,1339,3,3.0,0.7287581960360209,0.7156863,1269.3333333333333,372.6666666666667,False,57.13750481056234,-127.5367102508748,,-1,0.0,3.0
Act 2,s4,581,3,3.0,0.728758176167806,0.7254902,552.6666666666666,755.3333333333334,False,64.3903502593388,-125.02160107822137,,-1,0.0,3.0
Act 2,s4,1908,3,3.0,0.728758176167806,0.7254902,2193.0,824.0,False,50.511737742427734,-116.69208488851285,,-1,66.66666666666667,1.0
Act 2,s4,1173,3,3.0,0.7254902124404907,0.7058824,1080.0,379.6666666666667,False,58.73518263172447,-128.50041319670623,,-1,0.0,3.0
Act 2,s4,1508,3,3.0,0.7254901925722758,0.71568626,1454.6666666666667,568.3333333333334,False,56.11755640773697,-123.47371084370408,,-1,0.0,3.0
Act 2,s4,2153,3,3.0,0.7254901925722758,0.71568626,2858.0,840.0,False,45.015708987950255,-114.53858402760373,,-1,100.0,0.0
Act 2,s4,1603,3,3.0,0.7222222288449606,0.7058824,1912.6666666666667,596.3333333333334,False,52.3750383925364,-121.047031868575,,-1,0.0,3.0
Act 2,s4,1890,3,3.0,0.7222222288449606,0.7058824,2174.3333333333335,902.3333333333334,False,50.8084348444265,-115.60986381551417,,-1,0.0,3.0
Act 2,s4,1190,3,3.0,0.7189542651176453,0.6862745,1102.0,646.0,False,59.29234782169979,-123.93905179850017,,-1,0.0,3.0
Act 2,s4,1520,3,3.0,0.7189542651176453,0.7058824,1469.3333333333333,351.0,False,55.42306019020958,-126.80499194542666,,-1,0.0,3.0
Act 2,s4,1782,3,3.0,0.7189542651176453,0.7058824,2059.6666666666665,905.6666666666666,False,51.77323289392995,-115.91848227429696,,-1,0.0,3.0
Act 2,s4,667,3,3.0,0.7189542452494303,0.30392158,614.3333333333334,281.3333333333333,False,62.33914503459049,-133.19599123668698,,-1,0.0,3.0
Act 2,s4,284,3,3.0,0.71568630139033,0.64705884,363.3333333333333,449.6666666666667,False,65.10718017398136,-132.00373310327225,,-1,0.0,3.0
Act 2,s4,1608,3,3.0,0.71568630139033,0.7058824,1917.3333333333333,738.6666666666666,False,52.641904237002606,-118.90350771941799,,-1,0.0,3.0
Act 2,s4,1854,3,3.0,0.7156862815221151,0.7058824,2149.6666666666665,653.6666666666666,False,50.53732604949594,-119.3040625773767,,-1,66.66666666666667,1.0
Act 2,s4,1656,3,3.0,0.7124183376630148,0.7058824,1965.0,719.0,False,52.20445164248298,-119.02144872516858,,-1,0.0,3.0
Act 2,s4,2129,3,3.0,0.7124183376630148,0.7058824,2793.0,862.0,False,45.591471173821546,-114.41666369071339,,-1,100.0,0.0
Act 2,s4,1420,3,3.0,0.7124183177947998,0.7058824,1344.0,391.0,False,56.570101880744495,-126.84018577741355,,-1,33.333333333333336,2.0
Act 2,s4,1462,3,3.0,0.7124183177947998,0.7058824,1403.6666666666667,568.3333333333334,False,56.544372411961604,-123.71695152644845,,-1,0.0,3.0
Act 2,s4,92,3,3.0,0.7091503540674845,0.61764705,159.0,245.0,False,66.12877861694655,-137.4497337518602,,-1,0.0,3.0
Act 2,s4,1484,3,3.0,0.7091503341992696,0.6666667,1435.0,320.0,False,55.618723813727286,-127.46589572964292,,-1,0.0,3.0
Act 2,s4,1411,3,3.0,0.7058823704719543,0.627451,1337.0,425.0,False,56.72258324808937,-126.33803903081366,,-1,0.0,3.0
Act 2,s4,2071,3,3.0,0.7058823704719543,0.67647064,2450.3333333333335,899.6666666666666,False,48.5025133359528,-114.83498954193081,,-1,33.333333333333336,2.0
Act 2,s4,2166,3,3.0,0.7058823704719543,0.7058824,2969.0,799.0,False,44.026837294959535,-114.78605434900719,,-1,100.0,0.0
Act 2,s4,1443,3,3.0,0.6993464430173238,0.627451,1368.0,325.0,False,56.18472794568461,-127.74932985903801,,-1,0.0,3.0
Act 2,s4,1670,3,3.0,0.6960784395535787,0.65686274,1971.0,626.0,False,51.957480492585404,-120.37737765531169,,-1,0.0,3.0
Act 2,s4,260,3,3.0,0.6928104758262634,0.5882353,352.0,275.0,False,64.56467523012498,-135.29576822388154,,-1,0.0,3.0
Act 2,s4,1301,3,3.0,0.6830065647761027,0.627451,1221.0,446.0,False,57.74786331204253,-126.62123298506182,,-1,0.0,3.0
Act 2,s4,1395,3,3.0,0.6797385811805725,0.60784316,1322.0,387.0,False,56.74129762876742,-127.02151473832612,,-1,0.0,3.0
Act 2,s4,110,3,3.0,0.6764705975850424,0.57843137,173.0,294.0,False,66.20436960676292,-136.41769752424634,,-1,0.0,3.0
Act 2,s4,85,3,3.0,0.6699346701304117,0.50980395,154.66666666666666,109.33333333333333,False,65.59615250128667,-139.97399538130173,,-1,0.0,3.0
Act 2,s4,1694,3,3.0,0.6633987029393514,0.5,1986.0,717.0,False,52.02564127072443,-118.97394004444867,,-1,0.0,3.0
Act 2,s4,560,3,3.0,0.6535947918891907,0.50980395,531.0,642.0,False,64.25028454818253,-127.27252596760817,,-1,0.0,3.0
Act 2,s4,519,3,3.0,0.6470588545004526,0.47058824,499.0,455.0,False,63.931624345933145,-130.92615428873862,,-1,0.0,3.0
Act 2,s4,593,3,3.0,0.6045751869678497,0.27450982,561.0,471.6666666666667,False,63.44577205439948,-130.19521341820246,,-1,0.0,3.0
Act 2,s4,1291,3,3.0,0.6045751869678497,0.3529412,1207.0,434.0,False,57.83115306115765,-126.89231110638487,,-1,0.0,3.0
Act 2,s4,235,2,2.0,1.0,1.0,331.0,563.5,False,65.79068850131897,-130.09875251070457,,-1,0.0,2.0
Act 2,s4,1806,2,2.0,0.9705882668495178,0.9509804,2083.5,925.0,False,51.6078747992732,-115.5563706038602,,-1,0.0,2.0
Act 2,s4,445,2,2.0,0.9705882370471954,0.9411765,454.0,413.5,False,64.1826198330528,-132.00328111077044,,-1,0.0,2.0
Act 2,s4,18,2,2.0,0.9656862616539001,0.9313725,101.0,114.5,False,66.08114435332334,-140.37059514496923,,-1,0.0,2.0
Act 2,s4,416,2,2.0,0.9607843160629272,0.92156863,438.5,420.0,False,64.34091552485393,-131.99756130709272,,-1,0.0,2.0
Act 2,s4,474,2,2.0,0.9607843160629272,0.92156863,474.0,399.5,False,63.95932861111631,-132.1123339431796,,-1,0.0,2.0
Act 2,s4,2088,2,2.0,0.9558823704719543,0.91176474,2747.5,669.0,False,45.63008471890259,-117.1180256065564,,-1,100.0,0.0
Act 2,s4,312,2,2.0,0.9509804248809814,0.9509804,378.5,479.5,False,65.07721185628417,-131.33704013970157,,-1,0.0,2.0
Act 2,s4,523,2,2.0,0.9509803950786591,0.9019608,500.0,761.5,False,64.88342424920782,-125.22062579695933,,-1,0.0,2.0
Act 2,s4,2159,2,2.0,0.9460784196853638,0.89215684,2905.5,1212.5,False,45.149174608929336,-109.47103155786218,,-1,100.0,0.0
Act 2,s4,1027,2,2.0,0.9362744987010956,0.9019608,890.0,322.5,False,60.150259349505816,-130.6167822896392,,-1,0.0,2.0
Act 2,s4,1733,2,2.0,0.9313725233078003,0.9313725,2016.5,626.0,False,51.58071595384058,-120.20198854193734,,-1,100.0,0.0
Act 2,s4,473,2,2.0,0.9264705777168274,0.92156863,472.5,426.5,False,64.06604819544889,-131.63294263158605,,-1,0.0,2.0
Act 2,s4,27,2,2.0,0.9215686321258545,0.84313726,122.0,75.5,False,65.7295113281262,-140.8846754087803,,-1,0.0,2.0
Act 2,s4,1531,2,2.0,0.9166666865348816,0.8333334,1724.0,672.5,False,54.11306093478252,-120.66125445759322,,-1,0.0,2.0
Act 2,s4,257,2,2.0,0.9117647111415863,0.8235294,350.0,447.5,False,65.2176608750533,-132.14329006981166,,-1,0.0,2.0
Act 2,s4,1183,2,2.0,0.9117647111415863,0.8627451,1092.0,394.5,False,58.67884352855405,-128.18654315910416,,-1,0.0,2.0
Act 2,s4,645,2,2.0,0.9068627655506134,0.8235294,595.5,231.0,False,62.31956150089801,-134.20740715706683,,-1,0.0,2.0
Act 2,s4,1539,2,2.0,0.9068627655506134,0.8333334,1783.0,697.5,False,53.675485864705465,-120.040866759393,,-1,0.0,2.0
Act 2,s4,507,2,2.0,0.906862735748291,0.85294116,492.5,451.5,False,63.97664680222375,-131.03560225861753,,-1,0.0,2.0
Act 2,s4,696,2,2.0,0.906862735748291,0.8137255,634.5,791.0,False,63.7549530179305,-123.88168694549505,,-1,0.0,2.0
Act 2,s4,1951,2,2.0,0.9019607901573181,0.8039216,2236.5,785.5,False,50.078128393768274,-117.10731541927717,,-1,0.0,2.0
Act 2,s4,208,2,2.0,0.8970588445663452,0.8333334,306.0,110.5,False,64.30863758145276,-138.62188142216365,,-1,0.0,2.0
Act 2,s4,1335,2,2.0,0.8970588445663452,0.7941177,1265.5,720.0,False,58.08289285455137,-121.90171682441014,,-1,0.0,2.0
Act 2,s4,1662,2,2.0,0.8921568989753723,0.8333334,1967.0,733.5,False,52.21755286364586,-118.79818170787644,,-1,0.0,2.0
Act 2,s4,776,2,2.0,0.8921568691730499,0.84313726,713.5,212.0,False,61.25905484264737,-133.67723385088433,,-1,0.0,2.0
Act 2,s4,112,2,2.0,0.8872548937797546,0.7745098,176.0,328.5,False,66.31534231021608,-135.7463460348226,,-1,0.0,2.0
Act 2,s4,138,2,2.0,0.8872548937797546,0.7745098,206.0,285.5,False,65.87942800608539,-136.29739650590804,,-1,0.0,2.0
Act 2,s4,258,2,2.0,0.8872548937797546,0.7745098,351.5,452.5,False,65.22210617348321,-132.03896032895673,,-1,0.0,2.0
Act 2,s4,25,2,2.0,0.8823529481887817,0.84313726,120.0,79.5,False,65.76422304468787,-140.83089526852785,,-1,0.0,2.0
Act 2,s4,106,2,2.0,0.8823529481887817,0.7941177,170.5,292.0,False,66.2184301218464,-136.47626782035172,,-1,0.0,2.0
Act 2,s4,264,2,2.0,0.8774510025978088,0.754902,353.5,455.0,False,65.21321688644905,-131.9774946474331,,-1,0.0,2.0
Act 2,s4,1223,2,2.0,0.8774510025978088,0.7941177,1151.0,555.5,False,58.637003359066775,-125.19955430755192,,-1,0.0,2.0
Act 2,s4,1739,2,2.0,0.8774510025978088,0.754902,2021.0,752.5,False,51.80635563840595,-118.32154174304839,,-1,0.0,2.0
Act 2,s4,72,2,2.0,0.8725490272045135,0.8235294,147.5,140.5,False,65.79143679485145,-139.47271340852723,,-1,0.0,2.0
Act 2,s4,677,2,2.0,0.8676470816135406,0.754902,617.5,464.0,False,62.929584510212216,-129.95158154392374,,-1,0.0,2.0
Act 2,s4,929,2,2.0,0.8676470518112183,0.7745098,812.0,505.5,False,61.381720722461985,-127.97593147477286,,-1,0.0,2.0
Act 2,s4,406,2,2.0,0.8627451062202454,0.8137255,435.0,482.5,False,64.5872913248026,-130.87460276760183,,-1,0.0,2.0
Act 2,s4,481,2,2.0,0.8627451062202454,0.85294116,479.5,429.0,False,64.01349866535296,-131.53729790071674,,-1,0.0,2.0
Act 2,s4,682,2,2.0,0.8627451062202454,0.7647059,622.5,698.5,False,63.60360938240853,-125.66341949490324,,-1,0.0,2.0
Act 2,s4,719,2,2.0,0.8627451062202454,0.7254902,659.5,242.5,False,61.820241569969085,-133.5427089052813,,-1,0.0,2.0
Act 2,s4,922,2,2.0,0.8627451062202454,0.78431374,800.5,248.5,False,60.65651261168315,-132.45371225636643,,-1,0.0,2.0
Act 2,s4,1542,2,2.0,0.8627451062202454,0.85294116,1795.0,640.5,False,53.450236380582204,-120.86007376573734,,-1,0.0,2.0
Act 2,s4,279,2,2.0,0.8578431606292725,0.7156863,362.5,436.5,False,65.06786357294787,-132.25446073373467,,-1,0.0,2.0
Act 2,s4,424,2,2.0,0.8578431606292725,0.84313726,440.5,480.0,False,64.53024098882156,-130.88161278970676,,-1,0.0,2.0
Act 2,s4,678,2,2.0,0.8578431606292725,0.754902,618.5,447.0,False,62.86555415514341,-130.24828274614117,,-1,0.0,2.0
Act 2,s4,53,2,2.0,0.8578431308269501,0.85294116,137.0,89.5,False,65.66207429348056,-140.49359430086918,,-1,0.0,2.0
Act 2,s4,1314,2,2.0,0.8529412150382996,0.8333334,1232.5,675.5,False,58.255544646246136,-122.7961180066101,,-1,0.0,2.0
Act 2,s4,5,2,2.0,0.8529411554336548,0.7352941,37.0,226.5,False,67.12808642918418,-138.88229769205057,,-1,0.0,2.0
Act 2,s4,959,2,2.0,0.8529411554336548,0.8137255,832.5,492.5,False,61.16683134744233,-128.07665709171246,,-1,0.0,2.0
Act 2,s4,71,2,2.0,0.8480392396450043,0.7156863,147.5,135.0,False,65.76794378631128,-139.57288428315252,,-1,0.0,2.0
Act 2,s4,791,2,2.0,0.8480392396450043,0.754902,721.0,236.5,False,61.2818106042022,-133.20776481359184,,-1,0.0,2.0
Act 2,s4,1624,2,2.0,0.8480392396450043,0.78431374,1936.0,863.5,False,52.73165775948353,-116.95678380701013,,-1,0.0,2.0
Act 2,s4,788,2,2.0,0.8480392098426819,0.7254902,720.5,341.5,False,61.64329431627102,-131.4107437189041,,-1,0.0,2.0
Act 2,s4,816,2,2.0,0.8480392098426819,0.8039216,733.0,796.5,False,62.89177513006311,-123.23690983850236,,-1,0.0,2.0
Act 2,s4,2031,2,2.0,0.8480392098426819,0.7352941,2319.5,914.0,False,49.6168714111312,-115.00708698688457,,-1,0.0,2.0
Act 2,s4,289,2,2.0,0.843137264251709,0.7941177,367.5,446.5,False,65.05909491332164,-132.0316518780848,,-1,0.0,2.0
Act 2,s4,516,2,2.0,0.843137264251709,0.8333334,498.0,428.5,False,63.850321112881204,-131.41447660323934,,-1,0.0,2.0
Act 2,s4,702,2,2.0,0.843137264251709,0.8235294,640.5,471.5,False,62.754504122566274,-129.66480203887443,,-1,0.0,2.0
Act 2,s4,780,2,2.0,0.843137264251709,0.7058824,716.0,337.5,False,61.66817379046328,-131.51038665054432,,-1,0.0,2.0
Act 2,s4,1146,2,2.0,0.843137264251709,0.84313726,1039.0,551.5,False,59.57571757460219,-125.87037606004199,,-1,0.0,2.0
Act 2,s4,1857,2,2.0,0.843137264251709,0.8137255,2152.0,785.5,False,50.78067050912741,-117.38595568226324,,-1,0.0,2.0
Act 2,s4,403,2,2.0,0.8382353186607361,0.7941177,435.0,263.5,False,63.80572931781238,-134.8503210812751,,-1,0.0,2.0
Act 2,s4,1139,2,2.0,0.8382353186607361,0.8333334,1020.0,342.5,False,59.12416816016606,-129.47122312898932,,-1,0.0,2.0
Act 2,s4,1828,2,2.0,0.8382353186607361,0.7941177,2119.0,782.5,False,51.04949298342535,-117.54061715963086,,-1,0.0,2.0
Act 2,s4,451,2,2.0,0.8382352888584137,0.7745098,459.5,411.0,False,64.12585963274837,-132.00882206519037,,-1,0.0,2.0
Act 2,s4,950,2,2.0,0.8382352888584137,0.7745098,828.5,797.0,False,62.049232417289815,-122.72128822796338,,-1,0.0,2.0
Act 2,s4,76,2,2.0,0.8333333730697632,0.7941177,151.0,74.5,False,65.47690734531874,-140.63577989109723,,-1,0.0,2.0
Act 2,s4,1467,2,2.0,0.8333333730697632,0.754902,1411.5,564.0,False,56.467846729953045,-123.74847377056263,,-1,50.0,1.0
Act 2,s4,1516,2,2.0,0.8333333730697632,0.754902,1462.5,306.0,False,55.35298152030171,-127.53556182385522,,-1,0.0,2.0
Act 2,s4,267,2,2.0,0.8333333432674408,0.8235294,354.0,466.5,False,65.24936805540806,-131.7592976339467,,-1,0.0,2.0
Act 2,s4,666,2,2.0,0.8333333432674408,0.8039216,613.5,511.0,False,63.11527713738921,-129.13510818468666,,-1,0.0,2.0
Act 2,s4,1068,2,2.0,0.8333333432674408,0.8235294,950.0,339.5,False,59.700837784822504,-129.95241832279132,,-1,0.0,2.0
Act 2,s4,188,2,2.0,0.8284313976764679,0.754902,275.0,319.5,False,65.4061175796889,-135.0999278826114,,-1,0.0,2.0
Act 2,s4,569,2,2.0,0.8284313976764679,0.754902,536.5,437.0,False,63.54380638383219,-130.98971426861834,,-1,0.0,2.0
Act 2,s4,823,2,2.0,0.8284313678741455,0.8137255,735.5,715.5,False,62.652084506850414,-124.69686959952229,,-1,0.0,2.0
Act 2,s4,1833,2,2.0,0.8284313678741455,0.8137255,2128.5,866.5,False,51.12729871913162,-116.27841269902791,,-1,50.0,1.0
Act 2,s4,1866,2,2.0,0.8284313678741455,0.7352941,2159.5,815.0,False,50.77397740466933,-116.9315931954678,,-1,100.0,0.0
Act 2,s4,24,2,2.0,0.8235294222831726,0.78431374,118.0,376.5,False,67.02466868855359,-135.32374187924577,,-1,0.0,2.0
Act 2,s4,218,2,2.0,0.8235294222831726,0.78431374,315.0,381.5,False,65.2878538820808,-133.63617196762104,,-1,0.0,2.0
Act 2,s4,904,2,2.0,0.8235294222831726,0.8235294,775.0,773.5,False,62.459832165046556,-123.42872504928246,,-1,0.0,2.0
Act 2,s4,1056,2,2.0,0.8235294222831726,0.8137255,925.5,761.0,False,61.10859474050057,-122.86069406437036,,-1,0.0,2.0
Act 2,s4,1308,2,2.0,0.8235294222831726,0.7352941,1228.5,664.0,False,58.2610334150572,-123.00627286944938,,-1,0.0,2.0
Act 2,s4,1804,2,2.0,0.8235294222831726,0.7352941,2083.5,725.0,False,51.231547995596124,-118.50465709100038,,-1,0.0,2.0
Act 2,s4,372,2,2.0,0.8186274766921997,0.7156863,419.0,441.5,False,64.58712225098483,-131.74546400131646,,-1,0.0,2.0
Act 2,s4,94,2,2.0,0.8186274468898773,0.7058824,161.5,47.5,False,65.26962747423597,-141.02345300476597,,-1,0.0,2.0
Act 2,s4,192,2,2.0,0.8186274468898773,0.78431374,278.0,349.5,False,65.49422663855403,-134.52078731781015,,-1,0.0,2.0
Act 2,s4,1760,2,2.0,0.8186274468898773,0.8137255,2032.5,807.5,False,51.8182994334963,-117.46645777847637,,-1,100.0,0.0
Act 2,s4,1797,2,2.0,0.8137255311012268,0.7941177,2077.0,675.5,False,51.184387992299136,-119.25151121605799,,-1,0.0,2.0
Act 2,s4,332,2,2.0,0.8137255012989044,0.7254902,392.0,507.5,False,65.05360438099582,-130.71740826479126,,-1,0.0,2.0
Act 2,s4,1065,2,2.0,0.8137255012989044,0.8039216,937.0,716.5,False,60.894455619334664,-123.5823138592697,,-1,0.0,2.0
Act 2,s4,1288,2,2.0,0.8137255012989044,0.7058824,1203.5,243.5,False,57.297383797232754,-129.97013227272882,,-1,100.0,0.0
Act 2,s4,378,2,2.0,0.813725471496582,0.7745098,424.0,423.5,False,64.48027650290939,-132.0394897615895,,-1,0.0,2.0
Act 2,s4,32,2,2.0,0.8088235557079315,0.754902,126.5,187.5,False,66.17364491735049,-138.79946829094604,,-1,0.0,2.0
Act 2,s4,190,2,2.0,0.8088235557079315,0.7941177,277.5,97.0,False,64.49492351993159,-139.10656558749446,,-1,0.0,2.0
Act 2,s4,764,2,2.0,0.8088235557079315,0.7941177,702.0,691.5,False,62.88039190881227,-125.32389798571558,,-1,0.0,2.0
Act 2,s4,1432,2,2.0,0.8088235557079315,0.754902,1355.5,333.5,False,56.312200265204226,-127.6842251517887,,-1,0.0,2.0
Act 2,s4,1969,2,2.0,0.8088235557079315,0.78431374,2250.0,939.5,False,50.2401179805873,-114.84226356757082,,-1,0.0,2.0
Act 2,s4,217,2,2.0,0.8039215803146362,0.74509805,313.5,314.0,False,65.04794445301455,-134.89215169098338,,-1,0.0,2.0
Act 2,s4,409,2,2.0,0.8039215803146362,0.7647059,436.5,469.5,False,64.52969420304355,-131.1036595884214,,-1,0.0,2.0
Act 2,s4,492,2,2.0,0.8039215803146362,0.78431374,487.5,385.0,False,63.79132752833908,-132.2764679642734,,-1,0.0,2.0
Act 2,s4,859,2,2.0,0.8039215803146362,0.7156863,753.0,202.5,False,60.89540409626815,-133.55797803652143,,-1,0.0,2.0
Act 2,s4,1063,2,2.0,0.8039215803146362,0.7941177,935.5,713.0,False,60.898361750949796,-123.65141515912022,,-1,0.0,2.0
Act 2,s4,1440,2,2.0,0.8039215803146362,0.7941177,1362.5,619.0,False,57.01659140476595,-123.09939377603622,,-1,0.0,2.0
Act 2,s4,1919,2,2.0,0.8039215803146362,0.7647059,2201.0,683.5,False,50.17358803901004,-118.69225717344955,,-1,0.0,2.0
Act 2,s4,102,2,2.0,0.7990196347236633,0.7647059,166.5,293.0,False,66.25781720250643,-136.49159114792582,,-1,0.0,2.0
Act 2,s4,604,2,2.0,0.7990196347236633,0.7156863,571.0,444.5,False,63.269018357729486,-130.61598751463168,,-1,0.0,2.0
Act 2,s4,899,2,2.0,0.7990196347236633,0.754902,772.5,717.0,False,62.330846349849146,-124.46214431012281,,-1,0.0,2.0
Act 2,s4,1904,2,2.0,0.7990196347236633,0.7941177,2183.5,774.5,False,50.497722393884885,-117.44055280622834,,-1,0.0,2.0
Act 2,s4,1918,2,2.0,0.7990196347236633,0.7254902,2201.0,658.5,False,50.12268783389173,-119.05058592474691,,-1,0.0,2.0
Act 2,s4,1997,2,2.0,0.7990196347236633,0.7647059,2268.5,769.0,False,49.781226785860554,-117.23966468010411,,-1,0.0,2.0
Act 2,s4,10,2,2.0,0.7990196049213409,0.74509805,79.5,125.5,False,66.31556481918834,-140.3681838717321,,-1,0.0,2.0
Act 2,s4,455,2,2.0,0.7990196049213409,0.78431374,461.5,372.0,False,63.97139222560006,-132.70139952220399,,-1,0.0,2.0
Act 2,s4,1311,2,2.0,0.7941176891326904,0.7941177,1232.5,201.5,False,56.92898728096449,-130.4606187498906,,-1,0.0,2.0
Act 2,s4,688,2,2.0,0.794117659330368,0.78431374,627.5,496.5,False,62.94727508805958,-129.3036403321064,,-1,0.0,2.0
Act 2,s4,829,2,2.0,0.794117659330368,0.7647059,738.0,479.5,False,61.93813022782396,-128.8915548384583,,-1,0.0,2.0
Act 2,s4,856,2,2.0,0.794117659330368,0.74509805,751.5,670.0,False,62.3850969464862,-125.42593313635243,,-1,0.0,2.0
Act 2,s4,1212,2,2.0,0.794117659330368,0.7254902,1143.5,269.0,False,57.87097315145909,-129.92148936342795,,-1,0.0,2.0
Act 2,s4,1557,2,2.0,0.794117659330368,0.7647059,1835.0,652.5,False,53.14416176386002,-120.51724888503783,,-1,0.0,2.0
Act 2,s4,1830,2,2.0,0.794117659330368,0.7058824,2122.5,789.0,False,51.03283951787449,-117.43377569049635,,-1,0.0,2.0
Act 2,s4,191,2,2.0,0.7941176295280457,0.7745098,277.5,316.5,False,65.37265701514504,-135.13508730231834,,-1,0.0,2.0
Act 2,s4,1346,2,2.0,0.7941176295280457,0.7745098,1272.5,379.5,False,57.13077482506662,-127.41016694004996,,-1,0.0,2.0
Act 2,s4,1970,2,2.0,0.7941176295280457,0.7745098,2251.0,739.5,False,49.87000122723456,-117.71917644373877,,-1,0.0,2.0
Act 2,s4,244,2,2.0,0.7892157137393951,0.74509805,344.0,134.5,False,64.08331501883039,-137.8757135189619,,-1,0.0,2.0
Act 2,s4,885,2,2.0,0.7892156839370728,0.7254902,765.0,479.5,False,61.706005427503946,-128.72093713645077,,-1,0.0,2.0
Act 2,s4,1096,2,2.0,0.7892156839370728,0.7647059,966.5,484.0,False,59.999493148845204,-127.42320477975609,,-1,0.0,2.0
Act 2,s4,1675,2,2.0,0.7892156839370728,0.7352941,1973.5,603.0,False,51.886356788779636,-120.70676285212382,,-1,0.0,2.0
Act 2,s4,2122,2,2.0,0.7892156839370728,0.7254902,2782.0,656.5,False,45.321902103203904,-117.17998154615361,,-1,100.0,0.0
Act 2,s4,302,2,2.0,0.7843137383460999,0.7352941,374.0,388.5,False,64.79439398130238,-133.05436993543918,,-1,0.0,2.0
Act 2,s4,345,2,2.0,0.7843137383460999,0.7058824,403.5,197.5,False,63.824884808357716,-136.2724890902697,,-1,0.0,2.0
Act 2,s4,477,2,2.0,0.7843137383460999,0.7352941,476.5,444.0,False,64.09114210709754,-131.28560157434634,,-1,0.0,2.0
Act 2,s4,493,2,2.0,0.7843137383460999,0.5686275,487.0,387.5,False,63.8044018796521,-132.2349924014237,,-1,0.0,2.0
Act 2,s4,1047,2,2.0,0.7843137383460999,0.7647059,913.5,763.5,False,61.21950645834232,-122.87824820408785,,-1,0.0,2.0
Act 2,s4,1072,2,2.0,0.7843137383460999,0.7058824,951.0,327.5,False,59.65470646431174,-130.14613307946607,,-1,0.0,2.0
Act 2,s4,1122,2,2.0,0.7843137383460999,0.7647059,1003.0,320.5,False,59.19794235538471,-129.93859359514292,,-1,0.0,2.0
Act 2,s4,586,2,2.0,0.779411792755127,0.7254902,557.5,465.5,False,63.45595848150905,-130.3304239472642,,-1,0.0,2.0
Act 2,s4,840,2,2.0,0.779411792755127,0.754902,743.5,696.0,False,62.52785392849654,-125.00384520481548,,-1,0.0,2.0
Act 2,s4,1572,2,2.0,0.779411792755127,0.754902,1861.0,669.5,False,52.9650386047788,-120.15809911290526,,-1,0.0,2.0
Act 2,s4,399,2,2.0,0.7794117629528046,0.7352941,433.0,445.5,False,64.47789031918512,-131.57030109783585,,-1,0.0,2.0
Act 2,s4,437,2,2.0,0.7794117629528046,0.7058824,450.5,456.5,False,64.36196064861645,-131.24251479413343,,-1,0.0,2.0
Act 2,s4,609,2,2.0,0.7794117629528046,0.74509805,575.0,470.5,False,63.31998419013624,-130.12112981566605,,-1,0.0,2.0
Act 2,s4,2115,2,2.0,0.7794117629528046,0.7745098,2772.5,645.0,False,45.378634332841095,-117.36075939334174,,-1,100.0,0.0
Act 2,s4,1360,2,2.0,0.774509847164154,0.754902,1286.0,299.5,False,56.7866366467184,-128.60527698175758,,-1,100.0,0.0
Act 2,s4,2151,2,2.0,0.774509847164154,0.754902,2855.5,765.0,False,44.909843749878796,-115.5358487407799,,-1,100.0,0.0
Act 2,s4,320,2,2.0,0.7745098173618317,0.7647059,385.0,430.5,False,64.84792380725747,-132.1981391273018,,-1,0.0,2.0
Act 2,s4,864,2,2.0,0.7745098173618317,0.74509805,754.0,671.5,False,62.367414707988026,-125.38461475773752,,-1,0.0,2.0
Act 2,s4,1419,2,2.0,0.7745098173618317,0.7058824,1343.5,483.5,False,56.82717920348108,-125.37162588519448,,-1,0.0,2.0
Act 2,s4,1553,2,2.0,0.7745098173618317,0.7647059,1831.0,714.5,False,53.31140731082521,-119.59452135861493,,-1,100.0,0.0
Act 2,s4,1593,2,2.0,0.7745098173618317,0.7254902,1902.0,698.5,False,52.685944261480444,-119.5638425943093,,-1,0.0,2.0
Act 2,s4,1530,2,2.0,0.7745097875595093,0.7352941,1714.0,678.5,False,54.209864948176325,-120.6098458845671,,-1,0.0,2.0
Act 2,s4,1607,2,2.0,0.7745097875595093,0.7352941,1916.5,689.0,False,52.5452068542479,-119.65090521847614,,-1,0.0,2.0
Act 2,s4,169,2,2.0,0.7696078717708588,0.754902,241.5,153.5,False,65.03601418090437,-138.40816197964116,,-1,0.0,2.0
Act 2,s4,330,2,2.0,0.7696078717708588,0.74509805,391.0,352.5,False,64.51487243823303,-133.5839766186705,,-1,0.0,2.0
Act 2,s4,358,2,2.0,0.7696078717708588,0.74509805,412.0,433.5,False,64.62074573262949,-131.94378586007846,,-1,0.0,2.0
Act 2,s4,614,2,2.0,0.7696078717708588,0.7058824,579.5,464.0,False,63.25951808833433,-130.20758759420283,,-1,0.0,2.0
Act 2,s4,1120,2,2.0,0.7696078717708588,0.7058824,994.0,325.5,False,59.288732269221526,-129.91159232254975,,-1,0.0,2.0
Act 2,s4,1412,2,2.0,0.7696078717708588,0.754902,1337.0,430.5,False,56.737714990331106,-126.25056634204624,,-1,0.0,2.0
Act 2,s4,1634,2,2.0,0.7696078717708588,0.74509805,1950.5,720.5,False,52.32821737765437,-119.05266389451965,,-1,0.0,2.0
Act 2,s4,1855,2,2.0,0.7696078419685364,0.7352941,2149.0,871.5,False,50.96519905031053,-116.1399917344351,,-1,50.0,1.0
Act 2,s4,351,2,2.0,0.7647058963775635,0.754902,407.5,407.5,False,64.56857146474667,-132.45446232414108,,-1,0.0,2.0
Act 2,s4,531,2,2.0,0.7647058963775635,0.7254902,504.0,731.5,False,64.7600597909337,-125.76432325500676,,-1,0.0,2.0
Act 2,s4,698,2,2.0,0.7647058963775635,0.7254902,635.5,699.5,False,63.49107067454033,-125.56774078444543,,-1,0.0,2.0
Act 2,s4,805,2,2.0,0.7647058963775635,0.7647059,729.5,339.5,False,61.56024059035116,-131.38439862334377,,-1,0.0,2.0
Act 2,s4,955,2,2.0,0.7647058963775635,0.7058824,830.0,765.5,False,61.95500175388986,-123.27879318658961,,-1,0.0,2.0
Act 2,s4,1272,2,2.0,0.7647058963775635,0.7156863,1193.5,524.5,False,58.19471125433878,-125.48704151229106,,-1,0.0,2.0
Act 2,s4,1285,2,2.0,0.7647058963775635,0.7156863,1202.0,533.5,False,58.147409100947286,-125.29444294754731,,-1,0.0,2.0
Act 2,s4,1677,2,2.0,0.7647058963775635,0.7352941,1974.5,856.0,False,52.39513639976327,-116.93947847252404,,-1,0.0,2.0
Act 2,s4,1900,2,2.0,0.7647058963775635,0.754902,2180.5,887.0,False,50.729919946744964,-115.81485140011232,,-1,100.0,0.0
Act 2,s4,1941,2,2.0,0.7647058963775635,0.7647059,2224.5,695.0,False,50.002118947250146,-118.44576526749542,,-1,100.0,0.0
Act 2,s4,2062,2,2.0,0.7647058963775635,0.754902,2384.5,852.0,False,48.96859828696874,-115.69792996612337,,-1,100.0,0.0
Act 2,s4,73,2,2.0,0.7598039507865906,0.7156863,148.5,273.5,False,66.3378965501561,-137.01007749579847,,-1,0.0,2.0
Act 2,s4,365,2,2.0,0.7598039507865906,0.7254902,415.5,278.5,False,64.02939775044169,-134.73327660194593,,-1,0.0,2.0
Act 2,s4,2111,2,2.0,0.7598039507865906,0.754902,2769.0,809.5,False,45.703093363809856,-115.1829348353918,,-1,100.0,0.0
Act 2,s4,501,2,2.0,0.7598039209842682,0.7352941,490.0,425.5,False,63.90982177195857,-131.525841796217,,-1,0.0,2.0
Act 2,s4,1079,2,2.0,0.7598039209842682,0.7058824,955.5,520.5,False,60.19883083222171,-126.8665123580902,,-1,0.0,2.0
Act 2,s4,1090,2,2.0,0.7598039209842682,0.7352941,963.5,301.0,False,59.46625389260178,-130.50754030031013,,-1,0.0,2.0
Act 2,s4,1702,2,2.0,0.7598039209842682,0.7058824,1992.0,607.5,False,51.74319330363442,-120.56818665954219,,-1,0.0,2.0
Act 2,s4,1761,2,2.0,0.7598039209842682,0.7352941,2032.5,890.5,False,51.973363651922924,-116.23147886109051,,-1,0.0,2.0
Act 2,s4,1846,2,2.0,0.7598039209842682,0.71568626,2144.5,656.0,False,50.5849167213115,-119.28909643101329,,-1,50.0,1.0
Act 2,s4,1282,2,2.0,0.7549020051956177,0.7156863,1199.0,527.5,False,58.156509033435185,-125.40875437648948,,-1,0.0,2.0
Act 2,s4,1323,2,2.0,0.7549020051956177,0.7156863,1252.0,388.5,False,57.326802117582915,-127.37893895950883,,-1,0.0,2.0
Act 2,s4,1736,2,2.0,0.7549020051956177,0.754902,2019.0,863.5,False,52.036808937816836,-116.67857158306646,,-1,0.0,2.0
Act 2,s4,1883,2,2.0,0.7549020051956177,0.754902,2171.0,698.5,False,50.4523210192737,-118.5815349336997,,-1,0.0,2.0
Act 2,s4,121,2,2.0,0.7549019753932953,0.7058824,190.0,156.5,False,65.49192188898175,-138.8032869734754,,-1,0.0,2.0
Act 2,s4,131,2,2.0,0.7549019753932953,0.74509805,201.5,390.5,False,66.32955787579695,-134.36808450427682,,-1,0.0,2.0
Act 2,s4,265,2,2.0,0.7549019753932953,0.74509805,354.0,199.5,False,64.25580893331889,-136.63745238214443,,-1,0.0,2.0
Act 2,s4,584,2,2.0,0.7549019753932953,0.74509805,556.5,470.0,False,63.47951645879341,-130.25599966042148,,-1,0.0,2.0
Act 2,s4,1148,2,2.0,0.7549019753932953,0.7254902,1041.5,541.0,False,59.52530376586074,-126.03376247043647,,-1,0.0,2.0
Act 2,s4,1631,2,2.0,0.7549019753932953,0.74509805,1948.5,701.5,False,52.30538256967715,-119.34340005267423,,-1,0.0,2.0
Act 2,s4,171,2,2.0,0.7500000298023224,0.74509805,246.0,143.5,False,64.95615251511497,-138.5491890656314,,-1,0.0,2.0
Act 2,s4,871,2,2.0,0.7500000298023224,0.7058824,757.5,475.0,False,61.75649968439227,-128.84692503184723,,-1,0.0,2.0
Act 2,s4,906,2,2.0,0.7500000298023224,0.7156863,778.0,479.5,False,61.59439541545376,-128.63939251446482,,-1,0.0,2.0
Act 2,s4,1474,2,2.0,0.7500000298023224,0.7156863,1423.5,586.5,False,56.423678517342644,-123.33215022779434,,-1,0.0,2.0
Act 2,s4,1921,2,2.0,0.7500000298023224,0.74509805,2202.5,822.0,False,50.42894884727832,-116.69053251966069,,-1,0.0,2.0
Act 2,s4,331,2,2.0,0.75,0.7254902,391.5,450.5,False,64.86098237602974,-131.78045322707473,,-1,0.0,2.0
Act 2,s4,1273,2,2.0,0.75,0.7352941,1194.5,284.0,False,57.49549018652017,-129.37852214502587,,-1,100.0,0.0
Act 2,s4,2007,2,2.0,0.75,0.7352941,2278.5,809.0,False,49.772761842192466,-116.63534331805066,,-1,100.0,0.0
Act 2,s4,2047,2,2.0,0.75,0.7352941,2353.5,867.0,False,49.25276063700242,-115.57764900962113,,-1,0.0,2.0
Act 2,s4,396,2,2.0,0.7450980544090271,0.7156863,431.5,486.0,False,64.63011761900489,-130.83485069552307,,-1,0.0,2.0
Act 2,s4,602,2,2.0,0.7450980544090271,0.7058824,568.0,733.5,False,64.19031725180955,-125.339305059013,,-1,0.0,2.0
Act 2,s4,767,2,2.0,0.7450980544090271,0.7352941,708.0,631.5,False,62.656021471799065,-126.37336466269618,,-1,0.0,2.0
Act 2,s4,855,2,2.0,0.7450980544090271,0.7156863,751.5,512.5,False,61.92349856643284,-128.22642638236525,,-1,0.0,2.0
Act 2,s4,964,2,2.0,0.7450980544090271,0.7254902,834.0,550.5,False,61.32617259115993,-127.05897655329726,,-1,0.0,2.0
Act 2,s4,1562,2,2.0,0.7450980544090271,0.7254902,1839.0,711.5,False,53.238318806169154,-119.60917471762212,,-1,0.0,2.0
Act 2,s4,1710,2,2.0,0.7450980544090271,0.7058824,2000.5,881.0,False,52.22393593008635,-116.47788494670635,,-1,100.0,0.0
Act 2,s4,1722,2,2.0,0.7450980544090271,0.7058824,2009.5,757.0,False,51.91109343132247,-118.29572274302221,,-1,0.0,2.0
Act 2,s4,1835,2,2.0,0.7450980544090271,0.7352941,2129.5,782.0,False,50.961159291525384,-117.51247555447975,,-1,0.0,2.0
Act 2,s4,1876,2,2.0,0.7450980544090271,0.7058824,2167.5,865.0,False,50.799101084345914,-116.17663566183761,,-1,100.0,0.0
Act 2,s4,1913,2,2.0,0.7450980544090271,0.7254902,2195.5,894.5,False,50.61792111122324,-115.6592784010398,,-1,0.0,2.0
Act 2,s4,2000,2,2.0,0.7450980544090271,0.7352941,2271.5,731.0,False,49.68358006526167,-117.77219148494453,,-1,0.0,2.0
Act 2,s4,2014,2,2.0,0.7450980544090271,0.7058824,2293.0,907.5,False,49.82683662106963,-115.17800786928358,,-1,100.0,0.0
Act 2,s4,231,2,2.0,0.7401961088180542,0.7156863,327.5,230.5,False,64.60475517404416,-136.29737649191674,,-1,0.0,2.0
Act 2,s4,288,2,2.0,0.7401961088180542,0.7254902,367.5,327.5,False,64.6276047224451,-134.2204175034814,,-1,0.0,2.0
Act 2,s4,1114,2,2.0,0.7401961088180542,0.7156863,989.5,222.5,False,58.997021242567875,-131.6324438824876,,-1,0.0,2.0
Act 2,s4,1149,2,2.0,0.7401961088180542,0.7156863,1041.0,553.5,False,59.56425114758597,-125.82560238586494,,-1,0.0,2.0
Act 2,s4,1191,2,2.0,0.7401961088180542,0.7254902,1102.5,487.0,False,58.857808600809996,-126.59910279442212,,-1,0.0,2.0
Act 2,s4,1332,2,2.0,0.7401961088180542,0.7156863,1265.5,296.5,False,56.94685683054847,-128.76910827943775,,-1,100.0,0.0
Act 2,s4,1372,2,2.0,0.7401961088180542,0.7254902,1295.0,720.5,False,57.833214678341925,-121.75709032782791,,-1,0.0,2.0
Act 2,s4,1428,2,2.0,0.7401961088180542,0.7254902,1350.0,544.5,False,56.933141037095005,-124.36103961504097,,-1,0.0,2.0
Act 2,s4,2135,2,2.0,0.7401961088180542,0.7254902,2807.0,850.5,False,45.456363710935626,-114.53328514400728,,-1,100.0,0.0
Act 2,s4,707,2,2.0,0.7401960790157318,0.7058824,645.0,509.5,False,62.83633254635414,-128.95652219865974,,-1,0.0,2.0
Act 2,s4,783,2,2.0,0.7401960790157318,0.7352941,717.0,624.5,False,62.55691742092724,-126.44546555758428,,-1,0.0,2.0
Act 2,s4,1359,2,2.0,0.7401960790157318,0.7352941,1285.5,735.5,False,57.949395104159855,-121.55272723550816,,-1,0.0,2.0
Act 2,s4,1381,2,2.0,0.7401960790157318,0.7058824,1302.0,332.5,False,56.75113518492331,-127.99418510001568,,-1,50.0,1.0
Act 2,s4,1700,2,2.0,0.7401960790157318,0.7058824,1990.5,615.0,False,51.77202351028396,-120.46376091530045,,-1,50.0,1.0
Act 2,s4,1255,2,2.0,0.7352941632270813,0.7156863,1175.5,227.0,False,57.47659788934523,-130.39995662027235,,-1,0.0,2.0
Act 2,s4,1341,2,2.0,0.7352941632270813,0.7156863,1270.5,385.0,False,57.16307564893826,-127.33326938473118,,-1,0.0,2.0
Act 2,s4,391,2,2.0,0.7352941334247589,0.7254902,428.5,442.5,False,64.50704866580165,-131.6580092079568,,-1,0.0,2.0
Act 2,s4,410,2,2.0,0.7352941334247589,0.7058824,436.0,490.5,False,64.6056299758969,-130.71971795408268,,-1,0.0,2.0
Act 2,s4,624,2,2.0,0.7352941334247589,0.7254902,585.5,443.5,False,63.139886784312225,-130.53463871391943,,-1,0.0,2.0
Act 2,s4,656,2,2.0,0.7352941334247589,0.7058824,602.5,278.0,False,62.42792727825908,-133.33953204945863,,-1,0.0,2.0
Act 2,s4,661,2,2.0,0.7352941334247589,0.7058824,605.0,695.5,False,63.750507791919034,-125.82351944934331,,-1,0.0,2.0
Act 2,s4,1354,2,2.0,0.7352941334247589,0.7254902,1280.5,731.5,False,57.9825243865779,-121.64186529353691,,-1,0.0,2.0
Act 2,s4,1492,2,2.0,0.7352941334247589,0.71568626,1438.5,579.5,False,56.2806297955303,-123.37275688270658,,-1,50.0,1.0
Act 2,s4,239,2,2.0,0.7352941036224365,0.7352941,337.0,294.5,False,64.7690215446039,-135.06119552079215,,-1,0.0,2.0
Act 2,s4,268,2,2.0,0.7352941036224365,0.7352941,355.0,304.5,False,64.65036153768867,-134.73679376486342,,-1,0.0,2.0
Act 2,s4,301,2,2.0,0.7352941036224365,0.7352941,374.0,326.5,False,64.56730126401636,-134.18817091783694,,-1,0.0,2.0
Act 2,s4,1231,2,2.0,0.7352941036224365,0.7352941,1157.5,576.0,False,58.63681152731504,-124.82496249049169,,-1,0.0,2.0
Act 2,s4,2032,2,2.0,0.7352941036224365,0.7352941,2324.0,678.5,False,49.14599177639805,-118.33995601625176,,-1,50.0,1.0
Act 2,s4,115,2,2.0,0.730392187833786,0.7156863,180.5,145.0,False,65.52558520573315,-139.09607361941403,,-1,0.0,2.0
Act 2,s4,1366,2,2.0,0.730392187833786,0.7058824,1291.0,310.5,False,56.77778179793255,-128.4033561094788,,-1,100.0,0.0
Act 2,s4,1654,2,2.0,0.730392187833786,0.7156863,1961.0,614.5,False,52.01514166627671,-120.58618938867544,,-1,0.0,2.0
Act 2,s4,1815,2,2.0,0.730392187833786,0.7156863,2098.5,677.0,False,51.00929967918419,-119.15139918398619,,-1,0.0,2.0
Act 2,s4,2004,2,2.0,0.730392187833786,0.7156863,2277.5,860.0,False,49.87323741925889,-115.90715370815104,,-1,0.0,2.0
Act 2,s4,2018,2,2.0,0.730392187833786,0.7156863,2302.5,905.0,False,49.74332441682962,-115.18592338420348,,-1,0.0,2.0
Act 2,s4,2157,2,2.0,0.730392187833786,0.7058824,2878.5,1124.0,False,45.26424312852598,-110.709661833182,,-1,100.0,0.0
Act 2,s4,482,2,2.0,0.7303921580314636,0.7254902,479.5,433.5,False,64.02895034979734,-131.45545118985154,,-1,0.0,2.0
Act 2,s4,1752,2,2.0,0.7303921580314636,0.7254902,2030.0,802.5,False,51.82952561261577,-117.54919815475249,,-1,0.0,2.0
Act 2,s4,61,2,2.0,0.7254902124404907,0.7058824,142.5,56.5,False,65.47083953480933,-141.03726428265878,,-1,0.0,2.0
Act 2,s4,443,2,2.0,0.7254902124404907,0.7156863,453.0,481.5,False,64.42510622042326,-130.76536514936603,,-1,0.0,2.0
Act 2,s4,520,2,2.0,0.7254902124404907,0.7156863,500.5,288.5,False,63.33578455703966,-133.90646504210042,,-1,0.0,2.0
Act 2,s4,622,2,2.0,0.7254902124404907,0.7254902,582.5,246.5,False,62.48540786293536,-134.03431098523387,,-1,0.0,2.0
Act 2,s4,635,2,2.0,0.7254902124404907,0.7058824,589.0,705.5,False,63.921945406087865,-125.73463508840481,,-1,0.0,2.0
Act 2,s4,921,2,2.0,0.7254902124404907,0.7156863,799.0,215.5,False,60.55648664538962,-133.01861303921802,,-1,0.0,2.0
Act 2,s4,1100,2,2.0,0.7254902124404907,0.7156863,969.5,714.5,False,60.60780593139949,-123.44785005856002,,-1,0.0,2.0
Act 2,s4,1117,2,2.0,0.7254902124404907,0.7156863,990.0,344.5,False,59.38131536753876,-129.6215345570093,,-1,0.0,2.0
Act 2,s4,1477,2,2.0,0.7254902124404907,0.7254902,1427.5,343.0,False,55.74539794704337,-127.14888379356731,,-1,0.0,2.0
Act 2,s4,1511,2,2.0,0.7254902124404907,0.7058824,1456.0,344.5,False,55.51479268564242,-126.97530295091074,,-1,0.0,2.0
Act 2,s4,1577,2,2.0,0.7254902124404907,0.7254902,1875.0,726.5,False,52.969666522708245,-119.24491587479969,,-1,50.0,1.0
Act 2,s4,2164,2,2.0,0.7254902124404907,0.7058824,2955.5,798.0,False,44.137140325598274,-114.83441940881043,,-1,100.0,0.0
Act 2,s4,639,2,2.0,0.7254901826381683,0.71568626,592.5,446.0,False,63.08744770756693,-130.44215855653215,,-1,0.0,2.0
Act 2,s4,178,2,2.0,0.7205882668495178,0.7156863,256.0,197.5,False,65.09069490972728,-137.48890440814864,,-1,0.0,2.0
Act 2,s4,415,2,2.0,0.7205882668495178,0.7156863,438.5,284.5,False,63.85360936002191,-134.448146234458,,-1,0.0,2.0
Act 2,s4,1482,2,2.0,0.7205882668495178,0.7156863,1432.5,345.0,False,55.70980467367027,-127.09133064929775,,-1,0.0,2.0
Act 2,s4,2017,2,2.0,0.7205882668495178,0.7156863,2300.5,903.0,False,49.75657769688564,-115.22052844722083,,-1,100.0,0.0
Act 2,s4,2021,2,2.0,0.7205882668495178,0.7156863,2309.0,882.5,False,49.650340874437305,-115.48921432314056,,-1,0.0,2.0
Act 2,s4,1169,2,2.0,0.7205882370471954,0.7058824,1075.5,190.0,False,58.1815166250123,-131.60935042283364,,-1,0.0,2.0
Act 2,s4,1310,2,2.0,0.7205882370471954,0.7058824,1230.0,508.5,False,57.84448728252551,-125.5566335025128,,-1,0.0,2.0
Act 2,s4,1357,2,2.0,0.7205882370471954,0.7058824,1283.0,297.5,False,56.805465805026365,-128.6538396323048,,-1,50.0,1.0
Act 2,s4,1509,2,2.0,0.7205882370471954,0.7058824,1454.5,615.0,False,56.23382952667177,-122.7327626132097,,-1,0.0,2.0
Act 2,s4,2124,2,2.0,0.7205882370471954,0.71568626,2783.5,678.0,False,45.3495648605481,-116.89104859519863,,-1,100.0,0.0
Act 2,s4,966,2,2.0,0.7156863212585449,0.7156863,835.0,508.5,False,61.193413018343726,-127.78398928196303,,-1,0.0,2.0
Act 2,s4,1687,2,2.0,0.7156863212585449,0.7156863,1979.5,851.0,False,52.34388686182925,-116.99764567063023,,-1,0.0,2.0
Act 2,s4,567,2,2.0,0.7156862914562225,0.7058824,535.0,444.5,False,63.582067527934136,-130.8648019801202,,-1,0.0,2.0
Act 2,s4,811,2,2.0,0.7156862914562225,0.7058824,732.0,611.5,False,62.38805337911427,-126.58879760134933,,-1,0.0,2.0
Act 2,s4,830,2,2.0,0.7156862914562225,0.7058824,739.5,475.5,False,61.912769872327345,-128.95224967487215,,-1,0.0,2.0
Act 2,s4,1052,2,2.0,0.7156862914562225,0.7058824,920.0,317.5,False,59.882646040496404,-130.50875811992233,,-1,0.0,2.0
Act 2,s4,1153,2,2.0,0.7156862914562225,0.7058824,1047.5,196.0,False,58.43156208848122,-131.69070267978472,,-1,50.0,1.0
Act 2,s4,1348,2,2.0,0.7156862914562225,0.7058824,1273.5,374.0,False,57.10674686141734,-127.49246793942206,,-1,0.0,2.0
Act 2,s4,1762,2,2.0,0.7156862914562225,0.7058824,2032.5,914.5,False,52.01652739769846,-115.87305342742528,,-1,0.0,2.0
Act 2,s4,2040,2,2.0,0.7156862914562225,0.7058824,2333.5,807.5,False,49.31294562647898,-116.48394994000991,,-1,100.0,0.0
Act 2,s4,2085,2,2.0,0.7156862914562225,0.7058824,2739.5,784.0,False,45.90376857403416,-115.60621281568108,,-1,0.0,2.0
Act 2,s4,2149,2,2.0,0.7156862914562225,0.7058824,2850.5,674.0,False,44.78882751700843,-116.74668279466225,,-1,100.0,0.0
Act 2,s4,694,2,2.0,0.7107843458652496,0.7058824,631.5,443.0,False,62.74009242886987,-130.232068016257,,-1,0.0,2.0
Act 2,s4,1061,2,2.0,0.7107843458652496,0.7058824,933.0,606.5,False,60.634005187106894,-125.5172443226635,,-1,0.0,2.0
Act 2,s4,1244,2,2.0,0.7107843458652496,0.7058824,1166.5,242.0,False,57.597453684670825,-130.2153318048088,,-1,0.0,2.0
Act 2,s4,1263,2,2.0,0.7107843458652496,0.7058824,1177.5,637.5,False,58.62746278601953,-123.69877842246753,,-1,0.0,2.0
Act 2,s4,1394,2,2.0,0.7107843458652496,0.7058824,1320.5,342.0,False,56.62566472865739,-127.74192712395843,,-1,0.0,2.0
Act 2,s4,1453,2,2.0,0.7107843458652496,0.7058824,1380.5,404.0,False,56.303639192538064,-126.44183050077343,,-1,0.0,2.0
Act 2,s4,1527,2,2.0,0.7107843458652496,0.7058824,1502.5,388.0,False,55.25106066948591,-126.0624589360694,,-1,0.0,2.0
Act 2,s4,1657,2,2.0,0.7107843458652496,0.7058824,1964.0,867.5,False,52.50459411032507,-116.80190719591232,,-1,0.0,2.0
Act 2,s4,1779,2,2.0,0.7107843458652496,0.7058824,2054.5,661.0,False,51.3405823514575,-119.54619060350093,,-1,0.0,2.0
Act 2,s4,1793,2,2.0,0.7107843458652496,0.7058824,2072.5,804.5,False,51.47897955430917,-117.37482699338865,,-1,0.0,2.0
Act 2,s4,1809,2,2.0,0.7107843458652496,0.7058824,2087.0,818.5,False,51.38469848965727,-117.11980470376567,,-1,0.0,2.0
Act 2,s4,2015,2,2.0,0.7107843458652496,0.7058824,2297.5,904.0,False,49.78331049569531,-115.21502367875833,,-1,100.0,0.0
Act 2,s4,2054,2,2.0,0.7107843458652496,0.7058824,2364.5,836.0,False,49.10664681933132,-115.98446253147422,,-1,0.0,2.0
Act 2,s4,2069,2,2.0,0.7107843458652496,0.7058824,2447.5,901.0,False,48.52833793540312,-114.82426849314388,,-1,50.0,1.0
Act 2,s4,2139,2,2.0,0.7107843160629272,0.7058824,2816.5,922.5,False,45.49268158227484,-113.54768749503782,,-1,100.0,0.0
Act 2,s4,658,2,2.0,0.7058823704719543,0.7058824,603.0,470.5,False,63.076509808819935,-129.93234725298126,,-1,0.0,2.0
Act 2,s4,1228,2,2.0,0.7058823704719543,0.7058824,1157.5,385.5,False,58.105080795971034,-127.95692955632359,,-1,0.0,2.0
Act 2,s4,1396,2,2.0,0.7058823704719543,0.7058824,1323.0,381.5,False,56.717504317883765,-127.10335731956748,,-1,0.0,2.0
Act 2,s4,1658,2,2.0,0.7058823704719543,0.7058824,1966.5,750.0,False,52.255232668015346,-118.55402417599288,,-1,0.0,2.0
Act 2,s4,2098,2,2.0,0.6911764740943909,0.6372549,2758.5,679.0,False,45.55788488271337,-116.95216273468897,,-1,100.0,0.0
Act 2,s4,647,2,2.0,0.6666666865348816,0.60784316,596.5,460.0,False,63.0987183897495,-130.1643101935033,,-1,0.0,2.0
Act 2,s4,669,2,2.0,0.6617647111415863,0.5882353,614.5,454.0,False,62.9230437814131,-130.1503271913017,,-1,0.0,2.0
Act 2,s4,1295,2,2.0,0.6176470816135406,0.50980395,1213.5,435.0,False,57.77965600893107,-126.84048726936756,,-1,0.0,2.0
Act 2,s4,1299,2,2.0,0.6078431308269501,0.48039216,1218.5,445.0,False,57.765964880793454,-126.6510336211605,,-1,0.0,2.0
Act 2,s4,269,2,2.0,0.5784313976764679,0.24509805,356.5,455.0,False,65.1866031573838,-131.95520974584426,,-1,0.0,2.0
Act 2,s4,861,2,2.0,0.4117647297680378,0.10784314,753.5,507.0,False,61.889456858446295,-128.31072538458474,,-1,0.0,2.0
Act 2,s4,2,1,1.0,1.0,1.0,24.0,170.0,False,66.99644266218682,-140.06178952344732,,-1,0.0,1.0
Act 2,s4,16,1,1.0,1.0,1.0,91.0,123.0,False,66.20486790822744,-140.30754052116228,,-1,0.0,1.0
Act 2,s4,30,1,1.0,1.0,1.0,124.0,331.0,False,66.78878780576792,-136.1387671368232,,-1,0.0,1.0
Act 2,s4,83,1,1.0,1.0,1.0,153.0,141.0,False,65.74603318370141,-139.4141831023915,,-1,0.0,1.0
Act 2,s4,123,1,1.0,1.0,1.0,191.0,282.0,False,65.99744940308636,-136.4887800372791,,-1,0.0,1.0
Act 2,s4,259,1,1.0,1.0,1.0,351.0,460.0,False,65.25309111312458,-131.90283398623436,,-1,0.0,1.0
Act 2,s4,294,1,1.0,1.0,1.0,371.0,480.0,False,65.1455616505738,-131.3824291383217,,-1,0.0,1.0
Act 2,s4,341,1,1.0,1.0,1.0,399.0,423.0,False,64.69812299940244,-132.23271303402015,,-1,0.0,1.0
Act 2,s4,419,1,1.0,1.0,1.0,439.0,402.0,False,64.27338506384599,-132.32243790114313,,-1,0.0,1.0
Act 2,s4,500,1,1.0,1.0,1.0,490.0,406.0,False,63.842626482009564,-131.8790813824162,,-1,0.0,1.0
Act 2,s4,513,1,1.0,1.0,1.0,495.0,447.0,False,63.93952235790095,-131.09984133077913,,-1,0.0,1.0
Act 2,s4,518,1,1.0,1.0,1.0,499.0,420.0,False,63.812500630652764,-131.5613226056475,,-1,0.0,1.0
Act 2,s4,668,1,1.0,1.0,1.0,614.0,284.0,False,62.35134487147547,-133.15196179003215,,-1,0.0,1.0
Act 2,s4,681,1,1.0,1.0,1.0,621.0,791.0,False,63.87589821500493,-123.95792272732638,,-1,0.0,1.0
Act 2,s4,685,1,1.0,1.0,1.0,623.0,792.0,False,63.86069072361176,-123.92796962289457,,-1,0.0,1.0
Act 2,s4,732,1,1.0,1.0,1.0,666.0,795.0,False,63.48411220336102,-123.6313855859253,,-1,0.0,1.0
Act 2,s4,761,1,1.0,1.0,1.0,700.0,397.0,False,62.001053752781864,-130.5842592562736,,-1,0.0,1.0
Act 2,s4,769,1,1.0,1.0,1.0,708.0,784.0,False,63.080704846191644,-123.60203198450326,,-1,0.0,1.0
Act 2,s4,808,1,1.0,1.0,1.0,729.0,672.0,False,62.587971453005494,-125.52003071883064,,-1,0.0,1.0
Act 2,s4,824,1,1.0,1.0,1.0,736.0,668.0,False,62.515275091675825,-125.55147740997369,,-1,0.0,1.0
Act 2,s4,873,1,1.0,1.0,1.0,758.0,794.0,False,62.66368993630577,-123.14799196051456,,-1,0.0,1.0
Act 2,s4,914,1,1.0,1.0,1.0,788.0,772.0,False,62.341280850141324,-123.38593155773647,,-1,0.0,1.0
Act 2,s4,928,1,1.0,1.0,1.0,810.0,523.0,False,61.45137194519698,-127.68295017054959,,-1,0.0,1.0
Act 2,s4,940,1,1.0,1.0,1.0,821.0,815.0,False,62.16096675648866,-122.43597340225014,,-1,0.0,1.0
Act 2,s4,978,1,1.0,1.0,1.0,842.0,807.0,False,61.9557998372224,-122.47166664270493,,-1,0.0,1.0
Act 2,s4,1070,1,1.0,1.0,1.0,950.0,715.0,False,60.777898692971796,-123.54055072235705,,-1,0.0,1.0
Act 2,s4,1646,1,1.0,1.0,1.0,1958.0,788.0,False,52.40202862963068,-118.01641356367381,,-1,0.0,1.0
Act 2,s4,2138,1,1.0,1.0,1.0,2816.0,812.0,False,45.317557266369754,-115.02165387127117,,-1,100.0,0.0
Act 2,s4,74,1,1.0,0.9901961088180542,0.9901961,150.0,143.0,False,65.78048375803692,-139.40468387711306,,-1,0.0,1.0
Act 2,s4,155,1,1.0,0.9901961088180542,0.9901961,224.0,349.0,False,65.96958042057749,-134.96562802943004,,-1,0.0,1.0
Act 2,s4,848,1,1.0,0.9901961088180542,0.9901961,747.0,214.0,False,60.985657162506534,-133.40620751871234,,-1,0.0,1.0
Act 2,s4,1268,1,1.0,0.9901961088180542,0.9901961,1189.0,202.0,False,57.287289290389694,-130.71474717312321,,-1,100.0,0.0
Act 2,s4,1141,1,1.0,0.9803921580314636,0.98039216,1026.0,319.0,False,59.00135354237952,-129.82180454656776,,-1,0.0,1.0
Act 2,s4,440,1,1.0,0.970588207244873,0.9705882,451.0,430.0,False,64.26624155742793,-131.72404540277702,,-1,0.0,1.0
Act 2,s4,1696,1,1.0,0.970588207244873,0.9705882,1986.0,784.0,False,52.16048945612552,-117.97731175624503,,-1,100.0,0.0
Act 2,s4,1714,1,1.0,0.970588207244873,0.9705882,2002.0,750.0,False,51.959538281445525,-118.42631197192507,,-1,0.0,1.0
Act 2,s4,1878,1,1.0,0.9607843160629272,0.9607843,2168.0,809.0,False,50.69197412987829,-116.99111984798549,,-1,100.0,0.0
Act 2,s4,40,1,1.0,0.9509804248809814,0.9509804,129.0,81.0,False,65.69360757631337,-140.7206920759524,,-1,0.0,1.0
Act 2,s4,152,1,1.0,0.9509804248809814,0.9509804,223.0,225.0,False,65.48789469139501,-137.26843430917793,,-1,0.0,1.0
Act 2,s4,580,1,1.0,0.9509804248809814,0.9509804,549.0,769.0,False,64.46210676669857,-124.78626625496274,,-1,0.0,1.0
Act 2,s4,773,1,1.0,0.9509804248809814,0.9509804,711.0,694.0,False,62.80813258221402,-125.22643709657167,,-1,0.0,1.0
Act 2,s4,935,1,1.0,0.9509804248809814,0.9509804,816.0,766.0,False,62.07923892183452,-123.344242973892,,-1,0.0,1.0
Act 2,s4,1138,1,1.0,0.9509804248809814,0.9509804,1019.0,325.0,False,59.0783947984603,-129.76595057545734,,-1,0.0,1.0
Act 2,s4,1302,1,1.0,0.9509804248809814,0.9509804,1221.0,516.0,False,57.9403767886242,-125.4814704453435,,-1,0.0,1.0
Act 2,s4,1480,1,1.0,0.9509804248809814,0.9509804,1430.0,550.0,False,56.27770800971645,-123.88237986066041,,-1,100.0,0.0
Act 2,s4,1602,1,1.0,0.9509804248809814,0.9509804,1908.0,773.0,False,52.789593958718385,-118.42121218860908,,-1,100.0,0.0
Act 2,s4,1770,1,1.0,0.9509804248809814,0.9509804,2045.0,858.0,False,51.809222369834735,-116.6746615071228,,-1,0.0,1.0
Act 2,s4,285,1,1.0,0.9411764740943909,0.9411765,364.0,438.0,False,65.0599316639714,-132.21544252297613,,-1,0.0,1.0
Act 2,s4,349,1,1.0,0.9411764740943909,0.9411765,406.0,425.0,False,64.64363310759528,-132.14422434484877,,-1,0.0,1.0
Act 2,s4,511,1,1.0,0.9411764740943909,0.9411765,494.0,428.0,False,63.883497306823166,-131.45198762757528,,-1,0.0,1.0
Act 2,s4,1249,1,1.0,0.9411764740943909,0.9411765,1169.0,262.0,False,57.638760185901965,-129.88097082561842,,-1,100.0,0.0
Act 2,s4,386,1,1.0,0.9313725233078003,0.9313725,427.0,288.0,False,63.965606584219074,-134.4739347718866,,-1,0.0,1.0
Act 2,s4,542,1,1.0,0.9313725233078003,0.9313725,513.0,770.0,False,64.79011828230212,-124.98125276148114,,-1,0.0,1.0
Act 2,s4,572,1,1.0,0.9313725233078003,0.9313725,538.0,512.0,False,63.77877424102483,-129.6194404887892,,-1,0.0,1.0
Act 2,s4,697,1,1.0,0.9313725233078003,0.9313725,635.0,348.0,False,62.39353391318215,-131.88506068748708,,-1,0.0,1.0
Act 2,s4,752,1,1.0,0.9313725233078003,0.9313725,692.0,702.0,False,62.998119943751476,-125.19094105417531,,-1,0.0,1.0
Act 2,s4,992,1,1.0,0.9313725233078003,0.9313725,858.0,287.0,False,60.30337591927537,-131.42096517884207,,-1,0.0,1.0
Act 2,s4,1896,1,1.0,0.9313725233078003,0.9313725,2178.0,799.0,False,50.589961188842096,-117.10361241209704,,-1,0.0,1.0
Act 2,s4,35,1,1.0,0.9215686321258545,0.92156863,127.0,120.0,False,65.88044939163548,-140.0318004020275,,-1,0.0,1.0
Act 2,s4,170,1,1.0,0.9215686321258545,0.92156863,243.0,152.0,False,65.0169515182601,-138.42221558898683,,-1,0.0,1.0
Act 2,s4,210,1,1.0,0.9215686321258545,0.92156863,309.0,164.0,False,64.50018708351874,-137.64453657990597,,-1,0.0,1.0
Act 2,s4,577,1,1.0,0.9215686321258545,0.92156863,543.0,414.0,False,63.409619741639396,-131.35812092234923,,-1,0.0,1.0
Act 2,s4,733,1,1.0,0.9215686321258545,0.92156863,667.0,247.0,False,61.772837182873914,-133.41160264664407,,-1,0.0,1.0
Act 2,s4,941,1,1.0,0.9215686321258545,0.92156863,822.0,760.0,False,62.01088977816698,-123.41991435951226,,-1,0.0,1.0
Act 2,s4,961,1,1.0,0.9215686321258545,0.92156863,833.0,514.0,False,61.22697652217887,-127.70056090156967,,-1,0.0,1.0
Act 2,s4,976,1,1.0,0.9215686321258545,0.92156863,838.0,680.0,False,61.65750282318211,-124.7586773282935,,-1,0.0,1.0
Act 2,s4,1051,1,1.0,0.9215686321258545,0.92156863,919.0,740.0,False,61.11152585593252,-123.26399182836978,,-1,0.0,1.0
Act 2,s4,1322,1,1.0,0.9215686321258545,0.92156863,1251.0,214.0,False,56.81612303009847,-130.15417330863139,,-1,100.0,0.0
Act 2,s4,1414,1,1.0,0.9215686321258545,0.92156863,1338.0,435.0,False,56.741746713856344,-126.17371343578219,,-1,0.0,1.0
Act 2,s4,1877,1,1.0,0.9215686321258545,0.92156863,2168.0,791.0,False,50.65803562297887,-117.25276120505434,,-1,0.0,1.0
Act 2,s4,1949,1,1.0,0.9215686321258545,0.92156863,2234.0,780.0,False,50.08853189731023,-117.19454856369116,,-1,0.0,1.0
Act 2,s4,36,1,1.0,0.9117647409439087,0.91176474,127.0,324.0,False,66.7337504805288,-136.24563137274475,,-1,0.0,1.0
Act 2,s4,527,1,1.0,0.9117647409439087,0.91176474,502.0,450.0,False,63.88849736316074,-130.9959905769533,,-1,0.0,1.0
Act 2,s4,539,1,1.0,0.9117647409439087,0.91176474,511.0,538.0,False,64.10066668446468,-129.32567344212188,,-1,0.0,1.0
Act 2,s4,712,1,1.0,0.9117647409439087,0.91176474,656.0,480.0,False,62.647468167248334,-129.4114486474771,,-1,0.0,1.0
Act 2,s4,730,1,1.0,0.9117647409439087,0.91176474,666.0,251.0,False,61.79530956886363,-133.35000933507052,,-1,0.0,1.0
Act 2,s4,942,1,1.0,0.9117647409439087,0.91176474,823.0,492.0,False,61.24668106508052,-128.14336508866452,,-1,0.0,1.0
Act 2,s4,142,1,1.0,0.9019607901573181,0.9019608,212.0,156.0,False,65.3001146588475,-138.61936983750178,,-1,0.0,1.0
Act 2,s4,307,1,1.0,0.9019607901573181,0.9019608,376.0,476.0,False,65.08723911260859,-131.42047135068964,,-1,0.0,1.0
Act 2,s4,555,1,1.0,0.9019607901573181,0.9019608,528.0,631.0,False,64.2433304189702,-127.49597848798419,,-1,0.0,1.0
Act 2,s4,711,1,1.0,0.9019607901573181,0.9019608,649.0,478.0,False,62.70170614780509,-129.4929690766329,,-1,0.0,1.0
Act 2,s4,835,1,1.0,0.9019607901573181,0.9019608,740.0,629.0,False,62.36897808407124,-126.22810970954522,,-1,0.0,1.0
Act 2,s4,1014,1,1.0,0.9019607901573181,0.9019608,871.0,833.0,False,61.76547135988095,-121.85788334659881,,-1,0.0,1.0
Act 2,s4,1055,1,1.0,0.9019607901573181,0.9019608,923.0,764.0,False,61.13797572097452,-122.82064505342119,,-1,0.0,1.0
Act 2,s4,1588,1,1.0,0.9019607901573181,0.9019608,1892.0,687.0,False,52.74475632310906,-119.77465237941176,,-1,0.0,1.0
Act 2,s4,1792,1,1.0,0.9019607901573181,0.9019608,2071.0,722.0,False,51.32933777273755,-118.59299167636014,,-1,0.0,1.0
Act 2,s4,2025,1,1.0,0.9019607901573181,0.9019608,2313.0,949.0,False,49.729708997248515,-114.5236177370229,,-1,100.0,0.0
Act 2,s4,49,1,1.0,0.8921568393707275,0.89215684,135.0,155.0,False,65.96155794331607,-139.32036355182748,,-1,0.0,1.0
Act 2,s4,163,1,1.0,0.8921568393707275,0.89215684,232.0,143.0,False,65.07416595809217,-138.67970341456214,,-1,0.0,1.0
Act 2,s4,280,1,1.0,0.8921568393707275,0.89215684,362.0,452.0,False,65.12723965564115,-131.97023654246837,,-1,0.0,1.0
Act 2,s4,371,1,1.0,0.8921568393707275,0.89215684,417.0,455.0,False,64.65164943374556,-131.51134201034532,,-1,0.0,1.0
Act 2,s4,902,1,1.0,0.8921568393707275,0.89215684,775.0,504.0,False,61.695152114156144,-128.22973018627755,,-1,0.0,1.0
Act 2,s4,958,1,1.0,0.8921568393707275,0.89215684,832.0,270.0,False,60.46496438117583,-131.87916008563226,,-1,0.0,1.0
Act 2,s4,1549,1,1.0,0.8921568393707275,0.89215684,1829.0,642.0,False,53.17086147644012,-120.69976883619891,,-1,0.0,1.0
Act 2,s4,54,1,1.0,0.8823529481887817,0.88235295,138.0,97.0,False,65.68608166787357,-140.3488084727964,,-1,0.0,1.0
Act 2,s4,197,1,1.0,0.8823529481887817,0.88235295,288.0,59.0,False,64.2476273876625,-139.68646888829142,,-1,0.0,1.0
Act 2,s4,389,1,1.0,0.8823529481887817,0.88235295,428.0,271.0,False,63.89383786847556,-134.77061973848214,,-1,0.0,1.0
Act 2,s4,464,1,1.0,0.8823529481887817,0.88235295,466.0,432.0,False,64.14184403941142,-131.57945239902426,,-1,0.0,1.0
Act 2,s4,540,1,1.0,0.8823529481887817,0.88235295,513.0,425.0,False,63.70768317358249,-131.37147563989683,,-1,0.0,1.0
Act 2,s4,714,1,1.0,0.8823529481887817,0.88235295,657.0,726.0,False,63.37525016660626,-124.95465595314558,,-1,0.0,1.0
Act 2,s4,849,1,1.0,0.8823529481887817,0.88235295,747.0,691.0,False,62.4832342839814,-125.074023249713,,-1,0.0,1.0
Act 2,s4,1046,1,1.0,0.8823529481887817,0.88235295,913.0,740.0,False,61.1637286230607,-123.29525395874396,,-1,0.0,1.0
Act 2,s4,1151,1,1.0,0.8823529481887817,0.88235295,1046.0,556.0,False,59.52864822376819,-125.7559625205981,,-1,0.0,1.0
Act 2,s4,2022,1,1.0,0.8823529481887817,0.88235295,2310.0,960.0,False,49.77287770954936,-114.37396460886738,,-1,0.0,1.0
Act 2,s4,314,1,1.0,0.8725490570068359,0.87254906,380.0,477.0,False,65.05521671142681,-131.37266803311087,,-1,0.0,1.0
Act 2,s4,346,1,1.0,0.8725490570068359,0.87254906,403.0,201.0,False,63.84265071161224,-136.2144263263431,,-1,0.0,1.0
Act 2,s4,467,1,1.0,0.8725490570068359,0.87254906,468.0,364.0,False,63.886612728731954,-132.79792247742284,,-1,0.0,1.0
Act 2,s4,524,1,1.0,0.8725490570068359,0.87254906,501.0,402.0,False,63.73313556969113,-131.87233049566314,,-1,0.0,1.0
Act 2,s4,573,1,1.0,0.8725490570068359,0.87254906,539.0,444.0,False,63.54556138694693,-130.84601160956518,,-1,0.0,1.0
Act 2,s4,770,1,1.0,0.8725490570068359,0.87254906,709.0,628.0,False,62.6370887623906,-126.43037829040405,,-1,0.0,1.0
Act 2,s4,900,1,1.0,0.8725490570068359,0.87254906,773.0,753.0,False,62.423270961046356,-123.81031147741545,,-1,0.0,1.0
Act 2,s4,1143,1,1.0,0.8725490570068359,0.87254906,1030.0,376.0,False,59.14276812576048,-128.85705575547712,,-1,0.0,1.0
Act 2,s4,1164,1,1.0,0.8725490570068359,0.87254906,1069.0,398.0,False,58.8818564339098,-128.2628679967946,,-1,0.0,1.0
Act 2,s4,1195,1,1.0,0.8725490570068359,0.87254906,1106.0,218.0,False,58.02041142651415,-130.968939504734,,-1,0.0,1.0
Act 2,s4,1207,1,1.0,0.8725490570068359,0.87254906,1138.0,549.0,False,58.72940156525156,-125.37643106615994,,-1,0.0,1.0
Act 2,s4,1262,1,1.0,0.8725490570068359,0.87254906,1177.0,440.0,False,58.099063627505814,-126.9598340385034,,-1,0.0,1.0
Act 2,s4,1326,1,1.0,0.8725490570068359,0.87254906,1254.0,216.0,False,56.79769630382126,-130.10503553127708,,-1,100.0,0.0
Act 2,s4,1692,1,1.0,0.8725490570068359,0.87254906,1983.0,605.0,False,51.81216263050892,-120.6400815915028,,-1,0.0,1.0
Act 2,s4,1837,1,1.0,0.8725490570068359,0.87254906,2133.0,724.0,False,50.818544418498426,-118.34522434345982,,-1,0.0,1.0
Act 2,s4,1986,1,1.0,0.8725490570068359,0.87254906,2260.0,773.0,False,49.85935874694057,-117.21012967314766,,-1,0.0,1.0
Act 2,s4,59,1,1.0,0.8627451062202454,0.8627451,141.0,247.0,False,66.29528647317211,-137.56913837870266,,-1,0.0,1.0
Act 2,s4,62,1,1.0,0.8627451062202454,0.8627451,142.0,61.0,False,65.49483564327774,-140.96109407013967,,-1,0.0,1.0
Act 2,s4,266,1,1.0,0.8627451062202454,0.8627451,354.0,436.0,False,65.14127446672711,-132.3272916408045,,-1,0.0,1.0
Act 2,s4,462,1,1.0,0.8627451062202454,0.8627451,466.0,372.0,False,63.93230664549229,-132.66826244463894,,-1,0.0,1.0
Act 2,s4,607,1,1.0,0.8627451062202454,0.8627451,575.0,465.0,False,63.30194244465858,-130.22015294922076,,-1,0.0,1.0
Act 2,s4,611,1,1.0,0.8627451062202454,0.8627451,577.0,463.0,False,63.27797544780192,-130.242546975769,,-1,0.0,1.0
Act 2,s4,628,1,1.0,0.8627451062202454,0.8627451,587.0,448.0,False,63.14173801268317,-130.44379059155452,,-1,0.0,1.0
Act 2,s4,878,1,1.0,0.8627451062202454,0.8627451,760.0,467.0,False,61.71018585325875,-128.9709913636116,,-1,0.0,1.0
Act 2,s4,1022,1,1.0,0.8627451062202454,0.8627451,880.0,320.0,False,60.22618464125694,-130.72313361592234,,-1,0.0,1.0
Act 2,s4,1064,1,1.0,0.8627451062202454,0.8627451,936.0,334.0,False,59.80091232154019,-130.13192722133599,,-1,0.0,1.0
Act 2,s4,1076,1,1.0,0.8627451062202454,0.8627451,953.0,714.0,False,60.74932584430497,-123.54234882624861,,-1,0.0,1.0
Act 2,s4,1427,1,1.0,0.8627451062202454,0.8627451,1348.0,626.0,False,57.15601900941384,-123.05500214194527,,-1,0.0,1.0
Act 2,s4,1536,1,1.0,0.8627451062202454,0.8627451,1762.0,740.0,False,53.94186363672749,-119.47217234997176,,-1,100.0,0.0
Act 2,s4,1543,1,1.0,0.8627451062202454,0.8627451,1803.0,691.0,False,53.49460278806874,-120.06089512025264,,-1,0.0,1.0
Act 2,s4,1705,1,1.0,0.8627451062202454,0.8627451,1995.0,928.0,False,52.35499058188467,-115.7899977602894,,-1,0.0,1.0
Act 2,s4,293,1,1.0,0.8529411554336548,0.85294116,371.0,409.0,False,64.89461707443522,-132.69954364116552,,-1,0.0,1.0
Act 2,s4,306,1,1.0,0.8529411554336548,0.85294116,375.0,474.0,False,65.08915040845697,-131.46502908362086,,-1,0.0,1.0
Act 2,s4,326,1,1.0,0.8529411554336548,0.85294116,389.0,351.0,False,64.5268333570354,-133.62658015473656,,-1,0.0,1.0
Act 2,s4,434,1,1.0,0.8529411554336548,0.85294116,449.0,419.0,False,64.24551466365861,-131.9393671903277,,-1,0.0,1.0
Act 2,s4,465,1,1.0,0.8529411554336548,0.85294116,466.0,548.0,False,64.53134921598152,-129.44636681743572,,-1,0.0,1.0
Act 2,s4,634,1,1.0,0.8529411554336548,0.85294116,589.0,464.0,False,63.176938917618045,-130.14324057401927,,-1,0.0,1.0
Act 2,s4,729,1,1.0,0.8529411554336548,0.85294116,666.0,235.0,False,61.739015288809696,-133.6247593717097,,-1,0.0,1.0
Act 2,s4,907,1,1.0,0.8529411554336548,0.85294116,782.0,765.0,False,62.37575973775094,-123.5446652021245,,-1,0.0,1.0
Act 2,s4,1082,1,1.0,0.8529411554336548,0.85294116,958.0,312.0,False,59.54712926405854,-130.3598279090186,,-1,0.0,1.0
Act 2,s4,1089,1,1.0,0.8529411554336548,0.85294116,962.0,343.0,False,59.6112011328149,-129.81937969871788,,-1,0.0,1.0
Act 2,s4,1108,1,1.0,0.8529411554336548,0.85294116,980.0,342.0,False,59.45728080809168,-129.7246035499739,,-1,0.0,1.0
Act 2,s4,1232,1,1.0,0.8529411554336548,0.85294116,1157.0,587.0,False,58.67018890395293,-124.64463504245643,,-1,0.0,1.0
Act 2,s4,1751,1,1.0,0.8529411554336548,0.85294116,2029.0,800.0,False,51.83303845893111,-117.58972179920663,,-1,100.0,0.0
Act 2,s4,2109,1,1.0,0.8529411554336548,0.85294116,2769.0,754.0,False,45.60687522929193,-115.92372648197778,,-1,100.0,0.0
Act 2,s4,33,1,1.0,0.843137264251709,0.84313726,127.0,75.0,False,65.68447120911615,-140.84747495375757,,-1,0.0,1.0
Act 2,s4,120,1,1.0,0.843137264251709,0.84313726,190.0,76.0,False,65.1505272924079,-140.2545360541458,,-1,0.0,1.0
Act 2,s4,130,1,1.0,0.843137264251709,0.84313726,198.0,257.0,False,65.83544584418868,-136.892661886223,,-1,0.0,1.0
Act 2,s4,195,1,1.0,0.843137264251709,0.84313726,285.0,346.0,False,65.41930500668892,-134.52982138132631,,-1,0.0,1.0
Act 2,s4,224,1,1.0,0.843137264251709,0.84313726,323.0,235.0,False,64.66114409504364,-136.2529069779797,,-1,0.0,1.0
Act 2,s4,237,1,1.0,0.843137264251709,0.84313726,335.0,290.0,False,64.76928623617779,-135.1590263323694,,-1,0.0,1.0
Act 2,s4,429,1,1.0,0.843137264251709,0.84313726,445.0,462.0,False,64.4291649647179,-131.18086796501103,,-1,0.0,1.0
Act 2,s4,603,1,1.0,0.843137264251709,0.84313726,571.0,272.0,False,62.67445810073121,-133.67407117280703,,-1,0.0,1.0
Act 2,s4,757,1,1.0,0.843137264251709,0.84313726,698.0,796.0,False,63.20150633817024,-123.43649131949043,,-1,0.0,1.0
Act 2,s4,793,1,1.0,0.843137264251709,0.84313726,723.0,498.0,False,62.12483086651138,-128.66096504660536,,-1,0.0,1.0
Act 2,s4,810,1,1.0,0.843137264251709,0.84313726,731.0,668.0,False,62.55911846043208,-125.58050492831211,,-1,0.0,1.0
Act 2,s4,815,1,1.0,0.843137264251709,0.84313726,733.0,672.0,False,62.552876204788475,-125.4968357484521,,-1,0.0,1.0
Act 2,s4,954,1,1.0,0.843137264251709,0.84313726,829.0,808.0,False,62.072764384350336,-122.52077619289767,,-1,0.0,1.0
Act 2,s4,1132,1,1.0,0.843137264251709,0.84313726,1013.0,226.0,False,58.813934961958104,-131.42471707595863,,-1,0.0,1.0
Act 2,s4,1165,1,1.0,0.843137264251709,0.84313726,1072.0,400.0,False,58.86264273892177,-128.21235136649344,,-1,0.0,1.0
Act 2,s4,1189,1,1.0,0.843137264251709,0.84313726,1097.0,321.0,False,58.41624251595587,-129.35935587520856,,-1,0.0,1.0
Act 2,s4,1275,1,1.0,0.843137264251709,0.84313726,1196.0,430.0,False,57.91176842259126,-127.01776628206905,,-1,0.0,1.0
Act 2,s4,1298,1,1.0,0.843137264251709,0.84313726,1216.0,435.0,False,57.758767191763404,-126.82681871907974,,-1,0.0,1.0
Act 2,s4,1472,1,1.0,0.843137264251709,0.84313726,1420.0,586.0,False,56.451768019898154,-123.35671417669563,,-1,100.0,0.0
Act 2,s4,1594,1,1.0,0.843137264251709,0.84313726,1902.0,776.0,False,52.84574249381554,-118.39776343605566,,-1,100.0,0.0
Act 2,s4,1606,1,1.0,0.843137264251709,0.84313726,1914.0,753.0,False,52.69901919730043,-118.70042294617647,,-1,0.0,1.0
Act 2,s4,1648,1,1.0,0.843137264251709,0.84313726,1959.0,731.0,False,52.27904909320173,-118.86473041874314,,-1,0.0,1.0
Act 2,s4,1729,1,1.0,0.843137264251709,0.84313726,2013.0,715.0,False,51.79704861913521,-118.90488181386404,,-1,0.0,1.0
Act 2,s4,1767,1,1.0,0.843137264251709,0.84313726,2040.0,905.0,False,51.936715669479106,-115.9910178006856,,-1,0.0,1.0
Act 2,s4,1862,1,1.0,0.843137264251709,0.84313726,2156.0,802.0,False,50.77870274995281,-117.13245029350861,,-1,0.0,1.0
Act 2,s4,173,1,1.0,0.8333333730697632,0.8333334,248.0,325.0,False,65.66473629386013,-135.21714728909885,,-1,0.0,1.0
Act 2,s4,382,1,1.0,0.8333333730697632,0.8333334,426.0,257.0,False,63.85868795270041,-135.0362406603293,,-1,0.0,1.0
Act 2,s4,384,1,1.0,0.8333333730697632,0.8333334,426.0,398.0,False,64.37288696254711,-132.49121400317333,,-1,0.0,1.0
Act 2,s4,509,1,1.0,0.8333333730697632,0.8333334,492.0,703.0,False,64.78389473368757,-126.37667753771976,,-1,0.0,1.0
Act 2,s4,655,1,1.0,0.8333333730697632,0.8333334,602.0,272.0,False,62.4109595837852,-133.44769206291164,,-1,0.0,1.0
Act 2,s4,734,1,1.0,0.8333333730697632,0.8333334,668.0,249.0,False,61.77142445564355,-133.37008931260286,,-1,0.0,1.0
Act 2,s4,831,1,1.0,0.8333333730697632,0.8333334,739.0,679.0,False,62.51993027830616,-125.33606337198987,,-1,0.0,1.0
Act 2,s4,846,1,1.0,0.8333333730697632,0.8333334,745.0,516.0,False,61.990265367844565,-128.20525393340475,,-1,0.0,1.0
Act 2,s4,1170,1,1.0,0.8333333730697632,0.8333334,1076.0,400.0,False,58.82911896480338,-128.18903703754404,,-1,0.0,1.0
Act 2,s4,1413,1,1.0,0.8333333730697632,0.8333334,1337.0,447.0,False,56.782865244289894,-125.98782847852041,,-1,0.0,1.0
Act 2,s4,1441,1,1.0,0.8333333730697632,0.8333334,1363.0,328.0,False,56.23456109888116,-127.72959432056545,,-1,0.0,1.0
Act 2,s4,1610,1,1.0,0.8333333730697632,0.8333334,1919.0,688.0,False,52.52229679106617,-119.65633232437067,,-1,0.0,1.0
Act 2,s4,1720,1,1.0,0.8333333730697632,0.8333334,2006.0,730.0,False,51.885856449003,-118.70840173143952,,-1,0.0,1.0
Act 2,s4,1884,1,1.0,0.8333333730697632,0.8333334,2171.0,765.0,False,50.58336000685827,-117.62000950859583,,-1,0.0,1.0
Act 2,s4,2172,1,1.0,0.8333333730697632,0.8333334,3131.0,1026.0,False,43.023482472335246,-111.46411247460499,,-1,0.0,1.0
Act 2,s4,105,1,1.0,0.8235294222831726,0.8235294,169.0,296.0,False,66.24776970633947,-136.41427424222013,,-1,0.0,1.0
Act 2,s4,113,1,1.0,0.8235294222831726,0.8235294,177.0,376.0,False,66.49277841286823,-134.8423568262515,,-1,0.0,1.0
Act 2,s4,207,1,1.0,0.8235294222831726,0.8235294,304.0,112.0,False,64.33176363283359,-138.61240324326803,,-1,0.0,1.0
Act 2,s4,305,1,1.0,0.8235294222831726,0.8235294,375.0,411.0,False,64.86657875235825,-132.63260520567704,,-1,0.0,1.0
Act 2,s4,356,1,1.0,0.8235294222831726,0.8235294,411.0,396.0,False,64.4970139954639,-132.63904836570777,,-1,0.0,1.0
Act 2,s4,417,1,1.0,0.8235294222831726,0.8235294,439.0,386.0,False,64.2168407408688,-132.61369066171008,,-1,0.0,1.0
Act 2,s4,588,1,1.0,0.8235294222831726,0.8235294,558.0,710.0,False,64.21196813220027,-125.83833717248453,,-1,0.0,1.0
Act 2,s4,653,1,1.0,0.8235294222831726,0.8235294,601.0,222.0,False,62.24062864939536,-134.32248696649356,,-1,0.0,1.0
Act 2,s4,664,1,1.0,0.8235294222831726,0.8235294,612.0,454.0,False,62.94470006660569,-130.16714824117327,,-1,0.0,1.0
Act 2,s4,673,1,1.0,0.8235294222831726,0.8235294,615.0,481.0,False,63.006242814752525,-129.66402112590822,,-1,0.0,1.0
Act 2,s4,778,1,1.0,0.8235294222831726,0.8235294,714.0,170.0,False,61.105992481135836,-134.38417335997826,,-1,0.0,1.0
Act 2,s4,889,1,1.0,0.8235294222831726,0.8235294,767.0,517.0,False,61.80352963512586,-128.05117521859512,,-1,0.0,1.0
Act 2,s4,898,1,1.0,0.8235294222831726,0.8235294,772.0,699.0,False,62.286045078134364,-124.78848446942797,,-1,0.0,1.0
Act 2,s4,915,1,1.0,0.8235294222831726,0.8235294,790.0,532.0,False,61.65043577273269,-127.6469132477943,,-1,0.0,1.0
Act 2,s4,925,1,1.0,0.8235294222831726,0.8235294,804.0,362.0,False,61.00239863424342,-130.50355957785536,,-1,0.0,1.0
Act 2,s4,995,1,1.0,0.8235294222831726,0.8235294,861.0,502.0,False,60.95138442937089,-127.73979637495928,,-1,0.0,1.0
Act 2,s4,1006,1,1.0,0.8235294222831726,0.8235294,866.0,835.0,False,61.81438358430352,-121.84709698794124,,-1,0.0,1.0
Act 2,s4,1040,1,1.0,0.8235294222831726,0.8235294,906.0,753.0,False,61.25809810386771,-123.10241273602269,,-1,0.0,1.0
Act 2,s4,1067,1,1.0,0.8235294222831726,0.8235294,947.0,320.0,False,59.6644894021338,-130.29612076361312,,-1,0.0,1.0
Act 2,s4,1158,1,1.0,0.8235294222831726,0.8235294,1058.0,238.0,False,58.48037748757522,-130.94554517388235,,-1,0.0,1.0
Act 2,s4,1289,1,1.0,0.8235294222831726,0.8235294,1203.0,395.0,False,57.753299681780305,-127.54617679559321,,-1,0.0,1.0
Act 2,s4,1293,1,1.0,0.8235294222831726,0.8235294,1207.0,421.0,False,57.79432324619214,-127.10314085731395,,-1,0.0,1.0
Act 2,s4,1438,1,1.0,0.8235294222831726,0.8235294,1362.0,453.0,False,56.59104539603721,-125.76265105398039,,-1,0.0,1.0
Act 2,s4,1659,1,1.0,0.8235294222831726,0.8235294,1966.0,868.0,False,52.48877702669648,-116.78767087157698,,-1,0.0,1.0
Act 2,s4,1661,1,1.0,0.8235294222831726,0.8235294,1967.0,635.0,False,52.01018340372519,-120.25992977954805,,-1,0.0,1.0
Act 2,s4,1721,1,1.0,0.8235294222831726,0.8235294,2006.0,757.0,False,51.94024274587122,-118.30816805009651,,-1,0.0,1.0
Act 2,s4,2082,1,1.0,0.8235294222831726,0.8235294,2715.0,883.0,False,46.273751120017224,-114.34021851955958,,-1,100.0,0.0
Act 2,s4,164,1,1.0,0.813725471496582,0.8137255,232.0,244.0,False,65.48602191623932,-136.84408643481163,,-1,0.0,1.0
Act 2,s4,177,1,1.0,0.813725471496582,0.8137255,256.0,180.0,False,65.01976664282515,-137.8055544451397,,-1,0.0,1.0
Act 2,s4,383,1,1.0,0.813725471496582,0.8137255,426.0,284.0,False,63.95939539636673,-134.55336102273102,,-1,0.0,1.0
Act 2,s4,408,1,1.0,0.813725471496582,0.8137255,436.0,454.0,False,64.48086962283588,-131.39247477143607,,-1,0.0,1.0
Act 2,s4,436,1,1.0,0.813725471496582,0.8137255,449.0,476.0,False,64.44170049879932,-130.8949213203168,,-1,0.0,1.0
Act 2,s4,596,1,1.0,0.813725471496582,0.8137255,564.0,465.0,False,63.39768868078042,-130.2950460363716,,-1,0.0,1.0
Act 2,s4,598,1,1.0,0.813725471496582,0.8137255,565.0,434.0,False,63.28612856077326,-130.84579462167233,,-1,0.0,1.0
Act 2,s4,632,1,1.0,0.813725471496582,0.8137255,589.0,445.0,False,63.11449369678499,-130.48389610094867,,-1,0.0,1.0
Act 2,s4,670,1,1.0,0.813725471496582,0.8137255,614.0,496.0,False,63.06309580515364,-129.40152950374159,,-1,0.0,1.0
Act 2,s4,717,1,1.0,0.813725471496582,0.8137255,659.0,196.0,False,61.65900805134872,-134.3427442571684,,-1,0.0,1.0
Act 2,s4,763,1,1.0,0.813725471496582,0.8137255,701.0,506.0,False,62.33974565041675,-128.6590945390171,,-1,0.0,1.0
Act 2,s4,782,1,1.0,0.813725471496582,0.8137255,717.0,448.0,False,62.01964304938705,-129.57938560573976,,-1,0.0,1.0
Act 2,s4,1007,1,1.0,0.813725471496582,0.8137255,867.0,507.0,False,60.914909196107615,-127.61748686013061,,-1,0.0,1.0
Act 2,s4,1021,1,1.0,0.813725471496582,0.8137255,879.0,322.0,False,60.24102362960462,-130.69594947732122,,-1,0.0,1.0
Act 2,s4,1031,1,1.0,0.813725471496582,0.8137255,899.0,324.0,False,60.07952092834703,-130.53393757001172,,-1,0.0,1.0
Act 2,s4,1324,1,1.0,0.813725471496582,0.8137255,1252.0,624.0,False,57.96149970203801,-123.55222885759278,,-1,0.0,1.0
Act 2,s4,1455,1,1.0,0.813725471496582,0.8137255,1386.0,368.0,False,56.15805920325125,-126.97879561568791,,-1,100.0,0.0
Act 2,s4,1464,1,1.0,0.813725471496582,0.8137255,1406.0,570.0,False,56.52902647734385,-123.67910323707456,,-1,0.0,1.0
Act 2,s4,1575,1,1.0,0.813725471496582,0.8137255,1871.0,735.0,False,53.020726355730076,-119.13161322842053,,-1,100.0,0.0
Act 2,s4,1621,1,1.0,0.813725471496582,0.8137255,1928.0,856.0,False,52.78451571686407,-117.09743775075636,,-1,0.0,1.0
Act 2,s4,1632,1,1.0,0.813725471496582,0.8137255,1948.0,725.0,False,52.35831029652162,-118.99474878403194,,-1,0.0,1.0
Act 2,s4,1690,1,1.0,0.813725471496582,0.8137255,1982.0,623.0,False,51.85984209907865,-120.37895903719573,,-1,100.0,0.0
Act 2,s4,1734,1,1.0,0.813725471496582,0.8137255,2017.0,767.0,False,51.86850116474079,-118.12089941700879,,-1,0.0,1.0
Act 2,s4,1814,1,1.0,0.813725471496582,0.8137255,2097.0,927.0,False,51.49833106188358,-115.4848980996812,,-1,0.0,1.0
Act 2,s4,1929,1,1.0,0.813725471496582,0.8137255,2211.0,690.0,False,50.10388795396056,-118.56415557456305,,-1,0.0,1.0
Act 2,s4,2037,1,1.0,0.813725471496582,0.8137255,2331.0,933.0,False,49.55287907912349,-114.70176871055277,,-1,0.0,1.0
Act 2,s4,2150,1,1.0,0.813725471496582,0.8137255,2850.0,844.0,False,45.08869098876512,-114.50658344915021,,-1,100.0,0.0
Act 2,s4,13,1,1.0,0.8039215803146362,0.8039216,86.0,123.0,False,66.24821178069506,-140.35378928070426,,-1,0.0,1.0
Act 2,s4,15,1,1.0,0.8039215803146362,0.8039216,89.0,291.0,False,66.93798011056356,-137.19889217123074,,-1,0.0,1.0
Act 2,s4,158,1,1.0,0.8039215803146362,0.8039216,226.0,105.0,False,64.96676522843538,-139.41449411404108,,-1,0.0,1.0
Act 2,s4,395,1,1.0,0.8039215803146362,0.8039216,430.0,498.0,False,64.68410293667732,-130.62346757976113,,-1,0.0,1.0
Act 2,s4,475,1,1.0,0.8039215803146362,0.8039216,475.0,435.0,False,64.07343946192032,-131.46029860311742,,-1,0.0,1.0
Act 2,s4,576,1,1.0,0.8039215803146362,0.8039216,541.0,460.0,False,63.58156287113601,-130.54311051917537,,-1,0.0,1.0
Act 2,s4,649,1,1.0,0.8039215803146362,0.8039216,597.0,455.0,False,63.07800710745125,-130.2505021896916,,-1,0.0,1.0
Act 2,s4,680,1,1.0,0.8039215803146362,0.8039216,619.0,756.0,False,63.79743557380607,-124.6204739396201,,-1,0.0,1.0
Act 2,s4,723,1,1.0,0.8039215803146362,0.8039216,660.0,729.0,False,63.357003799406364,-124.88217530104514,,-1,0.0,1.0
Act 2,s4,747,1,1.0,0.8039215803146362,0.8039216,680.0,649.0,False,62.95252475861039,-126.22462707705188,,-1,0.0,1.0
Act 2,s4,798,1,1.0,0.8039215803146362,0.8039216,725.0,670.0,False,62.61741969161217,-125.57934035450845,,-1,0.0,1.0
Act 2,s4,814,1,1.0,0.8039215803146362,0.8039216,733.0,503.0,False,62.05397748516056,-128.50961252829327,,-1,0.0,1.0
Act 2,s4,881,1,1.0,0.8039215803146362,0.8039216,762.0,471.0,False,61.70544982956615,-128.8884415532685,,-1,0.0,1.0
Act 2,s4,944,1,1.0,0.8039215803146362,0.8039216,825.0,519.0,False,61.31054167638324,-127.66191229423538,,-1,0.0,1.0
Act 2,s4,1028,1,1.0,0.8039215803146362,0.8039216,892.0,753.0,False,61.38018433900423,-123.17527362127218,,-1,0.0,1.0
Act 2,s4,1044,1,1.0,0.8039215803146362,0.8039216,911.0,293.0,False,59.879267390466325,-130.97529513994544,,-1,0.0,1.0
Act 2,s4,1087,1,1.0,0.8039215803146362,0.8039216,962.0,306.0,False,59.4946695951041,-130.43415903537087,,-1,0.0,1.0
Act 2,s4,1098,1,1.0,0.8039215803146362,0.8039216,968.0,290.0,False,59.39365646323061,-130.66107876040658,,-1,0.0,1.0
Act 2,s4,1277,1,1.0,0.8039215803146362,0.8039216,1198.0,392.0,False,57.78631310673605,-127.6226626637614,,-1,0.0,1.0
Act 2,s4,1331,1,1.0,0.8039215803146362,0.8039216,1262.0,721.0,False,58.11506551286485,-121.90139874393996,,-1,0.0,1.0
Act 2,s4,1571,1,1.0,0.8039215803146362,0.8039216,1860.0,657.0,False,52.9461639091731,-120.3501494465764,,-1,0.0,1.0
Act 2,s4,1576,1,1.0,0.8039215803146362,0.8039216,1871.0,824.0,False,53.20036741554402,-117.78183945522956,,-1,0.0,1.0
Act 2,s4,1601,1,1.0,0.8039215803146362,0.8039216,1907.0,595.0,False,52.418967826198426,-121.08963552391397,,-1,0.0,1.0
Act 2,s4,1660,1,1.0,0.8039215803146362,0.8039216,1967.0,601.0,False,51.935719627295626,-120.76180392479925,,-1,0.0,1.0
Act 2,s4,1681,1,1.0,0.8039215803146362,0.8039216,1975.0,714.0,False,52.11094851809924,-119.05893293636095,,-1,0.0,1.0
Act 2,s4,1771,1,1.0,0.8039215803146362,0.8039216,2047.0,911.0,False,51.888814747035354,-115.87924104142161,,-1,0.0,1.0
Act 2,s4,1886,1,1.0,0.8039215803146362,0.8039216,2172.0,886.0,False,50.799110451965895,-115.85581190371082,,-1,0.0,1.0
Act 2,s4,1888,1,1.0,0.8039215803146362,0.8039216,2173.0,817.0,False,50.66529061389429,-116.85845591871116,,-1,0.0,1.0
Act 2,s4,1957,1,1.0,0.8039215803146362,0.8039216,2241.0,750.0,False,49.973211804406844,-117.60213643831047,,-1,0.0,1.0
Act 2,s4,1981,1,1.0,0.8039215803146362,0.8039216,2257.0,895.0,False,50.105576846612394,-115.46529869771845,,-1,0.0,1.0
Act 2,s4,2001,1,1.0,0.8039215803146362,0.8039216,2273.0,697.0,False,49.60456242491997,-118.2510779981066,,-1,100.0,0.0
Act 2,s4,3,1,1.0,0.7941176891326904,0.7941177,29.0,233.0,False,67.22723357600655,-138.83299447590974,,-1,0.0,1.0
Act 2,s4,12,1,1.0,0.7941176891326904,0.7941177,82.0,228.0,False,66.73602891000998,-138.44608300702367,,-1,0.0,1.0
Act 2,s4,70,1,1.0,0.7941176891326904,0.7941177,147.0,97.0,False,65.60880224700746,-140.2666660253707,,-1,0.0,1.0
Act 2,s4,111,1,1.0,0.7941176891326904,0.7941177,173.0,344.0,False,66.40325650839796,-135.4798489797287,,-1,0.0,1.0
Act 2,s4,132,1,1.0,0.7941176891326904,0.7941177,202.0,184.0,False,65.50253359347455,-138.19792474704977,,-1,0.0,1.0
Act 2,s4,139,1,1.0,0.7941176891326904,0.7941177,207.0,171.0,False,65.40549844397907,-138.39095458573257,,-1,0.0,1.0
Act 2,s4,148,1,1.0,0.7941176891326904,0.7941177,219.0,203.0,False,65.4332311956237,-137.70461719685838,,-1,0.0,1.0
Act 2,s4,159,1,1.0,0.7941176891326904,0.7941177,226.0,334.0,False,65.89377503066753,-135.2294287632523,,-1,0.0,1.0
Act 2,s4,204,1,1.0,0.7941176891326904,0.7941177,300.0,358.0,False,65.33249843101638,-134.18880413977462,,-1,0.0,1.0
Act 2,s4,219,1,1.0,0.7941176891326904,0.7941177,316.0,200.0,False,64.58382060777271,-136.94097276556747,,-1,0.0,1.0
Act 2,s4,238,1,1.0,0.7941176891326904,0.7941177,337.0,238.0,False,64.55201749436813,-136.08482377249888,,-1,0.0,1.0
Act 2,s4,324,1,1.0,0.7941176891326904,0.7941177,388.0,426.0,False,64.80555247153522,-132.25894085908791,,-1,0.0,1.0
Act 2,s4,363,1,1.0,0.7941176891326904,0.7941177,414.0,505.0,False,64.84962133013728,-130.6070753827349,,-1,0.0,1.0
Act 2,s4,458,1,1.0,0.7941176891326904,0.7941177,463.0,491.0,False,64.36900241878953,-130.52011955574346,,-1,0.0,1.0
Act 2,s4,522,1,1.0,0.7941176891326904,0.7941177,500.0,449.0,False,63.90259435775743,-131.02823507735366,,-1,0.0,1.0
Act 2,s4,617,1,1.0,0.7941176891326904,0.7941177,580.0,259.0,False,62.551470619732264,-133.8350056884452,,-1,0.0,1.0
Act 2,s4,790,1,1.0,0.7941176891326904,0.7941177,720.0,691.0,False,62.720501128629216,-125.22886086809427,,-1,0.0,1.0
Act 2,s4,845,1,1.0,0.7941176891326904,0.7941177,745.0,459.0,False,61.81393316275002,-129.2063102536391,,-1,0.0,1.0
Act 2,s4,1216,1,1.0,0.7941176891326904,0.7941177,1148.0,601.0,False,58.783397131911336,-124.45791296164005,,-1,0.0,1.0
Act 2,s4,1229,1,1.0,0.7941176891326904,0.7941177,1157.0,533.0,False,58.52546350244259,-125.54054823857852,,-1,0.0,1.0
Act 2,s4,1233,1,1.0,0.7941176891326904,0.7941177,1158.0,535.0,False,58.52245683900979,-125.50214035972462,,-1,0.0,1.0
Act 2,s4,1399,1,1.0,0.7941176891326904,0.7941177,1325.0,378.0,False,56.69104489545384,-127.14803065387973,,-1,0.0,1.0
Act 2,s4,1465,1,1.0,0.7941176891326904,0.7941177,1409.0,329.0,False,55.85828285825397,-127.46529736166842,,-1,0.0,1.0
Act 2,s4,1503,1,1.0,0.7941176891326904,0.7941177,1450.0,566.0,False,56.150752812576634,-123.5328178838703,,-1,0.0,1.0
Act 2,s4,1507,1,1.0,0.7941176891326904,0.7941177,1453.0,627.0,False,56.275476727991105,-122.54836226313176,,-1,100.0,0.0
Act 2,s4,1535,1,1.0,0.7941176891326904,0.7941177,1756.0,692.0,False,53.88888698546997,-120.23246557885666,,-1,0.0,1.0
Act 2,s4,1561,1,1.0,0.7941176891326904,0.7941177,1839.0,643.0,False,53.08995856932017,-120.64452410757117,,-1,0.0,1.0
Act 2,s4,1623,1,1.0,0.7941176891326904,0.7941177,1935.0,689.0,False,52.39137466126348,-119.58060978243519,,-1,0.0,1.0
Act 2,s4,1665,1,1.0,0.7941176891326904,0.7941177,1968.0,725.0,False,52.19182805490436,-118.92109819544032,,-1,0.0,1.0
Act 2,s4,1689,1,1.0,0.7941176891326904,0.7941177,1981.0,729.0,False,52.091827889053626,-118.8140351801962,,-1,0.0,1.0
Act 2,s4,1713,1,1.0,0.7941176891326904,0.7941177,2002.0,731.0,False,51.92116481361316,-118.70805989088622,,-1,0.0,1.0
Act 2,s4,1730,1,1.0,0.7941176891326904,0.7941177,2013.0,792.0,False,51.95095701117637,-117.76380095077677,,-1,100.0,0.0
Act 2,s4,1819,1,1.0,0.7941176891326904,0.7941177,2109.0,873.0,False,51.30192670393116,-116.24505483650792,,-1,0.0,1.0
Act 2,s4,1980,1,1.0,0.7941176891326904,0.7941177,2257.0,812.0,False,49.95704467203515,-116.66055417361164,,-1,100.0,0.0
Act 2,s4,6,1,1.0,0.7843137383460999,0.78431374,38.0,144.0,False,66.7586899152158,-140.41409826320276,,-1,0.0,1.0
Act 2,s4,26,1,1.0,0.7843137383460999,0.78431374,121.0,133.0,False,65.98847997415804,-139.84942528099,,-1,0.0,1.0
Act 2,s4,65,1,1.0,0.7843137383460999,0.78431374,143.0,77.0,False,65.55621891042486,-140.66410619325632,,-1,0.0,1.0
Act 2,s4,147,1,1.0,0.7843137383460999,0.78431374,217.0,210.0,False,65.47913724596873,-137.5939875783756,,-1,0.0,1.0
Act 2,s4,153,1,1.0,0.7843137383460999,0.78431374,223.0,394.0,False,66.15083068188414,-134.12874830687434,,-1,0.0,1.0
Act 2,s4,186,1,1.0,0.7843137383460999,0.78431374,273.0,99.0,False,64.5414470632999,-139.11011704030318,,-1,0.0,1.0
Act 2,s4,250,1,1.0,0.7843137383460999,0.78431374,347.0,289.0,False,64.66126321805325,-135.08170567222925,,-1,0.0,1.0
Act 2,s4,286,1,1.0,0.7843137383460999,0.78431374,364.0,462.0,False,65.1447532149451,-131.76932027215662,,-1,0.0,1.0
Act 2,s4,295,1,1.0,0.7843137383460999,0.78431374,371.0,482.0,False,65.15251745052146,-131.34511619504366,,-1,0.0,1.0
Act 2,s4,328,1,1.0,0.7843137383460999,0.78431374,390.0,397.0,False,64.68461190387077,-132.77764916548912,,-1,0.0,1.0
Act 2,s4,367,1,1.0,0.7843137383460999,0.78431374,415.0,433.0,False,64.59261266580327,-131.9310032452377,,-1,0.0,1.0
Act 2,s4,388,1,1.0,0.7843137383460999,0.78431374,427.0,552.0,False,64.89132171860274,-129.64004264704562,,-1,0.0,1.0
Act 2,s4,390,1,1.0,0.7843137383460999,0.78431374,428.0,405.0,False,64.38014593631131,-132.34863189317133,,-1,0.0,1.0
Act 2,s4,499,1,1.0,0.7843137383460999,0.78431374,489.0,682.0,False,64.74771813049152,-126.7912210036638,,-1,0.0,1.0
Act 2,s4,553,1,1.0,0.7843137383460999,0.78431374,527.0,627.0,False,64.2399302048065,-127.57663313998731,,-1,0.0,1.0
Act 2,s4,571,1,1.0,0.7843137383460999,0.78431374,537.0,767.0,False,64.56467176173145,-124.89497488698446,,-1,0.0,1.0
Act 2,s4,631,1,1.0,0.7843137383460999,0.78431374,588.0,755.0,False,64.07208964066169,-124.81948677618206,,-1,0.0,1.0
Act 2,s4,715,1,1.0,0.7843137383460999,0.78431374,658.0,463.0,False,62.575831846853234,-129.7004929346575,,-1,0.0,1.0
Act 2,s4,742,1,1.0,0.7843137383460999,0.78431374,675.0,699.0,False,63.139845458113825,-125.34450973449808,,-1,0.0,1.0
Act 2,s4,786,1,1.0,0.7843137383460999,0.78431374,719.0,212.0,False,61.212990093629585,-133.63808801902627,,-1,0.0,1.0
Act 2,s4,799,1,1.0,0.7843137383460999,0.78431374,726.0,467.0,False,62.002295564201816,-129.18771807957862,,-1,0.0,1.0
Act 2,s4,916,1,1.0,0.7843137383460999,0.78431374,791.0,352.0,False,61.0800806690654,-130.7597659215885,,-1,0.0,1.0
Act 2,s4,951,1,1.0,0.7843137383460999,0.78431374,829.0,521.0,False,61.28214692457615,-127.60296904961199,,-1,0.0,1.0
Act 2,s4,1000,1,1.0,0.7843137383460999,0.78431374,863.0,837.0,False,61.8457113894409,-121.8262533375899,,-1,0.0,1.0
Act 2,s4,1020,1,1.0,0.7843137383460999,0.78431374,878.0,793.0,False,61.60442205683699,-122.53721946546675,,-1,0.0,1.0
Act 2,s4,1097,1,1.0,0.7843137383460999,0.78431374,967.0,519.0,False,60.09658650131673,-126.82597461842569,,-1,0.0,1.0
Act 2,s4,1347,1,1.0,0.7843137383460999,0.78431374,1273.0,307.0,False,56.916058109534234,-128.5602602026643,,-1,100.0,0.0
Act 2,s4,1442,1,1.0,0.7843137383460999,0.78431374,1363.0,615.0,False,57.00247676855561,-123.16166342972147,,-1,0.0,1.0
Act 2,s4,1444,1,1.0,0.7843137383460999,0.78431374,1369.0,234.0,False,55.91005266340952,-129.16022568568036,,-1,0.0,1.0
Act 2,s4,1574,1,1.0,0.7843137383460999,0.78431374,1862.0,658.0,False,52.9317199632558,-120.32721119213727,,-1,0.0,1.0
Act 2,s4,1629,1,1.0,0.7843137383460999,0.78431374,1947.0,730.0,False,52.376922189184725,-118.92376969756964,,-1,0.0,1.0
Act 2,s4,1651,1,1.0,0.7843137383460999,0.78431374,1960.0,729.0,False,52.266624916239564,-118.89088080307245,,-1,0.0,1.0
Act 2,s4,1708,1,1.0,0.7843137383460999,0.78431374,1999.0,778.0,False,52.040250853996426,-118.02092191406713,,-1,0.0,1.0
Act 2,s4,1754,1,1.0,0.7843137383460999,0.78431374,2031.0,811.0,False,51.83753506391007,-117.41964341038477,,-1,100.0,0.0
Act 2,s4,1798,1,1.0,0.7843137383460999,0.78431374,2077.0,936.0,False,51.68153193534033,-115.4130923073082,,-1,0.0,1.0
Act 2,s4,1812,1,1.0,0.7843137383460999,0.78431374,2092.0,821.0,False,51.34772208601549,-117.06633830199799,,-1,0.0,1.0
Act 2,s4,2117,1,1.0,0.7843137383460999,0.78431374,2775.0,823.0,False,45.676179363859035,-114.98608194238764,,-1,100.0,0.0
Act 2,s4,66,1,1.0,0.7745097875595093,0.7745098,143.0,125.0,False,65.76393378458292,-139.79544598002323,,-1,0.0,1.0
Act 2,s4,182,1,1.0,0.7745097875595093,0.7745098,264.0,174.0,False,64.92653346007029,-137.8456510550197,,-1,0.0,1.0
Act 2,s4,185,1,1.0,0.7745097875595093,0.7745098,272.0,93.0,False,64.52498801186604,-139.22530707495136,,-1,0.0,1.0
Act 2,s4,249,1,1.0,0.7745097875595093,0.7745098,346.0,460.0,False,65.2975075819639,-131.93999334919897,,-1,0.0,1.0
Act 2,s4,366,1,1.0,0.7745097875595093,0.7745098,415.0,428.0,False,64.57508457542967,-132.02289246486464,,-1,0.0,1.0
Act 2,s4,369,1,1.0,0.7745097875595093,0.7745098,416.0,494.0,False,64.79449922740311,-130.79713030392705,,-1,0.0,1.0
Act 2,s4,373,1,1.0,0.7745097875595093,0.7745098,420.0,495.0,False,64.76246885751286,-130.7500751386104,,-1,0.0,1.0
Act 2,s4,380,1,1.0,0.7745097875595093,0.7745098,425.0,439.0,False,64.52564832078816,-131.74774041126108,,-1,0.0,1.0
Act 2,s4,460,1,1.0,0.7745097875595093,0.7745098,465.0,428.0,False,64.13678878429964,-131.6595465422773,,-1,0.0,1.0
Act 2,s4,461,1,1.0,0.7745097875595093,0.7745098,465.0,497.0,False,64.37149176640254,-130.3956801862171,,-1,0.0,1.0
Act 2,s4,544,1,1.0,0.7745097875595093,0.7745098,515.0,495.0,False,63.924954341356646,-130.08607883815256,,-1,0.0,1.0
Act 2,s4,562,1,1.0,0.7745097875595093,0.7745098,532.0,450.0,False,63.626648067858284,-130.78626836828923,,-1,0.0,1.0
Act 2,s4,785,1,1.0,0.7745097875595093,0.7745098,719.0,199.0,False,61.16722774255063,-133.85832554433048,,-1,0.0,1.0
Act 2,s4,882,1,1.0,0.7745097875595093,0.7745098,762.0,519.0,False,61.852703546894354,-128.04691897924158,,-1,0.0,1.0
Act 2,s4,886,1,1.0,0.7745097875595093,0.7745098,765.0,520.0,False,61.82986110286762,-128.01080162839463,,-1,0.0,1.0
Act 2,s4,934,1,1.0,0.7745097875595093,0.7745098,816.0,534.0,False,61.432488775014114,-127.45461052832806,,-1,0.0,1.0
Act 2,s4,948,1,1.0,0.7745097875595093,0.7745098,826.0,542.0,False,61.370075803995334,-127.25495891413725,,-1,0.0,1.0
Act 2,s4,968,1,1.0,0.7745097875595093,0.7745098,835.0,787.0,False,61.966529152666695,-122.86700423109086,,-1,0.0,1.0
Act 2,s4,1025,1,1.0,0.7745097875595093,0.7745098,887.0,774.0,False,61.47755856297684,-122.82891898393893,,-1,0.0,1.0
Act 2,s4,1085,1,1.0,0.7745097875595093,0.7745098,961.0,211.0,False,59.19516998675871,-132.00529782404453,,-1,100.0,0.0
Act 2,s4,1167,1,1.0,0.7745097875595093,0.7745098,1073.0,434.0,False,58.954173912340835,-127.64446094793493,,-1,0.0,1.0
Act 2,s4,1215,1,1.0,0.7745097875595093,0.7745098,1145.0,555.0,False,58.68640334053403,-125.23957839412259,,-1,0.0,1.0
Act 2,s4,1271,1,1.0,0.7745097875595093,0.7745098,1191.0,660.0,False,58.569742090855804,-123.25636140301539,,-1,0.0,1.0
Act 2,s4,1274,1,1.0,0.7745097875595093,0.7745098,1195.0,437.0,False,57.93995559819003,-126.90947248343464,,-1,0.0,1.0
Act 2,s4,1294,1,1.0,0.7745097875595093,0.7745098,1211.0,442.0,False,57.82025434828985,-126.74056813395946,,-1,0.0,1.0
Act 2,s4,1321,1,1.0,0.7745097875595093,0.7745098,1248.0,385.0,False,57.35004343371796,-127.45714286008189,,-1,0.0,1.0
Act 2,s4,1547,1,1.0,0.7745097875595093,0.7745098,1826.0,708.0,False,53.33929790245765,-119.71253880197673,,-1,100.0,0.0
Act 2,s4,1641,1,1.0,0.7745097875595093,0.7745098,1956.0,774.0,False,52.390945425749415,-118.23316488212019,,-1,0.0,1.0
Act 2,s4,1647,1,1.0,0.7745097875595093,0.7745098,1959.0,698.0,False,52.21075770878896,-119.35620552104639,,-1,0.0,1.0
Act 2,s4,1667,1,1.0,0.7745097875595093,0.7745098,1969.0,634.0,False,51.99144005395396,-120.26697379029696,,-1,0.0,1.0
Act 2,s4,1685,1,1.0,0.7745097875595093,0.7745098,1978.0,718.0,False,52.094238384522384,-118.98846382469857,,-1,0.0,1.0
Act 2,s4,1773,1,1.0,0.7745097875595093,0.7745098,2049.0,903.0,False,51.857766591385584,-115.99211206408832,,-1,0.0,1.0
Act 2,s4,1871,1,1.0,0.7745097875595093,0.7745098,2161.0,813.0,False,50.75774582348484,-116.95581832754378,,-1,0.0,1.0
Act 2,s4,1927,1,1.0,0.7745097875595093,0.7745098,2207.0,948.0,False,50.61388321439263,-114.84461420379792,,-1,0.0,1.0
Act 2,s4,1940,1,1.0,0.7745097875595093,0.7745098,2223.0,888.0,False,50.37699023899571,-115.66963338079731,,-1,0.0,1.0
Act 2,s4,2063,1,1.0,0.7745097875595093,0.7745098,2392.0,850.0,False,48.90271782834152,-115.70384365075417,,-1,0.0,1.0
Act 2,s4,55,1,1.0,0.7647058963775635,0.7647059,138.0,271.0,False,66.42046492031385,-137.14757205674184,,-1,0.0,1.0
Act 2,s4,91,1,1.0,0.7647058963775635,0.7647059,158.0,259.0,False,66.19491606593786,-137.19834789360266,,-1,0.0,1.0
Act 2,s4,221,1,1.0,0.7647058963775635,0.7647059,320.0,205.0,False,64.56921256125517,-136.81804047376335,,-1,0.0,1.0
Act 2,s4,227,1,1.0,0.7647058963775635,0.7647059,324.0,257.0,False,64.73800068427416,-135.84674506882445,,-1,0.0,1.0
Act 2,s4,230,1,1.0,0.7647058963775635,0.7647059,326.0,373.0,False,65.15952167760186,-133.70802333500092,,-1,0.0,1.0
Act 2,s4,290,1,1.0,0.7647058963775635,0.7647059,368.0,450.0,False,65.06703313298826,-131.96294436517834,,-1,0.0,1.0
Act 2,s4,298,1,1.0,0.7647058963775635,0.7647059,373.0,395.0,False,64.8266529647723,-132.94240283765384,,-1,0.0,1.0
Act 2,s4,308,1,1.0,0.7647058963775635,0.7647059,377.0,324.0,False,64.53192745295628,-134.21038064052945,,-1,0.0,1.0
Act 2,s4,442,1,1.0,0.7647058963775635,0.7647059,453.0,420.0,False,64.21400686573705,-131.89208280584825,,-1,0.0,1.0
Act 2,s4,444,1,1.0,0.7647058963775635,0.7647059,453.0,675.0,False,65.05050353198385,-127.1535034017098,,-1,0.0,1.0
Act 2,s4,494,1,1.0,0.7647058963775635,0.7647059,487.0,392.0,False,63.82009821089658,-132.15375801633212,,-1,0.0,1.0
Act 2,s4,625,1,1.0,0.7647058963775635,0.7647059,585.0,467.0,False,63.22152292104253,-130.1163984029711,,-1,0.0,1.0
Act 2,s4,679,1,1.0,0.7647058963775635,0.7647059,619.0,485.0,False,62.984358368795895,-129.5658022625955,,-1,0.0,1.0
Act 2,s4,691,1,1.0,0.7647058963775635,0.7647059,629.0,219.0,False,61.99371255343672,-134.16812691480519,,-1,0.0,1.0
Act 2,s4,740,1,1.0,0.7647058963775635,0.7647059,675.0,591.0,False,62.82526840834761,-127.30305909602409,,-1,0.0,1.0
Act 2,s4,779,1,1.0,0.7647058963775635,0.7647059,715.0,647.0,False,62.63950157971223,-126.05261189605642,,-1,0.0,1.0
Act 2,s4,820,1,1.0,0.7647058963775635,0.7647059,735.0,205.0,False,61.05455195288268,-133.6430098816579,,-1,0.0,1.0
Act 2,s4,833,1,1.0,0.7647058963775635,0.7647059,740.0,350.0,False,61.505883773897395,-131.13263749835318,,-1,0.0,1.0
Act 2,s4,844,1,1.0,0.7647058963775635,0.7647059,744.0,484.0,False,61.900472821292375,-128.7745090397694,,-1,0.0,1.0
Act 2,s4,851,1,1.0,0.7647058963775635,0.7647059,748.0,512.0,False,61.952164790524314,-128.2570353881696,,-1,0.0,1.0
Act 2,s4,891,1,1.0,0.7647058963775635,0.7647059,768.0,530.0,False,61.834171797798135,-127.81645684332409,,-1,0.0,1.0
Act 2,s4,952,1,1.0,0.7647058963775635,0.7647059,829.0,551.0,False,61.37068189563311,-127.07992878625058,,-1,0.0,1.0
Act 2,s4,953,1,1.0,0.7647058963775635,0.7647059,829.0,555.0,False,61.38238496178747,-127.01004074872974,,-1,0.0,1.0
Act 2,s4,965,1,1.0,0.7647058963775635,0.7647059,835.0,491.0,False,61.14091120721138,-128.0873991960576,,-1,0.0,1.0
Act 2,s4,1091,1,1.0,0.7647058963775635,0.7647059,963.0,317.0,False,59.52115007724793,-130.24542878147324,,-1,0.0,1.0
Act 2,s4,1115,1,1.0,0.7647058963775635,0.7647059,989.0,312.0,False,59.288172730163744,-130.16576497588733,,-1,0.0,1.0
Act 2,s4,1135,1,1.0,0.7647058963775635,0.7647059,1016.0,352.0,False,59.18683863872071,-129.33854240939195,,-1,0.0,1.0
Act 2,s4,1248,1,1.0,0.7647058963775635,0.7647059,1167.0,197.0,False,57.452057351329685,-130.9280190823598,,-1,0.0,1.0
Act 2,s4,1305,1,1.0,0.7647058963775635,0.7647059,1224.0,505.0,False,57.885382596219564,-125.64533263893301,,-1,0.0,1.0
Act 2,s4,1327,1,1.0,0.7647058963775635,0.7647059,1256.0,399.0,False,57.323446540803474,-127.18853595651433,,-1,0.0,1.0
Act 2,s4,1397,1,1.0,0.7647058963775635,0.7647059,1324.0,413.0,False,56.797419059685716,-126.59772352831412,,-1,0.0,1.0
Act 2,s4,1409,1,1.0,0.7647058963775635,0.7647059,1333.0,598.0,False,57.21244105496007,-123.58095063339353,,-1,0.0,1.0
Act 2,s4,1445,1,1.0,0.7647058963775635,0.7647059,1369.0,513.0,False,56.69224424368113,-124.77117357126798,,-1,0.0,1.0
Act 2,s4,1450,1,1.0,0.7647058963775635,0.7647059,1376.0,504.0,False,56.61019460767028,-124.8797443252162,,-1,0.0,1.0
Act 2,s4,1506,1,1.0,0.7647058963775635,0.7647059,1453.0,377.0,False,55.629583201257724,-126.48667615821395,,-1,0.0,1.0
Act 2,s4,1532,1,1.0,0.7647058963775635,0.7647059,1744.0,695.0,False,53.99563079417107,-120.23455445941201,,-1,0.0,1.0
Act 2,s4,1551,1,1.0,0.7647058963775635,0.7647059,1831.0,643.0,False,53.1564518762867,-120.67663521491352,,-1,0.0,1.0
Act 2,s4,1554,1,1.0,0.7647058963775635,0.7647059,1832.0,695.0,False,53.26147778460311,-119.88637770514721,,-1,100.0,0.0
Act 2,s4,1586,1,1.0,0.7647058963775635,0.7647059,1890.0,834.0,False,53.06068761370987,-117.56262007446009,,-1,0.0,1.0
Act 2,s4,1640,1,1.0,0.7647058963775635,0.7647059,1955.0,871.0,False,52.58652138613426,-116.7794016892058,,-1,0.0,1.0
Act 2,s4,1672,1,1.0,0.7647058963775635,0.7647059,1970.0,866.0,False,52.451544529043886,-116.8043411723151,,-1,0.0,1.0
Act 2,s4,1676,1,1.0,0.7647058963775635,0.7647059,1974.0,723.0,False,52.137792756606935,-118.92883575277868,,-1,0.0,1.0
Act 2,s4,1707,1,1.0,0.7647058963775635,0.7647059,1998.0,656.0,False,51.798330872981985,-119.83132886921284,,-1,100.0,0.0
Act 2,s4,1712,1,1.0,0.7647058963775635,0.7647059,2001.0,871.0,False,52.201310484098336,-116.62602119246685,,-1,0.0,1.0
Act 2,s4,1732,1,1.0,0.7647058963775635,0.7647059,2015.0,762.0,False,51.87524302892264,-118.2020849894227,,-1,0.0,1.0
Act 2,s4,1787,1,1.0,0.7647058963775635,0.7647059,2062.0,914.0,False,51.768525650293995,-115.78711738759003,,-1,0.0,1.0
Act 2,s4,1810,1,1.0,0.7647058963775635,0.7647059,2088.0,722.0,False,51.18814092725244,-118.53260683267624,,-1,0.0,1.0
Act 2,s4,1851,1,1.0,0.7647058963775635,0.7647059,2147.0,792.0,False,50.83466015708603,-117.30797376404003,,-1,0.0,1.0
Act 2,s4,1859,1,1.0,0.7647058963775635,0.7647059,2155.0,730.0,False,50.647864159240854,-118.18178072629465,,-1,0.0,1.0
Act 2,s4,1915,1,1.0,0.7647058963775635,0.7647059,2195.0,909.0,False,50.647434111083584,-115.44944091088124,,-1,0.0,1.0
Act 2,s4,1959,1,1.0,0.7647058963775635,0.7647059,2244.0,943.0,False,50.29614164808027,-114.80901585833323,,-1,0.0,1.0
Act 2,s4,2154,1,1.0,0.7647058963775635,0.7647059,2869.0,774.0,False,44.81353087845287,-115.38027140987595,,-1,100.0,0.0
Act 2,s4,46,1,1.0,0.7549020051956177,0.754902,134.0,278.0,False,66.48452499951958,-137.05121865231663,,-1,0.0,1.0
Act 2,s4,75,1,1.0,0.7549020051956177,0.754902,150.0,276.0,False,66.33483512717052,-136.95045602750815,,-1,0.0,1.0
Act 2,s4,84,1,1.0,0.7549020051956177,0.754902,154.0,51.0,False,65.34874706410643,-141.0298319742819,,-1,0.0,1.0
Act 2,s4,87,1,1.0,0.7549020051956177,0.754902,156.0,295.0,False,66.35880728489634,-136.54364812463334,,-1,0.0,1.0
Act 2,s4,95,1,1.0,0.7549020051956177,0.754902,161.0,295.0,False,66.31453525209047,-136.50101031843437,,-1,0.0,1.0
Act 2,s4,108,1,1.0,0.7549020051956177,0.754902,171.0,371.0,False,66.5269971483371,-134.98647260334332,,-1,0.0,1.0
Act 2,s4,220,1,1.0,0.7549020051956177,0.754902,320.0,115.0,False,64.20819756532192,-138.42296048982672,,-1,0.0,1.0
Act 2,s4,253,1,1.0,0.7549020051956177,0.754902,349.0,339.0,False,64.83174848459555,-134.15437580913286,,-1,0.0,1.0
Act 2,s4,277,1,1.0,0.7549020051956177,0.754902,361.0,347.0,False,64.75654584488161,-133.91482671123146,,-1,0.0,1.0
Act 2,s4,300,1,1.0,0.7549020051956177,0.754902,373.0,448.0,False,65.01572745547965,-131.96306756923033,,-1,0.0,1.0
Act 2,s4,374,1,1.0,0.7549020051956177,0.754902,421.0,250.0,False,63.87529904055401,-135.20018336621536,,-1,0.0,1.0
Act 2,s4,421,1,1.0,0.7549020051956177,0.754902,439.0,465.0,False,64.4922592232499,-131.16862821713354,,-1,0.0,1.0
Act 2,s4,498,1,1.0,0.7549020051956177,0.754902,488.0,685.0,False,64.76578484036908,-126.74108081738638,,-1,0.0,1.0
Act 2,s4,528,1,1.0,0.7549020051956177,0.754902,503.0,427.0,False,63.801607667854356,-131.4061490497054,,-1,0.0,1.0
Act 2,s4,563,1,1.0,0.7549020051956177,0.754902,533.0,383.0,False,63.39014832322668,-131.98477096033125,,-1,0.0,1.0
Act 2,s4,579,1,1.0,0.7549020051956177,0.754902,548.0,661.0,False,64.1563022844343,-126.81226340914405,,-1,0.0,1.0
Act 2,s4,642,1,1.0,0.7549020051956177,0.754902,593.0,450.0,False,63.09628312271136,-130.36715277831507,,-1,0.0,1.0
Act 2,s4,690,1,1.0,0.7549020051956177,0.754902,627.0,734.0,False,63.664502696807574,-124.98163605620273,,-1,0.0,1.0
Act 2,s4,738,1,1.0,0.7549020051956177,0.754902,673.0,751.0,False,63.30244600478013,-124.40342872013117,,-1,0.0,1.0
Act 2,s4,772,1,1.0,0.7549020051956177,0.754902,711.0,643.0,False,62.6630378228437,-126.14837183814763,,-1,0.0,1.0
Act 2,s4,807,1,1.0,0.7549020051956177,0.754902,729.0,630.0,False,62.46795942322892,-126.27531535551834,,-1,0.0,1.0
Act 2,s4,812,1,1.0,0.7549020051956177,0.754902,732.0,700.0,False,62.64004629092602,-124.99720035333516,,-1,0.0,1.0
Act 2,s4,838,1,1.0,0.7549020051956177,0.754902,742.0,481.0,False,61.908374273621156,-128.83983949414406,,-1,0.0,1.0
Act 2,s4,853,1,1.0,0.7549020051956177,0.754902,750.0,463.0,False,61.783538479202605,-129.104434806371,,-1,0.0,1.0
Act 2,s4,867,1,1.0,0.7549020051956177,0.754902,755.0,509.0,False,61.882636916254924,-128.2662097477567,,-1,0.0,1.0
Act 2,s4,880,1,1.0,0.7549020051956177,0.754902,761.0,709.0,False,62.40999435083752,-124.67050407853536,,-1,0.0,1.0
Act 2,s4,983,1,1.0,0.7549020051956177,0.754902,850.0,473.0,False,60.95833379750836,-128.30682479510742,,-1,0.0,1.0
Act 2,s4,990,1,1.0,0.7549020051956177,0.754902,856.0,856.0,False,61.95389657232931,-121.5195606270652,,-1,0.0,1.0
Act 2,s4,1039,1,1.0,0.7549020051956177,0.754902,904.0,314.0,False,60.00553197452316,-130.6694796588941,,-1,0.0,1.0
Act 2,s4,1071,1,1.0,0.7549020051956177,0.754902,951.0,311.0,False,59.60247809705121,-130.42055505831758,,-1,0.0,1.0
Act 2,s4,1077,1,1.0,0.7549020051956177,0.754902,955.0,268.0,False,59.43130186738109,-131.10722415210307,,-1,0.0,1.0
Act 2,s4,1145,1,1.0,0.7549020051956177,0.754902,1039.0,342.0,False,58.963877556496406,-129.364235295962,,-1,0.0,1.0
Act 2,s4,1147,1,1.0,0.7549020051956177,0.754902,1041.0,221.0,False,58.566276357221774,-131.3279026406123,,-1,0.0,1.0
Act 2,s4,1150,1,1.0,0.7549020051956177,0.754902,1045.0,311.0,False,58.81817185587323,-129.83684751913862,,-1,0.0,1.0
Act 2,s4,1174,1,1.0,0.7549020051956177,0.754902,1079.0,429.0,False,58.889177759748605,-127.69275497956835,,-1,0.0,1.0
Act 2,s4,1201,1,1.0,0.7549020051956177,0.754902,1125.0,565.0,False,58.88266979010515,-125.17906202638278,,-1,0.0,1.0
Act 2,s4,1241,1,1.0,0.7549020051956177,0.754902,1163.0,235.0,False,57.60447383786634,-130.3480833587489,,-1,0.0,1.0
Act 2,s4,1269,1,1.0,0.7549020051956177,0.754902,1189.0,435.0,False,57.98447553392526,-126.9750602301598,,-1,0.0,1.0
Act 2,s4,1303,1,1.0,0.7549020051956177,0.754902,1222.0,665.0,False,58.31873322866762,-123.02127685428113,,-1,0.0,1.0
Act 2,s4,1320,1,1.0,0.7549020051956177,0.754902,1247.0,387.0,False,57.36408394186219,-127.43058452444139,,-1,0.0,1.0
Act 2,s4,1355,1,1.0,0.7549020051956177,0.754902,1281.0,296.0,False,56.817518947465835,-128.68886761036777,,-1,100.0,0.0
Act 2,s4,1358,1,1.0,0.7549020051956177,0.754902,1284.0,666.0,False,57.795220029943636,-122.70639649839259,,-1,0.0,1.0
Act 2,s4,1374,1,1.0,0.7549020051956177,0.754902,1296.0,356.0,False,56.86860543872051,-127.65505059132953,,-1,0.0,1.0
Act 2,s4,1375,1,1.0,0.7549020051956177,0.754902,1296.0,727.0,False,57.840071609601004,-121.64520252064487,,-1,0.0,1.0
Act 2,s4,1376,1,1.0,0.7549020051956177,0.754902,1296.0,751.0,False,57.896238545599104,-121.24846975061669,,-1,0.0,1.0
Act 2,s4,1404,1,1.0,0.7549020051956177,0.754902,1330.0,418.0,False,56.76143072348464,-126.48633531377322,,-1,0.0,1.0
Act 2,s4,1423,1,1.0,0.7549020051956177,0.754902,1346.0,405.0,False,56.5925224485478,-126.60789259524182,,-1,0.0,1.0
Act 2,s4,1426,1,1.0,0.7549020051956177,0.754902,1348.0,599.0,False,57.08875791347089,-123.49217875922425,,-1,0.0,1.0
Act 2,s4,1430,1,1.0,0.7549020051956177,0.754902,1354.0,339.0,False,56.340324388760976,-127.60604500538115,,-1,0.0,1.0
Act 2,s4,1451,1,1.0,0.7549020051956177,0.754902,1377.0,235.0,False,55.84754044734282,-129.09964093746427,,-1,0.0,1.0
Act 2,s4,1471,1,1.0,0.7549020051956177,0.754902,1420.0,326.0,False,55.7591837579984,-127.45300558575434,,-1,0.0,1.0
Act 2,s4,1481,1,1.0,0.7549020051956177,0.754902,1431.0,589.0,False,56.367032757435375,-123.25682581005736,,-1,100.0,0.0
Act 2,s4,1599,1,1.0,0.7549020051956177,0.754902,1906.0,704.0,False,52.66424417838728,-119.466153211622,,-1,0.0,1.0
Act 2,s4,1666,1,1.0,0.7549020051956177,0.754902,1968.0,740.0,False,52.222469042624354,-118.6976845503446,,-1,0.0,1.0
Act 2,s4,1746,1,1.0,0.7549020051956177,0.754902,2026.0,901.0,False,52.04678037719727,-116.09562800649492,,-1,0.0,1.0
Act 2,s4,1788,1,1.0,0.7549020051956177,0.754902,2065.0,709.0,False,51.35280998821287,-118.80502439488569,,-1,0.0,1.0
Act 2,s4,1803,1,1.0,0.7549020051956177,0.754902,2082.0,723.0,False,51.239984409237955,-118.53924646624894,,-1,0.0,1.0
Act 2,s4,1831,1,1.0,0.7549020051956177,0.754902,2122.0,793.0,False,51.04465070026021,-117.37696063152718,,-1,0.0,1.0
Act 2,s4,1858,1,1.0,0.7549020051956177,0.754902,2153.0,670.0,False,50.54346729405788,-119.05645816543947,,-1,0.0,1.0
Act 2,s4,1901,1,1.0,0.7549020051956177,0.754902,2181.0,664.0,False,50.299412770629566,-119.04284573220069,,-1,0.0,1.0
Act 2,s4,2038,1,1.0,0.7549020051956177,0.754902,2332.0,801.0,False,49.31352486985482,-116.58092976492875,,-1,100.0,0.0
Act 2,s4,2044,1,1.0,0.7549020051956177,0.754902,2345.0,670.0,False,48.95552272208149,-118.38852097597368,,-1,100.0,0.0
Act 2,s4,2081,1,1.0,0.7549020051956177,0.754902,2552.0,1025.0,False,47.853541789352896,-112.81012115601226,,-1,0.0,1.0
Act 2,s4,7,1,1.0,0.7450980544090271,0.74509805,39.0,223.0,False,67.09523703332029,-138.92987005796692,,-1,0.0,1.0
Act 2,s4,41,1,1.0,0.7450980544090271,0.74509805,130.0,122.0,False,65.86319554067033,-139.96805062959987,,-1,0.0,1.0
Act 2,s4,118,1,1.0,0.7450980544090271,0.74509805,183.0,141.0,False,65.48716902898423,-139.14645497705575,,-1,0.0,1.0
Act 2,s4,174,1,1.0,0.7450980544090271,0.74509805,249.0,323.0,False,65.64819216655856,-135.24610120638087,,-1,0.0,1.0
Act 2,s4,299,1,1.0,0.7450980544090271,0.74509805,373.0,408.0,False,64.87342614841583,-132.70294727725909,,-1,0.0,1.0
Act 2,s4,303,1,1.0,0.7450980544090271,0.74509805,374.0,434.0,False,64.9573712303302,-132.21511632087257,,-1,0.0,1.0
Act 2,s4,321,1,1.0,0.7450980544090271,0.74509805,385.0,503.0,False,65.10050046274067,-130.851658992757,,-1,0.0,1.0
Act 2,s4,344,1,1.0,0.7450980544090271,0.74509805,402.0,500.0,False,64.93912909863678,-130.78564300381413,,-1,0.0,1.0
Act 2,s4,375,1,1.0,0.7450980544090271,0.74509805,421.0,410.0,False,64.45908524878345,-132.30880989556687,,-1,0.0,1.0
Act 2,s4,407,1,1.0,0.7450980544090271,0.74509805,436.0,394.0,False,64.27135143508686,-132.49027704981503,,-1,0.0,1.0
Act 2,s4,427,1,1.0,0.7450980544090271,0.74509805,441.0,454.0,False,64.43689100553784,-131.3565093055554,,-1,0.0,1.0
Act 2,s4,431,1,1.0,0.7450980544090271,0.74509805,446.0,465.0,False,64.43062836726843,-131.11858713182883,,-1,0.0,1.0
Act 2,s4,441,1,1.0,0.7450980544090271,0.74509805,451.0,668.0,False,65.04696078045683,-127.29884234466961,,-1,0.0,1.0
Act 2,s4,453,1,1.0,0.7450980544090271,0.74509805,459.0,500.0,False,64.43448339737427,-130.38236541547934,,-1,0.0,1.0
Act 2,s4,521,1,1.0,0.7450980544090271,0.74509805,500.0,432.0,False,63.84482908256863,-131.33683384420405,,-1,0.0,1.0
Act 2,s4,529,1,1.0,0.7450980544090271,0.74509805,503.0,490.0,False,64.01375106565563,-130.26002723266018,,-1,0.0,1.0
Act 2,s4,557,1,1.0,0.7450980544090271,0.74509805,530.0,322.0,False,63.20273435262994,-133.09369795695068,,-1,0.0,1.0
Act 2,s4,565,1,1.0,0.7450980544090271,0.74509805,534.0,510.0,False,63.80737115900822,-129.68293840730715,,-1,0.0,1.0
Act 2,s4,587,1,1.0,0.7450980544090271,0.74509805,558.0,472.0,False,63.47302363560233,-130.20963609976002,,-1,0.0,1.0
Act 2,s4,630,1,1.0,0.7450980544090271,0.74509805,588.0,703.0,False,63.923624669921615,-125.78702415563347,,-1,0.0,1.0
Act 2,s4,700,1,1.0,0.7450980544090271,0.74509805,639.0,353.0,False,62.37631071384306,-131.76959404741564,,-1,0.0,1.0
Act 2,s4,741,1,1.0,0.7450980544090271,0.74509805,675.0,653.0,False,63.008110670511826,-126.18198089920101,,-1,0.0,1.0
Act 2,s4,802,1,1.0,0.7450980544090271,0.74509805,728.0,489.0,False,62.05378991078639,-128.78795127199115,,-1,0.0,1.0
Act 2,s4,806,1,1.0,0.7450980544090271,0.74509805,729.0,347.0,False,61.58937072511123,-131.2583236004494,,-1,0.0,1.0
Act 2,s4,834,1,1.0,0.7450980544090271,0.74509805,740.0,483.0,False,61.93179616499604,-128.8173909681241,,-1,0.0,1.0
Act 2,s4,850,1,1.0,0.7450980544090271,0.74509805,748.0,498.0,False,61.90925640814913,-128.5033616858612,,-1,0.0,1.0
Act 2,s4,870,1,1.0,0.7450980544090271,0.74509805,757.0,471.0,False,61.74837549721931,-128.92006330638063,,-1,0.0,1.0
Act 2,s4,888,1,1.0,0.7450980544090271,0.74509805,767.0,330.0,False,61.21106901724202,-131.2956135973021,,-1,0.0,1.0
Act 2,s4,894,1,1.0,0.7450980544090271,0.74509805,770.0,472.0,False,61.63989500999662,-128.8205129566722,,-1,0.0,1.0
Act 2,s4,917,1,1.0,0.7450980544090271,0.74509805,794.0,248.0,False,60.709236949178106,-132.5065025073776,,-1,0.0,1.0
Act 2,s4,980,1,1.0,0.7450980544090271,0.74509805,847.0,322.0,False,60.51003264555319,-130.9034085520312,,-1,0.0,1.0
Act 2,s4,1008,1,1.0,0.7450980544090271,0.74509805,868.0,218.0,False,59.990223219539594,-132.50659214184194,,-1,0.0,1.0
Act 2,s4,1016,1,1.0,0.7450980544090271,0.74509805,874.0,256.0,False,60.067264615276294,-131.83411330504114,,-1,0.0,1.0
Act 2,s4,1030,1,1.0,0.7450980544090271,0.74509805,897.0,752.0,False,61.33399843140133,-123.16689319195505,,-1,0.0,1.0
Act 2,s4,1053,1,1.0,0.7450980544090271,0.74509805,920.0,733.0,False,61.08478334281643,-123.38188408551683,,-1,0.0,1.0
Act 2,s4,1057,1,1.0,0.7450980544090271,0.74509805,926.0,316.0,False,59.82759797268023,-130.49564268869997,,-1,0.0,1.0
Act 2,s4,1060,1,1.0,0.7450980544090271,0.74509805,931.0,300.0,False,59.73458045141383,-130.73040110724668,,-1,0.0,1.0
Act 2,s4,1069,1,1.0,0.7450980544090271,0.74509805,950.0,531.0,False,60.27585862035896,-126.7188996413845,,-1,0.0,1.0
Act 2,s4,1094,1,1.0,0.7450980544090271,0.74509805,964.0,532.0,False,60.159342265982694,-126.62169936927302,,-1,0.0,1.0
Act 2,s4,1102,1,1.0,0.7450980544090271,0.74509805,972.0,477.0,False,59.932367907185004,-127.50962376732161,,-1,0.0,1.0
Act 2,s4,1157,1,1.0,0.7450980544090271,0.74509805,1057.0,339.0,False,58.80443569640514,-129.30500014914617,,-1,0.0,1.0
Act 2,s4,1168,1,1.0,0.7450980544090271,0.74509805,1074.0,401.0,False,58.848840989039935,-128.18419487852947,,-1,0.0,1.0
Act 2,s4,1185,1,1.0,0.7450980544090271,0.74509805,1093.0,337.0,False,58.4982412774434,-129.12243823979557,,-1,0.0,1.0
Act 2,s4,1214,1,1.0,0.7450980544090271,0.74509805,1145.0,275.0,False,57.877088690285845,-129.81611164830363,,-1,0.0,1.0
Act 2,s4,1221,1,1.0,0.7450980544090271,0.74509805,1150.0,641.0,False,58.8703045866973,-123.7787584484013,,-1,0.0,1.0
Act 2,s4,1222,1,1.0,0.7450980544090271,0.74509805,1151.0,547.0,False,58.61408334403004,-125.34057419238385,,-1,0.0,1.0
Act 2,s4,1227,1,1.0,0.7450980544090271,0.74509805,1156.0,552.0,False,58.58531110918349,-125.23121168822505,,-1,0.0,1.0
Act 2,s4,1230,1,1.0,0.7450980544090271,0.74509805,1157.0,550.0,False,58.57147299646223,-125.25908102398579,,-1,0.0,1.0
Act 2,s4,1239,1,1.0,0.7450980544090271,0.74509805,1161.0,653.0,False,58.807333471818794,-123.52240170616548,,-1,0.0,1.0
Act 2,s4,1259,1,1.0,0.7450980544090271,0.74509805,1176.0,388.0,False,57.95809202684517,-127.81130586975871,,-1,0.0,1.0
Act 2,s4,1316,1,1.0,0.7450980544090271,0.74509805,1235.0,518.0,False,57.82812366777007,-125.37546588189005,,-1,0.0,1.0
Act 2,s4,1329,1,1.0,0.7450980544090271,0.74509805,1259.0,369.0,False,57.21272840085165,-127.65242363602154,,-1,0.0,1.0
Act 2,s4,1408,1,1.0,0.7450980544090271,0.74509805,1333.0,432.0,False,56.77510410529526,-126.24772567324055,,-1,0.0,1.0
Act 2,s4,1446,1,1.0,0.7450980544090271,0.74509805,1371.0,313.0,False,56.125495646495025,-127.920575760653,,-1,0.0,1.0
Act 2,s4,1579,1,1.0,0.7450980544090271,0.74509805,1878.0,701.0,False,52.89104506358583,-119.61792760173758,,-1,0.0,1.0
Act 2,s4,1598,1,1.0,0.7450980544090271,0.74509805,1905.0,695.0,False,52.653578721283544,-119.60489590225586,,-1,0.0,1.0
Act 2,s4,1612,1,1.0,0.7450980544090271,0.74509805,1919.0,850.0,False,52.84850744131132,-117.21912005179341,,-1,0.0,1.0
Act 2,s4,1613,1,1.0,0.7450980544090271,0.74509805,1921.0,597.0,False,52.30753705782306,-121.00370563036324,,-1,0.0,1.0
Act 2,s4,1614,1,1.0,0.7450980544090271,0.74509805,1923.0,720.0,False,52.55613915839058,-119.16237738773938,,-1,0.0,1.0
Act 2,s4,1664,1,1.0,0.7450980544090271,0.74509805,1968.0,625.0,False,51.980151563074486,-120.40379715682161,,-1,0.0,1.0
Act 2,s4,1671,1,1.0,0.7450980544090271,0.74509805,1970.0,771.0,False,52.26819035455598,-118.22801318838965,,-1,0.0,1.0
Act 2,s4,1695,1,1.0,0.7450980544090271,0.74509805,1986.0,727.0,False,52.046136104737464,-118.82551237710506,,-1,0.0,1.0
Act 2,s4,1724,1,1.0,0.7450980544090271,0.74509805,2010.0,797.0,False,51.98571326194611,-117.69986995018573,,-1,0.0,1.0
Act 2,s4,1800,1,1.0,0.7450980544090271,0.74509805,2080.0,710.0,False,51.23031258793287,-118.73658671431868,,-1,0.0,1.0
Act 2,s4,1845,1,1.0,0.7450980544090271,0.74509805,2142.0,730.0,False,50.755768416903436,-118.22677091531354,,-1,0.0,1.0
Act 2,s4,1852,1,1.0,0.7450980544090271,0.74509805,2147.0,940.0,False,51.102265268453614,-115.14042040092986,,-1,0.0,1.0
Act 2,s4,1922,1,1.0,0.7450980544090271,0.74509805,2203.0,811.0,False,50.40440130797826,-116.84818777232421,,-1,0.0,1.0
Act 2,s4,1945,1,1.0,0.7450980544090271,0.74509805,2230.0,660.0,False,49.8859484522765,-118.92662906837586,,-1,0.0,1.0
Act 2,s4,1952,1,1.0,0.7450980544090271,0.74509805,2236.0,877.0,False,50.249183738915484,-115.78920924738692,,-1,100.0,0.0
Act 2,s4,1998,1,1.0,0.7450980544090271,0.74509805,2269.0,803.0,False,49.84066757742943,-116.75144812700516,,-1,100.0,0.0
Act 2,s4,2030,1,1.0,0.7450980544090271,0.74509805,2319.0,885.0,False,49.57135433840465,-115.4236488265071,,-1,0.0,1.0
Act 2,s4,2072,1,1.0,0.7450980544090271,0.74509805,2450.0,904.0,False,48.512541327108515,-114.77505069676145,,-1,100.0,0.0
Act 2,s4,2091,1,1.0,0.7450980544090271,0.74509805,2751.0,800.0,False,45.83610009667594,-115.35971496420761,,-1,100.0,0.0
Act 2,s4,2095,1,1.0,0.7450980544090271,0.74509805,2755.0,628.0,False,45.49060556355527,-117.63926243253431,,-1,100.0,0.0
Act 2,s4,2118,1,1.0,0.7450980544090271,0.74509805,2775.0,825.0,False,45.679545147609026,-114.95934271045753,,-1,100.0,0.0
Act 2,s4,78,1,1.0,0.7352941036224365,0.7352941,151.0,131.0,False,65.72062807304803,-139.61411734451343,,-1,0.0,1.0
Act 2,s4,98,1,1.0,0.7352941036224365,0.7352941,162.0,390.0,False,66.68169113839525,-134.70003616040492,,-1,0.0,1.0
Act 2,s4,126,1,1.0,0.7352941036224365,0.7352941,195.0,94.0,False,65.18489606463056,-139.88712790754445,,-1,0.0,1.0
Act 2,s4,140,1,1.0,0.7352941036224365,0.7352941,208.0,167.0,False,65.38028222697663,-138.4548761875404,,-1,0.0,1.0
Act 2,s4,176,1,1.0,0.7352941036224365,0.7352941,253.0,196.0,False,65.11053702471328,-137.5415512256851,,-1,0.0,1.0
Act 2,s4,180,1,1.0,0.7352941036224365,0.7352941,260.0,192.0,False,65.03394109333821,-137.55457704501836,,-1,0.0,1.0
Act 2,s4,215,1,1.0,0.7352941036224365,0.7352941,312.0,197.0,False,64.60629831346664,-137.02804981672824,,-1,0.0,1.0
Act 2,s4,246,1,1.0,0.7352941036224365,0.7352941,345.0,298.0,False,64.71274952649797,-134.93398978162801,,-1,0.0,1.0
Act 2,s4,256,1,1.0,0.7352941036224365,0.7352941,350.0,305.0,False,64.69571654804655,-134.76709875785406,,-1,0.0,1.0
Act 2,s4,261,1,1.0,0.7352941036224365,0.7352941,352.0,343.0,False,64.82039113364692,-134.057804139707,,-1,0.0,1.0
Act 2,s4,271,1,1.0,0.7352941036224365,0.7352941,357.0,300.0,False,64.61603864216693,-134.80282230938795,,-1,0.0,1.0
Act 2,s4,287,1,1.0,0.7352941036224365,0.7352941,367.0,287.0,False,64.48027730105278,-134.9596858533304,,-1,0.0,1.0
Act 2,s4,313,1,1.0,0.7352941036224365,0.7352941,379.0,599.0,False,65.47624425072422,-129.08722675726295,,-1,0.0,1.0
Act 2,s4,318,1,1.0,0.7352941036224365,0.7352941,384.0,434.0,False,64.86912367503791,-132.14088998014702,,-1,0.0,1.0
Act 2,s4,360,1,1.0,0.7352941036224365,0.7352941,413.0,490.0,False,64.80743073660094,-130.89277355512453,,-1,0.0,1.0
Act 2,s4,381,1,1.0,0.7352941036224365,0.7352941,425.0,443.0,False,64.53956179153913,-131.67423018300786,,-1,0.0,1.0
Act 2,s4,400,1,1.0,0.7352941036224365,0.7352941,434.0,427.0,False,64.40480089188048,-131.9023066375636,,-1,0.0,1.0
Act 2,s4,402,1,1.0,0.7352941036224365,0.7352941,434.0,459.0,False,64.51569003265561,-131.31491086115798,,-1,0.0,1.0
Act 2,s4,404,1,1.0,0.7352941036224365,0.7352941,435.0,282.0,False,63.87448433343396,-134.51979340203707,,-1,0.0,1.0
Act 2,s4,412,1,1.0,0.7352941036224365,0.7352941,437.0,266.0,False,63.79787362747438,-134.790233437119,,-1,0.0,1.0
Act 2,s4,489,1,1.0,0.7352941036224365,0.7352941,483.0,725.0,False,64.93056132556983,-126.01689269054359,,-1,0.0,1.0
Act 2,s4,504,1,1.0,0.7352941036224365,0.7352941,492.0,248.0,False,63.260424295604196,-134.68705581453992,,-1,0.0,1.0
Act 2,s4,530,1,1.0,0.7352941036224365,0.7352941,503.0,689.0,False,64.64301301481339,-126.57127867983189,,-1,0.0,1.0
Act 2,s4,547,1,1.0,0.7352941036224365,0.7352941,521.0,393.0,False,63.52851387055561,-131.8911701605564,,-1,0.0,1.0
Act 2,s4,548,1,1.0,0.7352941036224365,0.7352941,522.0,295.0,False,63.175049128242605,-133.6310435167231,,-1,0.0,1.0
Act 2,s4,575,1,1.0,0.7352941036224365,0.7352941,541.0,456.0,False,63.56824646869336,-130.61542548985776,,-1,0.0,1.0
Act 2,s4,660,1,1.0,0.7352941036224365,0.7352941,605.0,463.0,False,63.03474575682227,-130.05329422008253,,-1,0.0,1.0
Act 2,s4,713,1,1.0,0.7352941036224365,0.7352941,657.0,483.0,False,62.64835427703905,-129.3515033198727,,-1,0.0,1.0
Act 2,s4,726,1,1.0,0.7352941036224365,0.7352941,661.0,759.0,False,63.431117609799315,-124.32430136436305,,-1,0.0,1.0
Act 2,s4,758,1,1.0,0.7352941036224365,0.7352941,699.0,225.0,False,61.426337720774164,-133.559485950431,,-1,0.0,1.0
Act 2,s4,760,1,1.0,0.7352941036224365,0.7352941,699.0,695.0,False,62.91668672075068,-125.27772174146637,,-1,0.0,1.0
Act 2,s4,826,1,1.0,0.7352941036224365,0.7352941,737.0,351.0,False,61.534656144355154,-131.13549665937936,,-1,0.0,1.0
Act 2,s4,858,1,1.0,0.7352941036224365,0.7352941,752.0,674.0,False,62.391940666746166,-125.35121696316938,,-1,0.0,1.0
Act 2,s4,868,1,1.0,0.7352941036224365,0.7352941,756.0,674.0,False,62.35690545406834,-125.32824799120756,,-1,0.0,1.0
Act 2,s4,975,1,1.0,0.7352941036224365,0.7352941,838.0,271.0,False,60.41803995564801,-131.8222755289363,,-1,0.0,1.0
Act 2,s4,997,1,1.0,0.7352941036224365,0.7352941,861.0,856.0,False,61.90979279003267,-121.49474001530838,,-1,0.0,1.0
Act 2,s4,1005,1,1.0,0.7352941036224365,0.7352941,866.0,828.0,False,61.79711879455295,-121.9726215749614,,-1,0.0,1.0
Act 2,s4,1013,1,1.0,0.7352941036224365,0.7352941,870.0,826.0,False,61.75699992048085,-121.98830756461595,,-1,0.0,1.0
Act 2,s4,1038,1,1.0,0.7352941036224365,0.7352941,903.0,725.0,False,61.211843664567304,-123.61193282292437,,-1,0.0,1.0
Act 2,s4,1042,1,1.0,0.7352941036224365,0.7352941,910.0,217.0,False,59.63787701248614,-132.24247236863906,,-1,0.0,1.0
Act 2,s4,1078,1,1.0,0.7352941036224365,0.7352941,955.0,333.0,False,59.63852142092192,-130.02951545859872,,-1,0.0,1.0
Act 2,s4,1107,1,1.0,0.7352941036224365,0.7352941,979.0,526.0,False,60.014461218393706,-126.6383395804264,,-1,0.0,1.0
Act 2,s4,1178,1,1.0,0.7352941036224365,0.7352941,1082.0,431.0,False,58.86980901626876,-127.64245913777066,,-1,0.0,1.0
Act 2,s4,1220,1,1.0,0.7352941036224365,0.7352941,1150.0,552.0,False,58.63603277291384,-125.26292824261009,,-1,0.0,1.0
Act 2,s4,1224,1,1.0,0.7352941036224365,0.7352941,1151.0,581.0,False,58.705144966341805,-124.77569477914811,,-1,0.0,1.0
Act 2,s4,1236,1,1.0,0.7352941036224365,0.7352941,1161.0,538.0,False,58.505269556820124,-125.43657394147398,,-1,0.0,1.0
Act 2,s4,1247,1,1.0,0.7352941036224365,0.7352941,1166.0,267.0,False,57.67892491445071,-129.81889948931723,,-1,0.0,1.0
Act 2,s4,1251,1,1.0,0.7352941036224365,0.7352941,1172.0,234.0,False,57.52724494365419,-130.3096914337354,,-1,0.0,1.0
Act 2,s4,1309,1,1.0,0.7352941036224365,0.7352941,1229.0,517.0,False,57.875843667183126,-125.4231692524586,,-1,0.0,1.0
Act 2,s4,1378,1,1.0,0.7352941036224365,0.7352941,1298.0,758.0,False,57.89542766171112,-121.1235950649238,,-1,0.0,1.0
Act 2,s4,1405,1,1.0,0.7352941036224365,0.7352941,1332.0,339.0,False,56.52201086862174,-127.72615150209187,,-1,100.0,0.0
Act 2,s4,1434,1,1.0,0.7352941036224365,0.7352941,1358.0,233.0,False,55.99713254625905,-129.23796322656887,,-1,0.0,1.0
Act 2,s4,1479,1,1.0,0.7352941036224365,0.7352941,1430.0,341.0,False,55.71917575841433,-127.16671617523214,,-1,0.0,1.0
Act 2,s4,1519,1,1.0,0.7352941036224365,0.7352941,1467.0,349.0,False,55.43672548243012,-126.84809335451095,,-1,0.0,1.0
Act 2,s4,1545,1,1.0,0.7352941036224365,0.7352941,1821.0,653.0,False,53.26170158080612,-120.56570928742141,,-1,0.0,1.0
Act 2,s4,1552,1,1.0,0.7352941036224365,0.7352941,1831.0,666.0,False,53.20702834562683,-120.32924554547,,-1,0.0,1.0
Act 2,s4,1564,1,1.0,0.7352941036224365,0.7352941,1842.0,714.0,False,53.21859643352119,-119.55973553183263,,-1,100.0,0.0
Act 2,s4,1633,1,1.0,0.7352941036224365,0.7352941,1949.0,881.0,False,52.65541482770522,-116.64861370232526,,-1,0.0,1.0
Act 2,s4,1706,1,1.0,0.7352941036224365,0.7352941,1996.0,868.0,False,52.23760056424309,-116.68753240045963,,-1,0.0,1.0
Act 2,s4,1731,1,1.0,0.7352941036224365,0.7352941,2013.0,904.0,False,52.161096986435,-116.09259911212237,,-1,0.0,1.0
Act 2,s4,1740,1,1.0,0.7352941036224365,0.7352941,2022.0,790.0,False,51.87200657731028,-117.76226809108184,,-1,100.0,0.0
Act 2,s4,1801,1,1.0,0.7352941036224365,0.7352941,2081.0,818.0,False,51.43378638960072,-117.14721340097017,,-1,0.0,1.0
Act 2,s4,1802,1,1.0,0.7352941036224365,0.7352941,2082.0,720.0,False,51.233940186326116,-118.58315258907847,,-1,0.0,1.0
Act 2,s4,1805,1,1.0,0.7352941036224365,0.7352941,2083.0,819.0,False,51.41899871291213,-117.12579086550355,,-1,0.0,1.0
Act 2,s4,1822,1,1.0,0.7352941036224365,0.7352941,2116.0,765.0,False,51.040573360246455,-117.8065971282937,,-1,0.0,1.0
Act 2,s4,1826,1,1.0,0.7352941036224365,0.7352941,2117.0,793.0,False,51.08627790409794,-117.39374992299362,,-1,0.0,1.0
Act 2,s4,1912,1,1.0,0.7352941036224365,0.7352941,2195.0,684.0,False,50.22427426568047,-118.70610448250562,,-1,0.0,1.0
Act 2,s4,1917,1,1.0,0.7352941036224365,0.7352941,2197.0,813.0,False,50.45805325771472,-116.8386438698466,,-1,0.0,1.0
Act 2,s4,1933,1,1.0,0.7352941036224365,0.7352941,2216.0,932.0,False,50.511541236947515,-115.05127134135411,,-1,0.0,1.0
Act 2,s4,1955,1,1.0,0.7352941036224365,0.7352941,2238.0,879.0,False,50.236036115265385,-115.75415462066503,,-1,0.0,1.0
Act 2,s4,1983,1,1.0,0.7352941036224365,0.7352941,2259.0,776.0,False,49.8733257499725,-117.17042592429473,,-1,0.0,1.0
Act 2,s4,2009,1,1.0,0.7352941036224365,0.7352941,2280.0,892.0,False,49.90855395618147,-115.43954252790971,,-1,100.0,0.0
Act 2,s4,2055,1,1.0,0.7352941036224365,0.7352941,2367.0,848.0,False,49.10711345011203,-115.80691537923286,,-1,100.0,0.0
Act 2,s4,2057,1,1.0,0.7352941036224365,0.7352941,2370.0,860.0,False,49.10322466565229,-115.62787703158816,,-1,0.0,1.0
Act 2,s4,2065,1,1.0,0.7352941036224365,0.7352941,2427.0,889.0,False,48.678778748751114,-115.05149747201061,,-1,0.0,1.0
Act 2,s4,2112,1,1.0,0.7352941036224365,0.7352941,2770.0,640.0,False,45.38978571214383,-117.43450342626015,,-1,100.0,0.0
Act 2,s4,21,1,1.0,0.7254902124404907,0.7254902,113.0,364.0,False,67.0199234751772,-135.6047714395642,,-1,0.0,1.0
Act 2,s4,56,1,1.0,0.7254902124404907,0.7254902,139.0,82.0,False,65.61226446500471,-140.61067718364683,,-1,0.0,1.0
Act 2,s4,57,1,1.0,0.7254902124404907,0.7254902,140.0,80.0,False,65.59498030074012,-140.6375715836088,,-1,0.0,1.0
Act 2,s4,77,1,1.0,0.7254902124404907,0.7254902,151.0,95.0,False,65.56583041368916,-140.26636701455112,,-1,0.0,1.0
Act 2,s4,100,1,1.0,0.7254902124404907,0.7254902,164.0,119.0,False,65.55734282783314,-139.71479807829604,,-1,0.0,1.0
Act 2,s4,117,1,1.0,0.7254902124404907,0.7254902,182.0,183.0,False,65.6717531066931,-138.3907567402474,,-1,0.0,1.0
Act 2,s4,127,1,1.0,0.7254902124404907,0.7254902,196.0,299.0,False,66.02123212112237,-136.130420729152,,-1,0.0,1.0
Act 2,s4,134,1,1.0,0.7254902124404907,0.7254902,204.0,387.0,False,66.29379893811885,-134.41396986222244,,-1,0.0,1.0
Act 2,s4,136,1,1.0,0.7254902124404907,0.7254902,205.0,157.0,False,65.36460274238539,-138.66247816317866,,-1,0.0,1.0
Act 2,s4,149,1,1.0,0.7254902124404907,0.7254902,221.0,391.0,False,66.15727775315766,-134.20134815882085,,-1,0.0,1.0
Act 2,s4,181,1,1.0,0.7254902124404907,0.7254902,261.0,174.0,False,64.95233410852869,-137.87121675847297,,-1,0.0,1.0
Act 2,s4,212,1,1.0,0.7254902124404907,0.7254902,310.0,340.0,False,65.17695277721356,-134.44217103123788,,-1,0.0,1.0
Act 2,s4,223,1,1.0,0.7254902124404907,0.7254902,322.0,374.0,False,65.19842724227095,-133.72060913327635,,-1,0.0,1.0
Act 2,s4,226,1,1.0,0.7254902124404907,0.7254902,324.0,223.0,False,64.60559182494289,-136.46119966985145,,-1,0.0,1.0
Act 2,s4,232,1,1.0,0.7254902124404907,0.7254902,328.0,283.0,False,64.8033804925753,-135.34236083579748,,-1,0.0,1.0
Act 2,s4,233,1,1.0,0.7254902124404907,0.7254902,329.0,161.0,False,64.31725496550895,-137.53063161619315,,-1,0.0,1.0
Act 2,s4,278,1,1.0,0.7254902124404907,0.7254902,361.0,473.0,False,65.20998724792457,-131.5863413052649,,-1,0.0,1.0
Act 2,s4,282,1,1.0,0.7254902124404907,0.7254902,363.0,285.0,False,64.50736903505039,-135.02746535504335,,-1,0.0,1.0
Act 2,s4,316,1,1.0,0.7254902124404907,0.7254902,383.0,394.0,False,64.7352533838303,-132.8853481599426,,-1,0.0,1.0
Act 2,s4,337,1,1.0,0.7254902124404907,0.7254902,396.0,422.0,False,64.72097130115806,-132.27333206568892,,-1,0.0,1.0
Act 2,s4,352,1,1.0,0.7254902124404907,0.7254902,407.0,589.0,False,65.19170212160458,-129.08364814791517,,-1,0.0,1.0
Act 2,s4,377,1,1.0,0.7254902124404907,0.7254902,422.0,455.0,False,64.60758396479035,-131.4751254170281,,-1,0.0,1.0
Act 2,s4,387,1,1.0,0.7254902124404907,0.7254902,427.0,403.0,False,64.38183168713554,-132.39253579092372,,-1,0.0,1.0
Act 2,s4,411,1,1.0,0.7254902124404907,0.7254902,436.0,652.0,False,65.13239218146958,-127.69935856305462,,-1,0.0,1.0
Act 2,s4,414,1,1.0,0.7254902124404907,0.7254902,437.0,486.0,False,64.58152745131834,-130.7957590099061,,-1,0.0,1.0
Act 2,s4,449,1,1.0,0.7254902124404907,0.7254902,458.0,414.0,False,64.14941358171171,-131.9651200681382,,-1,0.0,1.0
Act 2,s4,490,1,1.0,0.7254902124404907,0.7254902,484.0,398.0,False,63.86707201385416,-132.0670434589316,,-1,0.0,1.0
Act 2,s4,495,1,1.0,0.7254902124404907,0.7254902,487.0,700.0,False,64.81995422077,-126.46463065379223,,-1,0.0,1.0
Act 2,s4,559,1,1.0,0.7254902124404907,0.7254902,531.0,442.0,False,63.60850550746498,-130.9378316874821,,-1,0.0,1.0
Act 2,s4,582,1,1.0,0.7254902124404907,0.7254902,553.0,464.0,False,63.490216744527444,-130.388313583904,,-1,0.0,1.0
Act 2,s4,693,1,1.0,0.7254902124404907,0.7254902,631.0,338.0,False,62.393622622185916,-132.0881992414862,,-1,0.0,1.0
Act 2,s4,754,1,1.0,0.7254902124404907,0.7254902,696.0,354.0,False,61.89329425582084,-131.36040802213708,,-1,0.0,1.0
Act 2,s4,854,1,1.0,0.7254902124404907,0.7254902,751.0,507.0,False,61.91100782168835,-128.32632392904054,,-1,0.0,1.0
Act 2,s4,860,1,1.0,0.7254902124404907,0.7254902,753.0,473.0,False,61.788946051421746,-128.91039541629218,,-1,0.0,1.0
Act 2,s4,893,1,1.0,0.7254902124404907,0.7254902,769.0,723.0,False,62.37787819984147,-124.37359427845162,,-1,0.0,1.0
Act 2,s4,909,1,1.0,0.7254902124404907,0.7254902,784.0,374.0,False,61.2106625710535,-130.42827746594799,,-1,0.0,1.0
Act 2,s4,969,1,1.0,0.7254902124404907,0.7254902,836.0,523.0,False,61.227986936991314,-127.52607243779892,,-1,0.0,1.0
Act 2,s4,971,1,1.0,0.7254902124404907,0.7254902,837.0,490.0,False,61.12078216062738,-128.0925222732142,,-1,0.0,1.0
Act 2,s4,982,1,1.0,0.7254902124404907,0.7254902,848.0,311.0,False,60.46584048889844,-131.0826344317677,,-1,0.0,1.0
Act 2,s4,1018,1,1.0,0.7254902124404907,0.7254902,874.0,784.0,False,61.61671680966183,-122.71815111520189,,-1,0.0,1.0
Act 2,s4,1041,1,1.0,0.7254902124404907,0.7254902,909.0,790.0,False,61.32560199448477,-122.43248949972421,,-1,0.0,1.0
Act 2,s4,1048,1,1.0,0.7254902124404907,0.7254902,915.0,472.0,False,60.4015818191707,-127.93120075469407,,-1,0.0,1.0
Act 2,s4,1066,1,1.0,0.7254902124404907,0.7254902,940.0,296.0,False,59.64653948962131,-130.7394835968797,,-1,0.0,1.0
Act 2,s4,1086,1,1.0,0.7254902124404907,0.7254902,961.0,300.0,False,59.483943351361546,-130.53988568612118,,-1,0.0,1.0
Act 2,s4,1113,1,1.0,0.7254902124404907,0.7254902,985.0,310.0,False,59.31526542935302,-130.2237455629389,,-1,0.0,1.0
Act 2,s4,1118,1,1.0,0.7254902124404907,0.7254902,991.0,309.0,False,59.26203896989203,-130.20285616525177,,-1,0.0,1.0
Act 2,s4,1166,1,1.0,0.7254902124404907,0.7254902,1073.0,383.0,False,58.80370187581521,-128.48667100340876,,-1,0.0,1.0
Act 2,s4,1225,1,1.0,0.7254902124404907,0.7254902,1152.0,275.0,False,57.81921249301632,-129.7742459231411,,-1,0.0,1.0
Act 2,s4,1266,1,1.0,0.7254902124404907,0.7254902,1186.0,436.0,False,58.012405059646454,-126.97533183720634,,-1,0.0,1.0
Act 2,s4,1283,1,1.0,0.7254902124404907,0.7254902,1201.0,399.0,False,57.78148160225244,-127.49265695916723,,-1,0.0,1.0
Act 2,s4,1319,1,1.0,0.7254902124404907,0.7254902,1245.0,638.0,False,58.05606891143406,-123.35590761938316,,-1,0.0,1.0
Act 2,s4,1344,1,1.0,0.7254902124404907,0.7254902,1271.0,301.0,False,56.91482287271618,-128.66658175608447,,-1,100.0,0.0
Act 2,s4,1349,1,1.0,0.7254902124404907,0.7254902,1273.0,384.0,False,57.13946134356656,-127.33554172886743,,-1,0.0,1.0
Act 2,s4,1367,1,1.0,0.7254902124404907,0.7254902,1293.0,233.0,False,56.529861153327694,-129.61046812728708,,-1,100.0,0.0
Act 2,s4,1385,1,1.0,0.7254902124404907,0.7254902,1304.0,385.0,False,56.88496808226947,-127.15056743849293,,-1,0.0,1.0
Act 2,s4,1398,1,1.0,0.7254902124404907,0.7254902,1325.0,332.0,False,56.55967247388007,-127.8749159806258,,-1,100.0,0.0
Act 2,s4,1406,1,1.0,0.7254902124404907,0.7254902,1332.0,387.0,False,56.658376511168946,-126.96774644289958,,-1,0.0,1.0
Act 2,s4,1416,1,1.0,0.7254902124404907,0.7254902,1339.0,571.0,False,57.09350139313988,-123.98840506345309,,-1,0.0,1.0
Act 2,s4,1417,1,1.0,0.7254902124404907,0.7254902,1340.0,340.0,False,56.45879660109935,-127.66663578399125,,-1,100.0,0.0
Act 2,s4,1437,1,1.0,0.7254902124404907,0.7254902,1360.0,382.0,False,56.41236029779712,-126.89701477636446,,-1,0.0,1.0
Act 2,s4,1447,1,1.0,0.7254902124404907,0.7254902,1374.0,401.0,False,56.34923112991271,-126.52326048391207,,-1,0.0,1.0
Act 2,s4,1461,1,1.0,0.7254902124404907,0.7254902,1403.0,322.0,False,55.88777901882768,-127.60650931740649,,-1,0.0,1.0
Act 2,s4,1491,1,1.0,0.7254902124404907,0.7254902,1438.0,552.0,False,56.215900238290246,-123.81219182916251,,-1,0.0,1.0
Act 2,s4,1494,1,1.0,0.7254902124404907,0.7254902,1441.0,382.0,False,55.74243684349729,-126.47106163685355,,-1,0.0,1.0
Act 2,s4,1497,1,1.0,0.7254902124404907,0.7254902,1446.0,616.0,False,56.30755947517239,-122.75609715734245,,-1,0.0,1.0
Act 2,s4,1498,1,1.0,0.7254902124404907,0.7254902,1448.0,309.0,False,55.48061581467895,-127.56659791528757,,-1,0.0,1.0
Act 2,s4,1540,1,1.0,0.7254902124404907,0.7254902,1784.0,701.0,False,53.67470138106804,-119.98347460094683,,-1,0.0,1.0
Act 2,s4,1555,1,1.0,0.7254902124404907,0.7254902,1833.0,658.0,False,53.17287784330897,-120.44218465663042,,-1,0.0,1.0
Act 2,s4,1565,1,1.0,0.7254902124404907,0.7254902,1843.0,658.0,False,53.089703235795184,-120.40241879209357,,-1,0.0,1.0
Act 2,s4,1569,1,1.0,0.7254902124404907,0.7254902,1849.0,654.0,False,53.03104913313059,-120.43888240136356,,-1,0.0,1.0
Act 2,s4,1584,1,1.0,0.7254902124404907,0.7254902,1888.0,832.0,False,53.07356067080062,-117.60002939232282,,-1,0.0,1.0
Act 2,s4,1605,1,1.0,0.7254902124404907,0.7254902,1914.0,720.0,False,52.631096894743806,-119.19603568744405,,-1,0.0,1.0
Act 2,s4,1609,1,1.0,0.7254902124404907,0.7254902,1917.0,845.0,False,52.85570717677722,-117.30170517575812,,-1,0.0,1.0
Act 2,s4,1615,1,1.0,0.7254902124404907,0.7254902,1924.0,688.0,False,52.4807191047437,-119.6372971093996,,-1,0.0,1.0
Act 2,s4,1620,1,1.0,0.7254902124404907,0.7254902,1927.0,734.0,False,52.55174720691353,-118.93775020880466,,-1,0.0,1.0
Act 2,s4,1630,1,1.0,0.7254902124404907,0.7254902,1948.0,692.0,False,52.289622872464356,-119.48678987902872,,-1,0.0,1.0
Act 2,s4,1645,1,1.0,0.7254902124404907,0.7254902,1958.0,733.0,False,52.29146977220053,-118.8385677568888,,-1,0.0,1.0
Act 2,s4,1709,1,1.0,0.7254902124404907,0.7254902,1999.0,782.0,False,52.04812972339329,-117.96140409059609,,-1,0.0,1.0
Act 2,s4,1735,1,1.0,0.7254902124404907,0.7254902,2018.0,639.0,False,51.596270343359734,-120.0055397502305,,-1,0.0,1.0
Act 2,s4,1738,1,1.0,0.7254902124404907,0.7254902,2021.0,713.0,False,51.726463412941484,-118.90530325329837,,-1,0.0,1.0
Act 2,s4,1742,1,1.0,0.7254902124404907,0.7254902,2024.0,891.0,False,52.04543411104397,-116.25153287069796,,-1,0.0,1.0
Act 2,s4,1745,1,1.0,0.7254902124404907,0.7254902,2026.0,895.0,False,52.03594104760215,-116.18529465431128,,-1,0.0,1.0
Act 2,s4,1748,1,1.0,0.7254902124404907,0.7254902,2027.0,893.0,False,52.02394431564227,-116.2119410107456,,-1,0.0,1.0
Act 2,s4,1749,1,1.0,0.7254902124404907,0.7254902,2027.0,912.0,False,52.058150488321225,-115.9279527265234,,-1,0.0,1.0
Act 2,s4,1755,1,1.0,0.7254902124404907,0.7254902,2031.0,838.0,False,51.88885179401832,-117.01850533164298,,-1,0.0,1.0
Act 2,s4,1821,1,1.0,0.7254902124404907,0.7254902,2115.0,650.0,False,50.81652562279528,-119.48327191697459,,-1,100.0,0.0
Act 2,s4,1838,1,1.0,0.7254902124404907,0.7254902,2135.0,849.0,False,51.04113778484557,-116.51431463695535,,-1,100.0,0.0
Act 2,s4,1937,1,1.0,0.7254902124404907,0.7254902,2220.0,688.0,False,50.025355131861005,-118.56152798439874,,-1,0.0,1.0
Act 2,s4,1944,1,1.0,0.7254902124404907,0.7254902,2229.0,897.0,False,50.34267249503854,-115.5208636782067,,-1,100.0,0.0
Act 2,s4,1962,1,1.0,0.7254902124404907,0.7254902,2247.0,746.0,False,49.9157285261925,-117.63948690100912,,-1,0.0,1.0
Act 2,s4,2011,1,1.0,0.7254902124404907,0.7254902,2288.0,687.0,False,49.460604229437685,-118.34200073980186,,-1,0.0,1.0
Act 2,s4,2059,1,1.0,0.7254902124404907,0.7254902,2374.0,865.0,False,49.078661158410014,-115.54513148345663,,-1,0.0,1.0
Act 2,s4,2104,1,1.0,0.7254902124404907,0.7254902,2762.0,752.0,False,45.66128642829579,-115.97031913252684,,-1,100.0,0.0
Act 2,s4,2128,1,1.0,0.7254902124404907,0.7254902,2790.0,758.0,False,45.44005769244973,-115.81104814120914,,-1,100.0,0.0
Act 2,s4,2155,1,1.0,0.7254902124404907,0.7254902,2872.0,773.0,False,44.78695715121914,-115.38524535564271,,-1,100.0,0.0
Act 2,s4,45,1,1.0,0.7156863212585449,0.7156863,132.0,178.0,False,66.08543872786366,-138.92523868986066,,-1,0.0,1.0
Act 2,s4,51,1,1.0,0.7156863212585449,0.7156863,135.0,323.0,False,66.65832988294198,-136.19623919559174,,-1,0.0,1.0
Act 2,s4,81,1,1.0,0.7156863212585449,0.7156863,152.0,295.0,False,66.39424292125786,-136.57781906229977,,-1,0.0,1.0
Act 2,s4,151,1,1.0,0.7156863212585449,0.7156863,222.0,217.0,False,65.46417238955412,-137.42328750423934,,-1,0.0,1.0
Act 2,s4,179,1,1.0,0.7156863212585449,0.7156863,260.0,171.0,False,64.948724479909,-137.93383765720571,,-1,0.0,1.0
Act 2,s4,189,1,1.0,0.7156863212585449,0.7156863,276.0,100.0,False,64.52011185297518,-139.06633175313857,,-1,0.0,1.0
Act 2,s4,205,1,1.0,0.7156863212585449,0.7156863,301.0,102.0,False,64.31616811966526,-138.81519756710335,,-1,0.0,1.0
Act 2,s4,214,1,1.0,0.7156863212585449,0.7156863,311.0,202.0,False,64.63473068078066,-136.94644952386074,,-1,0.0,1.0
Act 2,s4,222,1,1.0,0.7156863212585449,0.7156863,320.0,265.0,False,64.80359542369084,-135.73398726721425,,-1,0.0,1.0
Act 2,s4,229,1,1.0,0.7156863212585449,0.7156863,326.0,371.0,False,65.15212434226441,-133.7449663183392,,-1,0.0,1.0
Act 2,s4,236,1,1.0,0.7156863212585449,0.7156863,332.0,294.0,False,64.81059982235979,-135.11012372005627,,-1,0.0,1.0
Act 2,s4,240,1,1.0,0.7156863212585449,0.7156863,337.0,359.0,False,65.01106277880697,-133.88071217950417,,-1,0.0,1.0
Act 2,s4,273,1,1.0,0.7156863212585449,0.7156863,359.0,194.0,False,64.19146503183156,-136.69480871890784,,-1,0.0,1.0
Act 2,s4,291,1,1.0,0.7156863212585449,0.7156863,369.0,395.0,False,64.86179804135452,-132.97265455868808,,-1,0.0,1.0
Act 2,s4,297,1,1.0,0.7156863212585449,0.7156863,372.0,446.0,False,65.01751524924342,-132.00757696937538,,-1,0.0,1.0
Act 2,s4,317,1,1.0,0.7156863212585449,0.7156863,383.0,398.0,False,64.74963180464526,-132.81185268650873,,-1,0.0,1.0
Act 2,s4,334,1,1.0,0.7156863212585449,0.7156863,394.0,380.0,False,64.58844489655138,-133.05909847563348,,-1,0.0,1.0
Act 2,s4,336,1,1.0,0.7156863212585449,0.7156863,394.0,402.0,False,64.66741201406332,-132.65590913894275,,-1,0.0,1.0
Act 2,s4,338,1,1.0,0.7156863212585449,0.7156863,396.0,431.0,False,64.75277092710235,-132.1075214342755,,-1,0.0,1.0
Act 2,s4,350,1,1.0,0.7156863212585449,0.7156863,407.0,399.0,False,64.54272995816687,-132.6139247701056,,-1,0.0,1.0
Act 2,s4,355,1,1.0,0.7156863212585449,0.7156863,410.0,429.0,False,64.62254272225938,-132.04122774197472,,-1,0.0,1.0
Act 2,s4,368,1,1.0,0.7156863212585449,0.7156863,416.0,446.0,False,64.62920036390875,-131.68447736357544,,-1,0.0,1.0
Act 2,s4,379,1,1.0,0.7156863212585449,0.7156863,424.0,457.0,False,64.59687675978091,-131.42381291350117,,-1,0.0,1.0
Act 2,s4,426,1,1.0,0.7156863212585449,0.7156863,441.0,448.0,False,64.41621897636946,-131.46665413603176,,-1,0.0,1.0
Act 2,s4,450,1,1.0,0.7156863212585449,0.7156863,458.0,484.0,False,64.38949463919515,-130.6840670446231,,-1,0.0,1.0
Act 2,s4,486,1,1.0,0.7156863212585449,0.7156863,481.0,726.0,False,64.95160304574819,-126.01035923660983,,-1,0.0,1.0
Act 2,s4,506,1,1.0,0.7156863212585449,0.7156863,492.0,422.0,False,63.88036553492025,-131.57503383287232,,-1,0.0,1.0
Act 2,s4,551,1,1.0,0.7156863212585449,0.7156863,523.0,497.0,False,63.86134864195781,-129.9948049964455,,-1,0.0,1.0
Act 2,s4,616,1,1.0,0.7156863212585449,0.7156863,580.0,218.0,False,62.40347735083497,-134.54768840825787,,-1,0.0,1.0
Act 2,s4,646,1,1.0,0.7156863212585449,0.7156863,596.0,453.0,False,63.080121142025945,-130.29308567113125,,-1,0.0,1.0
Act 2,s4,704,1,1.0,0.7156863212585449,0.7156863,642.0,172.0,False,61.71469851757658,-134.8771863775083,,-1,0.0,1.0
Act 2,s4,725,1,1.0,0.7156863212585449,0.7156863,661.0,735.0,False,63.36484200866106,-124.76613967004567,,-1,0.0,1.0
Act 2,s4,727,1,1.0,0.7156863212585449,0.7156863,665.0,212.0,False,61.665868861751676,-134.0257937760601,,-1,0.0,1.0
Act 2,s4,737,1,1.0,0.7156863212585449,0.7156863,673.0,656.0,False,63.03441088530735,-126.13946254142829,,-1,0.0,1.0
Act 2,s4,743,1,1.0,0.7156863212585449,0.7156863,675.0,741.0,False,63.257164441890126,-124.57570341235675,,-1,0.0,1.0
Act 2,s4,748,1,1.0,0.7156863212585449,0.7156863,687.0,700.0,False,63.03664512962899,-125.25637756286253,,-1,0.0,1.0
Act 2,s4,771,1,1.0,0.7156863212585449,0.7156863,711.0,240.0,False,61.37798214551219,-133.21867193754207,,-1,0.0,1.0
Act 2,s4,781,1,1.0,0.7156863212585449,0.7156863,716.0,695.0,False,62.76690643321257,-125.17947123808278,,-1,0.0,1.0
Act 2,s4,789,1,1.0,0.7156863212585449,0.7156863,720.0,622.0,False,62.52341748445696,-126.47242137323484,,-1,0.0,1.0
Act 2,s4,795,1,1.0,0.7156863212585449,0.7156863,723.0,722.0,False,62.78013009497459,-124.64973789485119,,-1,0.0,1.0
Act 2,s4,796,1,1.0,0.7156863212585449,0.7156863,724.0,496.0,False,62.11000500474059,-128.6899219210396,,-1,0.0,1.0
Act 2,s4,803,1,1.0,0.7156863212585449,0.7156863,728.0,516.0,False,62.13711038931867,-128.31150770685485,,-1,0.0,1.0
Act 2,s4,866,1,1.0,0.7156863212585449,0.7156863,755.0,497.0,False,61.84589444820138,-128.47705163751897,,-1,0.0,1.0
Act 2,s4,874,1,1.0,0.7156863212585449,0.7156863,759.0,511.0,False,61.854256163075846,-128.2061689297214,,-1,0.0,1.0
Act 2,s4,875,1,1.0,0.7156863212585449,0.7156863,759.0,515.0,False,61.86643016476749,-128.13584154121557,,-1,0.0,1.0
Act 2,s4,884,1,1.0,0.7156863212585449,0.7156863,763.0,512.0,False,61.8228247325463,-128.16377067589124,,-1,0.0,1.0
Act 2,s4,920,1,1.0,0.7156863212585449,0.7156863,797.0,360.0,False,61.05521816738587,-130.5834788722695,,-1,0.0,1.0
Act 2,s4,931,1,1.0,0.7156863212585449,0.7156863,814.0,222.0,False,60.453599305464884,-132.80654804925564,,-1,0.0,1.0
Act 2,s4,933,1,1.0,0.7156863212585449,0.7156863,816.0,517.0,False,61.3818737185788,-127.7512302872372,,-1,0.0,1.0
Act 2,s4,1012,1,1.0,0.7156863212585449,0.7156863,870.0,813.0,False,61.724724466960545,-122.22096523456622,,-1,0.0,1.0
Act 2,s4,1088,1,1.0,0.7156863212585449,0.7156863,962.0,314.0,False,59.52002574969191,-130.30148832233118,,-1,0.0,1.0
Act 2,s4,1124,1,1.0,0.7156863212585449,0.7156863,1005.0,326.0,False,59.198395792360195,-129.8354644758466,,-1,0.0,1.0
Act 2,s4,1125,1,1.0,0.7156863212585449,0.7156863,1005.0,428.0,False,59.50885633376875,-128.14019274993697,,-1,0.0,1.0
Act 2,s4,1126,1,1.0,0.7156863212585449,0.7156863,1007.0,321.0,False,59.166109813639885,-129.90566276076083,,-1,0.0,1.0
Act 2,s4,1137,1,1.0,0.7156863212585449,0.7156863,1019.0,244.0,False,58.82239352680826,-131.0934041041342,,-1,0.0,1.0
Act 2,s4,1162,1,1.0,0.7156863212585449,0.7156863,1067.0,648.0,False,59.596635199880645,-124.08570231412702,,-1,0.0,1.0
Act 2,s4,1175,1,1.0,0.7156863212585449,0.7156863,1080.0,210.0,False,58.20905581688331,-131.25962352265392,,-1,100.0,0.0
Act 2,s4,1240,1,1.0,0.7156863212585449,0.7156863,1162.0,233.0,False,57.606462018312286,-130.3860193411443,,-1,0.0,1.0
Act 2,s4,1257,1,1.0,0.7156863212585449,0.7156863,1175.0,400.0,False,58.00123065657457,-127.62217705733462,,-1,0.0,1.0
Act 2,s4,1296,1,1.0,0.7156863212585449,0.7156863,1213.0,444.0,False,57.80914817795812,-126.69719354249706,,-1,0.0,1.0
Act 2,s4,1307,1,1.0,0.7156863212585449,0.7156863,1226.0,287.0,False,57.244430578988755,-129.14696352547145,,-1,100.0,0.0
Act 2,s4,1340,1,1.0,0.7156863212585449,0.7156863,1269.0,718.0,False,58.0483427593397,-121.91860413424847,,-1,0.0,1.0
Act 2,s4,1342,1,1.0,0.7156863212585449,0.7156863,1270.0,721.0,False,58.04698456753935,-121.8642527485059,,-1,0.0,1.0
Act 2,s4,1351,1,1.0,0.7156863212585449,0.7156863,1276.0,299.0,False,56.867644567116486,-128.66983032206906,,-1,100.0,0.0
Act 2,s4,1353,1,1.0,0.7156863212585449,0.7156863,1278.0,727.0,False,57.99316131143243,-121.72788325286312,,-1,0.0,1.0
Act 2,s4,1364,1,1.0,0.7156863212585449,0.7156863,1290.0,723.0,False,57.881631836131845,-121.73880192947804,,-1,0.0,1.0
Act 2,s4,1369,1,1.0,0.7156863212585449,0.7156863,1294.0,729.0,False,57.86178973677446,-121.62132691540971,,-1,0.0,1.0
Act 2,s4,1421,1,1.0,0.7156863212585449,0.7156863,1345.0,367.0,False,56.49433118852863,-127.21401770002512,,-1,100.0,0.0
Act 2,s4,1452,1,1.0,0.7156863212585449,0.7156863,1377.0,355.0,False,56.195858312188534,-127.23072686197098,,-1,0.0,1.0
Act 2,s4,1486,1,1.0,0.7156863212585449,0.7156863,1436.0,366.0,False,55.739518500695,-126.74631425696062,,-1,0.0,1.0
Act 2,s4,1490,1,1.0,0.7156863212585449,0.7156863,1438.0,367.0,False,55.72578579770129,-126.72028737234379,,-1,0.0,1.0
Act 2,s4,1499,1,1.0,0.7156863212585449,0.7156863,1448.0,338.0,False,55.562488551939786,-127.11807099506272,,-1,0.0,1.0
Act 2,s4,1502,1,1.0,0.7156863212585449,0.7156863,1450.0,347.0,False,55.57119649363122,-126.96806923409383,,-1,0.0,1.0
Act 2,s4,1522,1,1.0,0.7156863212585449,0.7156863,1474.0,684.0,False,56.23401502936379,-121.5435023775748,,-1,0.0,1.0
Act 2,s4,1560,1,1.0,0.7156863212585449,0.7156863,1838.0,656.0,False,53.12690277552498,-120.45246875286922,,-1,0.0,1.0
Act 2,s4,1568,1,1.0,0.7156863212585449,0.7156863,1846.0,661.0,False,53.071312773049485,-120.34528354260695,,-1,0.0,1.0
Act 2,s4,1573,1,1.0,0.7156863212585449,0.7156863,1861.0,716.0,False,53.06438663692781,-119.45666817849869,,-1,0.0,1.0
Act 2,s4,1582,1,1.0,0.7156863212585449,0.7156863,1886.0,673.0,False,52.76467766500116,-120.00792789518054,,-1,0.0,1.0
Act 2,s4,1625,1,1.0,0.7156863212585449,0.7156863,1941.0,695.0,False,52.35412783385024,-119.46846150844863,,-1,0.0,1.0
Act 2,s4,1627,1,1.0,0.7156863212585449,0.7156863,1945.0,698.0,False,52.32716270795338,-119.40868898164625,,-1,0.0,1.0
Act 2,s4,1637,1,1.0,0.7156863212585449,0.7156863,1952.0,690.0,False,52.25216743455792,-119.50149460984704,,-1,0.0,1.0
Act 2,s4,1638,1,1.0,0.7156863212585449,0.7156863,1952.0,725.0,False,52.32500875277318,-118.97998156980508,,-1,0.0,1.0
Act 2,s4,1669,1,1.0,0.7156863212585449,0.7156863,1969.0,875.0,False,52.47667834253567,-116.67229467824724,,-1,0.0,1.0
Act 2,s4,1673,1,1.0,0.7156863212585449,0.7156863,1971.0,728.0,False,52.173009216642455,-118.86544819861888,,-1,0.0,1.0
Act 2,s4,1674,1,1.0,0.7156863212585449,0.7156863,1972.0,622.0,False,51.94047510231865,-120.43252670876407,,-1,0.0,1.0
Act 2,s4,1750,1,1.0,0.7156863212585449,0.7156863,2029.0,714.0,False,51.66203070002496,-118.86150730104305,,-1,0.0,1.0
Act 2,s4,1753,1,1.0,0.7156863212585449,0.7156863,2030.0,869.0,False,51.95496742404434,-116.56027857265221,,-1,0.0,1.0
Act 2,s4,1777,1,1.0,0.7156863212585449,0.7156863,2052.0,662.0,False,51.36340046411215,-119.54083591864456,,-1,0.0,1.0
Act 2,s4,1783,1,1.0,0.7156863212585449,0.7156863,2059.0,933.0,False,51.82713299049236,-115.51355367260001,,-1,0.0,1.0
Act 2,s4,1784,1,1.0,0.7156863212585449,0.7156863,2060.0,915.0,False,51.78704803979903,-115.77853801171574,,-1,0.0,1.0
Act 2,s4,1789,1,1.0,0.7156863212585449,0.7156863,2066.0,915.0,False,51.73680214082174,-115.75964681688198,,-1,0.0,1.0
Act 2,s4,1817,1,1.0,0.7156863212585449,0.7156863,2107.0,924.0,False,51.409378597677886,-115.49843356627562,,-1,0.0,1.0
Act 2,s4,1843,1,1.0,0.7156863212585449,0.7156863,2141.0,847.0,False,50.98742126924953,-116.52428426656124,,-1,0.0,1.0
Act 2,s4,1850,1,1.0,0.7156863212585449,0.7156863,2146.0,921.0,False,51.077846222281345,-115.42292980581809,,-1,0.0,1.0
Act 2,s4,1856,1,1.0,0.7156863212585449,0.7156863,2152.0,776.0,False,50.76247613831101,-117.52417925964158,,-1,0.0,1.0
Act 2,s4,1903,1,1.0,0.7156863212585449,0.7156863,2183.0,686.0,False,50.32768633943397,-118.71949085989667,,-1,0.0,1.0
Act 2,s4,1916,1,1.0,0.7156863212585449,0.7156863,2196.0,658.0,False,50.163013131145576,-119.07552509829765,,-1,0.0,1.0
Act 2,s4,1923,1,1.0,0.7156863212585449,0.7156863,2204.0,675.0,False,50.131541540546515,-118.80361260332194,,-1,100.0,0.0
Act 2,s4,1935,1,1.0,0.7156863212585449,0.7156863,2218.0,665.0,False,49.99537697061361,-118.89747620444064,,-1,0.0,1.0
Act 2,s4,1939,1,1.0,0.7156863212585449,0.7156863,2222.0,697.0,False,50.026816605772154,-118.42576783591917,,-1,0.0,1.0
Act 2,s4,1942,1,1.0,0.7156863212585449,0.7156863,2229.0,776.0,False,50.122500909309245,-117.2684504570611,,-1,0.0,1.0
Act 2,s4,1953,1,1.0,0.7156863212585449,0.7156863,2237.0,900.0,False,50.28113022066632,-115.45320833123951,,-1,0.0,1.0
Act 2,s4,1954,1,1.0,0.7156863212585449,0.7156863,2237.0,945.0,False,50.35800716936853,-114.80040710535415,,-1,0.0,1.0
Act 2,s4,1961,1,1.0,0.7156863212585449,0.7156863,2246.0,946.0,False,50.28446077738711,-114.75966076186769,,-1,0.0,1.0
Act 2,s4,2013,1,1.0,0.7156863212585449,0.7156863,2290.0,906.0,False,49.84929204906873,-115.20842851363345,,-1,100.0,0.0
Act 2,s4,2051,1,1.0,0.7156863212585449,0.7156863,2356.0,864.0,False,49.22671626030268,-115.61283027175354,,-1,0.0,1.0
Act 2,s4,2066,1,1.0,0.7156863212585449,0.7156863,2428.0,881.0,False,48.65685071687427,-115.161263710701,,-1,0.0,1.0
Act 2,s4,2067,1,1.0,0.7156863212585449,0.7156863,2432.0,884.0,False,48.62867036281751,-115.10752478940059,,-1,0.0,1.0
Act 2,s4,2073,1,1.0,0.7156863212585449,0.7156863,2455.0,894.0,False,48.454149543679016,-114.90133432202796,,-1,100.0,0.0
Act 2,s4,2077,1,1.0,0.7156863212585449,0.7156863,2474.0,904.0,False,48.312716131067454,-114.70761361793703,,-1,100.0,0.0
Act 2,s4,2114,1,1.0,0.7156863212585449,0.7156863,2771.0,754.0,False,45.59031826515069,-115.91804285357316,,-1,100.0,0.0
Act 2,s4,2146,1,1.0,0.7156863212585449,0.7156863,2834.0,810.0,False,45.16490391921652,-114.99964098145645,,-1,100.0,0.0
Act 2,s4,466,1,1.0,0.7156862616539001,0.71568626,468.0,281.0,False,63.58717596951383,-134.28509850826475,,-1,0.0,1.0
Act 2,s4,1478,1,1.0,0.7156862616539001,0.71568626,1429.0,594.0,False,56.39617068524297,-123.1864787102537,,-1,0.0,1.0
Act 2,s4,1505,1,1.0,0.7156862616539001,0.71568626,1451.0,625.0,False,56.28743113421581,-122.58945466329375,,-1,0.0,1.0
Act 2,s4,1517,1,1.0,0.7156862616539001,0.71568626,1462.0,568.0,False,56.05541505325193,-123.44435561392562,,-1,0.0,1.0
Act 2,s4,1628,1,1.0,0.7156862616539001,0.71568626,1945.0,731.0,False,52.3956321896528,-118.91619784616613,,-1,0.0,1.0
Act 2,s4,1816,1,1.0,0.7156862616539001,0.71568626,2102.0,817.0,False,51.25680921887686,-117.09191437435669,,-1,100.0,0.0
Act 2,s4,2094,1,1.0,0.7156862616539001,0.71568626,2754.0,803.0,False,45.81637311980517,-115.31122564536827,,-1,0.0,1.0
Act 2,s4,2127,1,1.0,0.7156862616539001,0.71568626,2789.0,653.0,False,45.25756674535902,-117.20520316173955,,-1,100.0,0.0
Act 2,s4,2132,1,1.0,0.7156862616539001,0.71568626,2798.0,660.0,False,45.196391736367936,-117.08583081804957,,-1,100.0,0.0
Act 2,s4,8,1,1.0,0.7058823704719543,0.7058824,45.0,198.0,False,66.93393834626629,-139.34377559904712,,-1,0.0,1.0
Act 2,s4,11,1,1.0,0.7058823704719543,0.7058824,80.0,227.0,False,66.74945086739885,-138.48277338177337,,-1,0.0,1.0
Act 2,s4,34,1,1.0,0.7058823704719543,0.7058824,127.0,101.0,False,65.79803256967477,-140.37706331424306,,-1,0.0,1.0
Act 2,s4,47,1,1.0,0.7058823704719543,0.7058824,135.0,74.0,False,65.61158607701732,-140.79171355465746,,-1,0.0,1.0
Act 2,s4,48,1,1.0,0.7058823704719543,0.7058824,135.0,96.0,False,65.70751054093425,-140.3943540766384,,-1,0.0,1.0
Act 2,s4,67,1,1.0,0.7058823704719543,0.7058824,143.0,248.0,False,66.2818069267381,-137.53309088915776,,-1,0.0,1.0
Act 2,s4,89,1,1.0,0.7058823704719543,0.7058824,158.0,64.0,False,65.37143082703815,-140.76024304584294,,-1,0.0,1.0
Act 2,s4,93,1,1.0,0.7058823704719543,0.7058824,160.0,392.0,False,66.7074382734686,-134.6784306680594,,-1,0.0,1.0
Act 2,s4,109,1,1.0,0.7058823704719543,0.7058824,172.0,271.0,False,66.1204535132436,-136.85485714418184,,-1,0.0,1.0
Act 2,s4,150,1,1.0,0.7058823704719543,0.7058824,222.0,167.0,False,65.25950013983241,-138.33312419863074,,-1,0.0,1.0
Act 2,s4,156,1,1.0,0.7058823704719543,0.7058824,225.0,107.0,False,64.9837163307044,-139.38751088579292,,-1,0.0,1.0
Act 2,s4,165,1,1.0,0.7058823704719543,0.7058824,233.0,246.0,False,65.48531340728113,-136.79897726809244,,-1,0.0,1.0
Act 2,s4,194,1,1.0,0.7058823704719543,0.7058824,282.0,206.0,False,64.90043572758209,-137.115956532421,,-1,0.0,1.0
Act 2,s4,213,1,1.0,0.7058823704719543,0.7058824,310.0,408.0,False,65.42958643380535,-133.1824735814608,,-1,0.0,1.0
Act 2,s4,228,1,1.0,0.7058823704719543,0.7058824,325.0,318.0,False,64.96265117158666,-134.72745232859364,,-1,0.0,1.0
Act 2,s4,242,1,1.0,0.7058823704719543,0.7058824,341.0,295.0,False,64.73614808095589,-135.02029820414867,,-1,0.0,1.0
Act 2,s4,262,1,1.0,0.7058823704719543,0.7058824,353.0,329.0,False,64.75957494467217,-134.30600922779942,,-1,0.0,1.0
Act 2,s4,270,1,1.0,0.7058823704719543,0.7058824,357.0,278.0,False,64.53279556692118,-135.20170086575453,,-1,0.0,1.0
Act 2,s4,275,1,1.0,0.7058823704719543,0.7058824,360.0,326.0,False,64.68736162836136,-134.30613224542742,,-1,0.0,1.0
Act 2,s4,283,1,1.0,0.7058823704719543,0.7058824,363.0,334.0,False,64.69095691687897,-134.136857322198,,-1,0.0,1.0
Act 2,s4,292,1,1.0,0.7058823704719543,0.7058824,369.0,407.0,False,64.90503865549178,-132.75149317362335,,-1,0.0,1.0
Act 2,s4,296,1,1.0,0.7058823704719543,0.7058824,372.0,384.0,False,64.79564814028578,-133.15222299033724,,-1,0.0,1.0
Act 2,s4,323,1,1.0,0.7058823704719543,0.7058824,387.0,353.0,False,64.55158656518296,-133.6053973030196,,-1,0.0,1.0
Act 2,s4,325,1,1.0,0.7058823704719543,0.7058824,389.0,349.0,False,64.51952035810989,-133.6630234589255,,-1,0.0,1.0
Act 2,s4,348,1,1.0,0.7058823704719543,0.7058824,405.0,412.0,False,64.60646669580825,-132.39045318467797,,-1,0.0,1.0
Act 2,s4,357,1,1.0,0.7058823704719543,0.7058824,412.0,404.0,False,64.51670290829314,-132.48520857350996,,-1,0.0,1.0
Act 2,s4,362,1,1.0,0.7058823704719543,0.7058824,414.0,501.0,False,64.83604293727502,-130.68141550178441,,-1,0.0,1.0
Act 2,s4,385,1,1.0,0.7058823704719543,0.7058824,426.0,477.0,False,64.64800107037595,-131.04041861167983,,-1,0.0,1.0
Act 2,s4,392,1,1.0,0.7058823704719543,0.7058824,429.0,252.0,False,63.81419085257465,-135.10201966664468,,-1,0.0,1.0
Act 2,s4,432,1,1.0,0.7058823704719543,0.7058824,446.0,666.0,False,65.08584913825104,-127.3691238126923,,-1,0.0,1.0
Act 2,s4,448,1,1.0,0.7058823704719543,0.7058824,455.0,464.0,False,64.34804034416315,-131.07280053705526,,-1,0.0,1.0
Act 2,s4,543,1,1.0,0.7058823704719543,0.7058824,514.0,731.0,False,64.6684158792517,-125.71252975450082,,-1,0.0,1.0
Act 2,s4,595,1,1.0,0.7058823704719543,0.7058824,561.0,713.0,False,64.19384737927878,-125.76416018796291,,-1,0.0,1.0
Act 2,s4,597,1,1.0,0.7058823704719543,0.7058824,564.0,470.0,False,63.41414661290148,-130.20486667437015,,-1,0.0,1.0
Act 2,s4,657,1,1.0,0.7058823704719543,0.7058824,603.0,466.0,False,63.06187466902964,-130.01300357597032,,-1,0.0,1.0
Act 2,s4,665,1,1.0,0.7058823704719543,0.7058824,613.0,460.0,False,62.95559452880256,-130.05322144796693,,-1,0.0,1.0
Act 2,s4,675,1,1.0,0.7058823704719543,0.7058824,616.0,473.0,False,62.97174357857649,-129.8006395259683,,-1,0.0,1.0
Act 2,s4,701,1,1.0,0.7058823704719543,0.7058824,639.0,733.0,False,63.55484267251876,-124.93021920488944,,-1,0.0,1.0
Act 2,s4,720,1,1.0,0.7058823704719543,0.7058824,660.0,251.0,False,61.84593677861264,-133.39294102489535,,-1,0.0,1.0
Act 2,s4,762,1,1.0,0.7058823704719543,0.7058824,701.0,250.0,False,61.496869535696455,-133.11852688275934,,-1,0.0,1.0
Act 2,s4,766,1,1.0,0.7058823704719543,0.7058824,707.0,193.0,False,61.24633864493753,-134.04590485970527,,-1,0.0,1.0
Act 2,s4,792,1,1.0,0.7058823704719543,0.7058824,721.0,483.0,False,62.09544270741707,-128.93820376393015,,-1,0.0,1.0
Act 2,s4,797,1,1.0,0.7058823704719543,0.7058824,725.0,459.0,False,61.98571747126088,-129.33462315906135,,-1,0.0,1.0
Act 2,s4,890,1,1.0,0.7058823704719543,0.7058824,767.0,722.0,False,62.39274026498568,-124.40273865687335,,-1,0.0,1.0
Act 2,s4,892,1,1.0,0.7058823704719543,0.7058824,769.0,441.0,False,61.55179204010976,-129.36691634863527,,-1,0.0,1.0
Act 2,s4,911,1,1.0,0.7058823704719543,0.7058824,787.0,482.0,False,61.52485384338101,-128.53959508341666,,-1,0.0,1.0
Act 2,s4,913,1,1.0,0.7058823704719543,0.7058824,788.0,508.0,False,61.59546726805655,-128.07944684425004,,-1,0.0,1.0
Act 2,s4,926,1,1.0,0.7058823704719543,0.7058824,806.0,767.0,False,62.169751896369014,-123.37964184986313,,-1,0.0,1.0
Act 2,s4,932,1,1.0,0.7058823704719543,0.7058824,814.0,507.0,False,61.369065823610235,-127.9376046871093,,-1,0.0,1.0
Act 2,s4,945,1,1.0,0.7058823704719543,0.7058824,825.0,811.0,False,62.1155951991575,-122.48742586207422,,-1,0.0,1.0
Act 2,s4,956,1,1.0,0.7058823704719543,0.7058824,831.0,518.0,False,61.256052379864094,-127.6430993439564,,-1,0.0,1.0
Act 2,s4,962,1,1.0,0.7058823704719543,0.7058824,833.0,761.0,False,61.91698248581289,-123.3434511088486,,-1,0.0,1.0
Act 2,s4,977,1,1.0,0.7058823704719543,0.7058824,842.0,519.0,False,61.16463907068233,-127.55954257081788,,-1,0.0,1.0
Act 2,s4,988,1,1.0,0.7058823704719543,0.7058824,854.0,754.0,False,61.71480730179963,-123.35715516468544,,-1,0.0,1.0
Act 2,s4,994,1,1.0,0.7058823704719543,0.7058824,859.0,539.0,False,61.077651304667945,-127.11110851444239,,-1,0.0,1.0
Act 2,s4,1017,1,1.0,0.7058823704719543,0.7058824,874.0,492.0,False,60.810501268417816,-127.83410682065877,,-1,0.0,1.0
Act 2,s4,1019,1,1.0,0.7058823704719543,0.7058824,876.0,782.0,False,61.594127481929775,-122.74345378625766,,-1,0.0,1.0
Act 2,s4,1023,1,1.0,0.7058823704719543,0.7058824,884.0,327.0,False,60.21508953837598,-130.5796842598652,,-1,0.0,1.0
Act 2,s4,1074,1,1.0,0.7058823704719543,0.7058824,952.0,277.0,False,59.48534001744741,-130.9777335145699,,-1,0.0,1.0
Act 2,s4,1083,1,1.0,0.7058823704719543,0.7058824,960.0,523.0,False,60.16767627864722,-126.7980252025548,,-1,0.0,1.0
Act 2,s4,1104,1,1.0,0.7058823704719543,0.7058824,973.0,217.0,False,59.11559774062812,-131.82900074476123,,-1,0.0,1.0
Act 2,s4,1159,1,1.0,0.7058823704719543,0.7058824,1063.0,645.0,False,59.623008130595835,-124.15748099661698,,-1,0.0,1.0
Act 2,s4,1172,1,1.0,0.7058823704719543,0.7058824,1077.0,388.0,False,58.785125747559945,-128.38090818339177,,-1,0.0,1.0
Act 2,s4,1177,1,1.0,0.7058823704719543,0.7058824,1082.0,395.0,False,58.76404762052459,-128.23647194998634,,-1,0.0,1.0
Act 2,s4,1182,1,1.0,0.7058823704719543,0.7058824,1087.0,221.0,False,58.18660205650779,-131.03887471299927,,-1,100.0,0.0
Act 2,s4,1196,1,1.0,0.7058823704719543,0.7058824,1106.0,648.0,False,59.26338051933895,-123.88477731260991,,-1,0.0,1.0
Act 2,s4,1197,1,1.0,0.7058823704719543,0.7058824,1107.0,196.0,False,57.94179684333184,-131.31508811601088,,-1,0.0,1.0
Act 2,s4,1211,1,1.0,0.7058823704719543,0.7058824,1141.0,663.0,False,59.00319578760084,-123.45472044564664,,-1,0.0,1.0
Act 2,s4,1243,1,1.0,0.7058823704719543,0.7058824,1165.0,240.0,False,57.60358862333177,-130.2562709917842,,-1,0.0,1.0
Act 2,s4,1267,1,1.0,0.7058823704719543,0.7058824,1188.0,445.0,False,58.02112256551136,-126.81769570760845,,-1,0.0,1.0
Act 2,s4,1279,1,1.0,0.7058823704719543,0.7058824,1198.0,402.0,False,57.81512019129391,-127.46084410837406,,-1,0.0,1.0
Act 2,s4,1280,1,1.0,0.7058823704719543,0.7058824,1198.0,424.0,False,57.878014425766295,-127.10417322470735,,-1,0.0,1.0
Act 2,s4,1297,1,1.0,0.7058823704719543,0.7058824,1215.0,446.0,False,57.79803265825752,-126.6538386855442,,-1,0.0,1.0
Act 2,s4,1304,1,1.0,0.7058823704719543,0.7058824,1224.0,288.0,False,57.26395139525618,-129.14265642864947,,-1,100.0,0.0
Act 2,s4,1334,1,1.0,0.7058823704719543,0.7058824,1265.0,401.0,False,57.25424893476419,-127.10725723741294,,-1,0.0,1.0
Act 2,s4,1336,1,1.0,0.7058823704719543,0.7058824,1266.0,303.0,False,56.96201524336918,-128.6633269821759,,-1,100.0,0.0
Act 2,s4,1338,1,1.0,0.7058823704719543,0.7058824,1268.0,348.0,False,57.07741270124372,-127.93737703734901,,-1,0.0,1.0
Act 2,s4,1377,1,1.0,0.7058823704719543,0.7058824,1297.0,330.0,False,56.785198857748,-128.06151336578688,,-1,0.0,1.0
Act 2,s4,1389,1,1.0,0.7058823704719543,0.7058824,1312.0,306.0,False,56.59134830703211,-128.35659048171425,,-1,100.0,0.0
Act 2,s4,1402,1,1.0,0.7058823704719543,0.7058824,1329.0,355.0,False,56.592620785174454,-127.49014841767374,,-1,0.0,1.0
Act 2,s4,1407,1,1.0,0.7058823704719543,0.7058824,1333.0,428.0,False,56.7641016739355,-126.31139612862937,,-1,0.0,1.0
Act 2,s4,1433,1,1.0,0.7058823704719543,0.7058824,1356.0,347.0,False,56.34663507948881,-127.46949995706828,,-1,0.0,1.0
Act 2,s4,1448,1,1.0,0.7058823704719543,0.7058824,1374.0,482.0,False,56.568788791081005,-125.2402001060912,,-1,0.0,1.0
Act 2,s4,1457,1,1.0,0.7058823704719543,0.7058824,1394.0,432.0,False,56.26821826779224,-125.93013711768262,,-1,0.0,1.0
Act 2,s4,1463,1,1.0,0.7058823704719543,0.7058824,1405.0,272.0,False,55.72715297436805,-128.37151161897916,,-1,0.0,1.0
Act 2,s4,1468,1,1.0,0.7058823704719543,0.7058824,1416.0,374.0,False,55.926872698342805,-126.72637825883857,,-1,0.0,1.0
Act 2,s4,1488,1,1.0,0.7058823704719543,0.7058824,1437.0,590.0,False,56.31923460080345,-123.21262479614427,,-1,0.0,1.0
Act 2,s4,1489,1,1.0,0.7058823704719543,0.7058824,1438.0,315.0,False,55.579861529016426,-127.52727870097829,,-1,0.0,1.0
Act 2,s4,1514,1,1.0,0.7058823704719543,0.7058824,1458.0,343.0,False,55.49413408873196,-126.98802947372101,,-1,0.0,1.0
Act 2,s4,1515,1,1.0,0.7058823704719543,0.7058824,1459.0,348.0,False,55.49984015370786,-126.90538372723213,,-1,0.0,1.0
Act 2,s4,1528,1,1.0,0.7058823704719543,0.7058824,1581.0,637.0,False,55.226860706175195,-121.81695421018756,,-1,0.0,1.0
Act 2,s4,1548,1,1.0,0.7058823704719543,0.7058824,1828.0,701.0,False,53.30767458804772,-119.810998484133,,-1,0.0,1.0
Act 2,s4,1558,1,1.0,0.7058823704719543,0.7058824,1836.0,657.0,False,53.14573063132134,-120.4453381321653,,-1,0.0,1.0
Act 2,s4,1567,1,1.0,0.7058823704719543,0.7058824,1846.0,654.0,False,53.05599144971502,-120.45080289669463,,-1,0.0,1.0
Act 2,s4,1595,1,1.0,0.7058823704719543,0.7058824,1903.0,835.0,False,52.953730765835466,-117.50186654077413,,-1,0.0,1.0
Act 2,s4,1616,1,1.0,0.7058823704719543,0.7058824,1924.0,716.0,False,52.539497519542444,-119.21854165384858,,-1,0.0,1.0
Act 2,s4,1635,1,1.0,0.7058823704719543,0.7058824,1950.0,953.0,False,52.777155742251544,-115.5554243383406,,-1,0.0,1.0
Act 2,s4,1680,1,1.0,0.7058823704719543,0.7058824,1974.0,894.0,False,52.46979319283587,-116.36972225389889,,-1,0.0,1.0
Act 2,s4,1684,1,1.0,0.7058823704719543,0.7058824,1977.0,740.0,False,52.14752148578305,-118.66498901765152,,-1,0.0,1.0
Act 2,s4,1688,1,1.0,0.7058823704719543,0.7058824,1980.0,854.0,False,52.34534946638279,-116.95095526219042,,-1,0.0,1.0
Act 2,s4,1717,1,1.0,0.7058823704719543,0.7058824,2003.0,790.0,False,52.03045948733615,-117.82835275165748,,-1,0.0,1.0
Act 2,s4,1727,1,1.0,0.7058823704719543,0.7058824,2012.0,789.0,False,51.953443105107176,-117.8118616498454,,-1,100.0,0.0
Act 2,s4,1741,1,1.0,0.7058823704719543,0.7058824,2023.0,873.0,False,52.02089410716204,-116.52360136608736,,-1,0.0,1.0
Act 2,s4,1758,1,1.0,0.7058823704719543,0.7058824,2031.0,903.0,False,52.008502235662895,-116.0496814887211,,-1,0.0,1.0
Act 2,s4,1763,1,1.0,0.7058823704719543,0.7058824,2035.0,783.0,False,51.749984970293525,-117.82093084494994,,-1,0.0,1.0
Act 2,s4,1820,1,1.0,0.7058823704719543,0.7058824,2114.0,761.0,False,51.04940335956748,-117.87188962627522,,-1,0.0,1.0
Act 2,s4,1823,1,1.0,0.7058823704719543,0.7058824,2116.0,809.0,False,51.125029544644235,-117.16275249460641,,-1,0.0,1.0
Act 2,s4,1836,1,1.0,0.7058823704719543,0.7058824,2132.0,732.0,False,50.84275457835353,-118.23242100240026,,-1,0.0,1.0
Act 2,s4,1844,1,1.0,0.7058823704719543,0.7058824,2141.0,853.0,False,50.998405423070054,-116.43642434688437,,-1,0.0,1.0
Act 2,s4,1879,1,1.0,0.7058823704719543,0.7058824,2168.0,856.0,False,50.77865243107873,-116.30641909536443,,-1,0.0,1.0
Act 2,s4,1894,1,1.0,0.7058823704719543,0.7058824,2177.0,676.0,False,50.35705720795433,-118.88453122278014,,-1,0.0,1.0
Act 2,s4,1899,1,1.0,0.7058823704719543,0.7058824,2180.0,800.0,False,50.57520295635901,-117.08253386246031,,-1,0.0,1.0
Act 2,s4,1936,1,1.0,0.7058823704719543,0.7058824,2218.0,690.0,False,50.04592843136216,-118.53983906375588,,-1,0.0,1.0
Act 2,s4,1938,1,1.0,0.7058823704719543,0.7058824,2220.0,896.0,False,50.416038672141426,-115.56267970698867,,-1,100.0,0.0
Act 2,s4,1950,1,1.0,0.7058823704719543,0.7058824,2236.0,689.0,False,49.89490830823524,-118.49182794014841,,-1,100.0,0.0
Act 2,s4,1956,1,1.0,0.7058823704719543,0.7058824,2240.0,903.0,False,50.26129730509266,-115.40072367330333,,-1,0.0,1.0
Act 2,s4,1958,1,1.0,0.7058823704719543,0.7058824,2244.0,903.0,False,50.22791486165269,-115.38870715310702,,-1,0.0,1.0
Act 2,s4,1977,1,1.0,0.7058823704719543,0.7058824,2256.0,864.0,False,50.05944726472056,-115.91554822363535,,-1,100.0,0.0
Act 2,s4,1982,1,1.0,0.7058823704719543,0.7058824,2258.0,766.0,False,49.8627047247937,-117.31687206965177,,-1,0.0,1.0
Act 2,s4,1987,1,1.0,0.7058823704719543,0.7058824,2260.0,898.0,False,50.085756244871625,-115.41297781155426,,-1,100.0,0.0
Act 2,s4,1990,1,1.0,0.7058823704719543,0.7058824,2262.0,702.0,False,49.70551850751821,-118.21733320770922,,-1,0.0,1.0
Act 2,s4,1991,1,1.0,0.7058823704719543,0.7058824,2262.0,897.0,False,50.06733969073133,-115.42141435470613,,-1,0.0,1.0
Act 2,s4,1992,1,1.0,0.7058823704719543,0.7058824,2262.0,901.0,False,50.07426259697615,-115.3636843995995,,-1,0.0,1.0
Act 2,s4,1994,1,1.0,0.7058823704719543,0.7058824,2266.0,742.0,False,49.750430593979864,-117.63357719150797,,-1,0.0,1.0
Act 2,s4,1999,1,1.0,0.7058823704719543,0.7058824,2270.0,666.0,False,49.56741232189215,-118.70162757204858,,-1,100.0,0.0
Act 2,s4,2002,1,1.0,0.7058823704719543,0.7058824,2273.0,720.0,False,49.64976123895799,-117.92387276835612,,-1,100.0,0.0
Act 2,s4,2010,1,1.0,0.7058823704719543,0.7058824,2287.0,801.0,False,49.687376275073,-116.72280962438866,,-1,0.0,1.0
Act 2,s4,2023,1,1.0,0.7058823704719543,0.7058824,2313.0,797.0,False,49.463990636000275,-116.69753701924576,,-1,100.0,0.0
Act 2,s4,2024,1,1.0,0.7058823704719543,0.7058824,2313.0,886.0,False,49.62308174636057,-115.42718248088688,,-1,0.0,1.0
Act 2,s4,2042,1,1.0,0.7058823704719543,0.7058824,2333.0,929.0,False,49.52951014820139,-114.7532970143415,,-1,100.0,0.0
Act 2,s4,2043,1,1.0,0.7058823704719543,0.7058824,2338.0,811.0,False,49.28193162763752,-116.42025697935117,,-1,0.0,1.0
Act 2,s4,2045,1,1.0,0.7058823704719543,0.7058824,2345.0,870.0,False,49.32874977326123,-115.56029518213262,,-1,0.0,1.0
Act 2,s4,2050,1,1.0,0.7058823704719543,0.7058824,2356.0,846.0,False,49.195071443834955,-115.86840090401463,,-1,100.0,0.0
Act 2,s4,2052,1,1.0,0.7058823704719543,0.7058824,2358.0,858.0,False,49.19957079560396,-115.69206655152786,,-1,100.0,0.0
Act 2,s4,2068,1,1.0,0.7058823704719543,0.7058824,2445.0,888.0,False,48.52726044671919,-115.01403570330689,,-1,0.0,1.0
Act 2,s4,2070,1,1.0,0.7058823704719543,0.7058824,2448.0,880.0,False,48.48872294462417,-115.11778002556112,,-1,0.0,1.0
Act 2,s4,2083,1,1.0,0.7058823704719543,0.7058824,2735.0,692.0,False,45.77606455767369,-116.84923930807868,,-1,100.0,0.0
Act 2,s4,2092,1,1.0,0.7058823704719543,0.7058824,2752.0,807.0,False,45.83979809085248,-115.2631735504554,,-1,0.0,1.0
Act 2,s4,2120,1,1.0,0.7058823704719543,0.7058824,2778.0,805.0,False,45.620802821337314,-115.21836122725928,,-1,100.0,0.0
Act 2,s4,2123,1,1.0,0.7058823704719543,0.7058824,2782.0,710.0,False,45.42057758221756,-116.47137192471376,,-1,100.0,0.0
Act 2,s4,2125,1,1.0,0.7058823704719543,0.7058824,2784.0,658.0,False,45.30820671837195,-117.15414446678872,,-1,100.0,0.0
Act 2,s4,2126,1,1.0,0.7058823704719543,0.7058824,2786.0,679.0,False,45.33076658173477,-116.87040334490041,,-1,100.0,0.0
Act 2,s4,2131,1,1.0,0.7058823704719543,0.7058824,2796.0,659.0,False,45.211032415720084,-117.10500324675372,,-1,100.0,0.0
Act 2,s4,2137,1,1.0,0.7058823704719543,0.7058824,2811.0,841.0,False,45.4074892483121,-114.64928116827768,,-1,100.0,0.0
Act 2,s4,2167,1,1.0,0.7058823704719543,0.7058824,2972.0,798.0,False,44.00028815620234,-114.79122458967694,,-1,100.0,0.0
Act 2,s4,2171,1,1.0,0.7058823704719543,0.7058824,3040.0,775.0,False,43.39790533410446,-114.91150165626388,,-1,0.0,1.0
Act 1 (585),ensemble_585,50,7173,7173.0,0.7778515927312125,0.003267974,1260.446953854733,273.8154189321065,True,56.92073321610671,-129.15682040119188,S of Tahltan - Sacred Headwaters (Klappan) (56.9°N 129.2°W),1,,
Act 1 (585),ensemble_585,236,6465,6465.0,0.8829408278044858,0.14705883,2243.0635730858467,835.2100541376643,True,50.11545913891336,-116.37071421293172,Purcell Wilderness Conservancy Park vicinity (50.1°N 116.4°W),2,,
Act 1 (585),ensemble_585,92,2474,2474.0,0.809025639829225,0.22875817,1366.2647534357316,292.17178658043656,True,56.10410571776349,-128.27166714091578,NE of Swan Lake Kispiox River Park (56.1°N 128.3°W),1,,
Act 1 (585),ensemble_585,194,2392,2392.0,0.7812807464031472,0.23529412,2071.4239130434785,835.8357023411371,True,51.54724399473379,-116.91583612030301,NW of Yoho National Park Of Canada (51.5°N 116.9°W),2,,
Act 1 (585),ensemble_585,28,1270,1270.0,0.805434621764919,0.18300654,1061.8102362204725,211.60708661417323,True,58.364190166996764,-131.3481893234813,SE of T’akú Tlatsini (Taku River Tlingit) (58.4°N 131.3°W),1,,
Act 1 (585),ensemble_585,166,896,896.0,0.8131747541483492,0.14379086,1920.1997767857142,750.1830357142857,True,52.64156686740332,-118.72000088335845,S of Mount Robson Park (52.6°N 118.7°W),2,,
Act 1 (585),ensemble_585,293,881,881.0,0.7530621152696761,0.18954249,2273.643586833144,889.7843359818388,True,49.957707035712595,-115.49048992906302,SE of Purcell Wilderness Conservancy Park (50.0°N 115.5°W),2,,
Act 1 (585),ensemble_585,440,701,701.0,0.9172610594610685,0.14379086,2813.0855920114122,759.7446504992868,True,45.251962025873105,-115.72306619813538,NW of Frank Church River Of No Return Wilderness (45.3°N 115.7°W),9,,
Act 1 (585),ensemble_585,460,629,629.0,0.817003858676965,0.51633996,2841.6025437201906,774.2225755166932,True,45.04090219404913,-115.4523947932115,W of Frank Church River Of No Return Wilderness (45.0°N 115.5°W),9,,
Act 1 (585),ensemble_585,403,617,617.0,0.9652863883411865,0.4411765,2776.811993517018,787.6904376012966,True,45.600972332189855,-115.45261812960037,E of Gospel Hump Wilderness (45.6°N 115.5°W),9,,
Act 1 (585),ensemble_585,467,613,613.0,0.7995500614650876,0.38235295,2862.6296900489397,853.4486133768353,True,44.99927273694743,-114.34853632170228,E of Frank Church River Of No Return Wilderness (45.0°N 114.3°W),10,,
Act 1 (585),ensemble_585,383,612,612.0,0.7905292950716674,0.48692814,2742.0604575163397,919.2205882352941,True,46.106823169508225,-113.78025846700328,NW of Anaconda Pintler Wilderness (46.1°N 113.8°W),11,,
Act 1 (585),ensemble_585,278,598,598.0,0.7322392816527631,0.2647059,2238.891304347826,674.6103678929766,True,49.84205811179475,-118.68715456449718,NW of Granby Park (49.8°N 118.7°W),4,,
Act 1 (585),ensemble_585,137,594,594.0,0.8825840164314617,0.19934641,1442.9747474747476,280.1094276094276,True,55.439178830837136,-128.03915725641468,S of Swan Lake Kispiox River Park (55.4°N 128.0°W),1,,
Act 1 (585),ensemble_585,485,583,583.0,0.7967746367687631,0.34640527,2955.8096054888506,795.0428816466552,True,44.12962992024842,-114.87213983890021,NE of Sawtooth Wilderness (44.1°N 114.9°W),12,,
Act 1 (585),ensemble_585,51,411,411.0,0.8126997806294991,0.30392158,1196.4890510948906,211.13625304136252,True,57.25448932881658,-130.52491472963624,S of Mount Edziza Park (57.3°N 130.5°W),1,,
Act 1 (585),ensemble_585,273,388,388.0,0.7951536415932104,0.4281046,2215.5309278350514,880.7164948453608,True,50.42646702400687,-115.79820191841128,S of Kootenay National Park Of Canada (50.4°N 115.8°W),2,,
Act 1 (585),ensemble_585,82,359,359.0,0.7455987132525378,0.45751634,1315.941504178273,363.3816155988858,True,56.724598375382044,-127.42875824549657,SW of Tatlatui Park (56.7°N 127.4°W),1,,
Act 1 (585),ensemble_585,410,358,358.0,0.8168109030197452,0.4411765,2783.058659217877,862.3100558659218,True,45.67454539041134,-114.43869370146744,NE of Frank Church River Of No Return Wilderness (45.7°N 114.4°W),10,,
Act 1 (585),ensemble_585,38,357,357.0,0.8704069913769302,0.22222222,1142.3529411764705,191.58543417366946,True,57.637168504907066,-131.1656848078627,W of Mount Edziza Park (57.6°N 131.2°W),1,,
Act 1 (585),ensemble_585,345,346,346.0,0.8122237401373814,0.49346408,2344.3699421965316,860.6098265895954,True,49.31757515429865,-115.69580711386385,S of Purcell Wilderness Conservancy Park (49.3°N 115.7°W),2,,
Act 1 (585),ensemble_585,186,324,324.0,0.7640200210390268,0.3398693,1995.5864197530864,875.8024691358024,True,52.25550542735024,-116.57197920080655,E of White Goat (52.3°N 116.6°W),3,,
Act 1 (585),ensemble_585,80,238,238.0,0.7301312765153516,0.31045753,1308.2731092436975,278.6764705882353,True,56.541495528994595,-128.80710071618878,NW of Wilps Gwininitxw (56.5°N 128.8°W),1,,
Act 1 (585),ensemble_585,400,237,237.0,0.8679710984984531,0.27124187,2767.6962025316457,645.0632911392405,True,45.418383571288956,-117.37449894660035,N of Eagle Cap Wilderness (45.4°N 117.4°W),13,,
Act 1 (585),ensemble_585,40,235,235.0,0.7378806929639046,0.3137255,1150.5148936170212,246.87659574468086,True,57.74441029838643,-130.2338453776657,E of Mount Edziza Park (57.7°N 130.2°W),1,,
Act 1 (585),ensemble_585,107,234,234.0,0.8850622905625237,0.63071895,1355.6025641025642,253.31196581196582,True,56.07736363498516,-128.93617117174617,NW of Swan Lake Kispiox River Park (56.1°N 128.9°W),1,,
Act 1 (585),ensemble_585,74,211,211.0,0.741551293016045,0.51633984,1292.5829383886255,353.38388625592415,True,56.889378126438615,-127.71541094144287,W of Tatlatui Park (56.9°N 127.7°W),1,,
Act 1 (585),ensemble_585,433,204,204.0,0.7331795581415588,0.56209147,2791.921568627451,880.9754901960785,True,45.631230324266866,-114.16570997930162,NE of Frank Church River Of No Return Wilderness (45.6°N 114.2°W),10,,
Act 1 (585),ensemble_585,317,178,178.0,0.8508298520961505,0.18627451,2284.112359550562,719.8876404494382,True,49.55748121395567,-117.88827498690326,SW of Valhalla Park (49.6°N 117.9°W),5,,
Act 1 (585),ensemble_585,238,170,170.0,0.9154555965872372,0.34640527,2131.541176470588,645.6,True,50.67046046707934,-119.48640051440532,N of Granby Park (50.7°N 119.5°W),7,,
Act 1 (585),ensemble_585,462,167,167.0,0.832648437180205,0.5,2835.4790419161677,871.3293413173652,True,45.25376041268534,-114.1816098384137,E of Frank Church River Of No Return Wilderness (45.3°N 114.2°W),10,,
Act 1 (585),ensemble_585,182,154,154.0,0.8099694492948519,0.1764706,1968.551948051948,784.8311688311688,True,52.30770192725958,-118.02647932314915,S of Jasper National Park Of Canada (52.3°N 118.0°W),2,,
Act 1 (585),ensemble_585,221,134,134.0,0.834016199877013,0.4771242,2044.4402985074628,630.8358208955224,True,51.35986464075547,-120.0248568980914,S of Wells Gray Park (51.4°N 120.0°W),6,,
Act 1 (585),ensemble_585,200,134,134.0,0.8009706375314228,0.5555556,2012.641791044776,615.1194029850747,True,51.58905583998231,-120.37635170059555,SW of Wells Gray Park (51.6°N 120.4°W),6,,
Act 1 (585),ensemble_585,233,130,130.0,0.8910256468332731,0.4542484,2087.2615384615383,650.3923076923077,True,51.046938846501966,-119.57962932435383,S of Wells Gray Park (51.0°N 119.6°W),8,,
Act 1 (585),ensemble_585,431,110,110.0,0.8180629909038544,0.70261437,2787.3454545454547,556.3,True,45.08428754380008,-118.48365455474202,W of Eagle Cap Wilderness (45.1°N 118.5°W),14,,
Act 1 (585),ensemble_585,140,106,106.0,0.8950240572668472,0.51960784,1425.9245283018868,260.10377358490564,True,55.52091330233254,-128.44022496926644,S of Swan Lake Kispiox River Park (55.5°N 128.4°W),1,,
Act 1 (585),ensemble_585,34,104,104.0,0.9038461524133499,0.251634,1104.576923076923,188.8653846153846,True,57.93875065529639,-131.44432484761728,NW of Mount Edziza Park (57.9°N 131.4°W),1,,
Act 1 (585),ensemble_585,418,103,103.0,0.818928871773979,0.16013072,2777.4466019417478,671.8058252427185,True,45.388066625557514,-116.9910641385412,W of Hells Canyon Wilderness (45.4°N 117.0°W),13,,
Act 1 (585),ensemble_585,144,100,100.0,0.7035294216871262,0.5261438,1434.59,312.23,True,55.600024476216646,-127.58839138618369,S of Wilps Gwininitxw (55.6°N 127.6°W),1,,
Act 1 (585),ensemble_585,48,97,97.0,0.8015632445050269,0.28104576,1177.9690721649486,187.37113402061857,False,57.33153698336829,-131.01334984755596,,-1,,
Act 1 (585),ensemble_585,281,97,97.0,0.7257597335835093,0.35947716,2225.814432989691,898.7319587628866,False,50.37227654473407,-115.50538982085295,,-1,,
Act 1 (585),ensemble_585,396,90,90.0,0.9677559978432125,0.42156863,2756.266666666667,767.9333333333333,False,45.73682530948104,-115.77392102493782,,-1,,
Act 1 (585),ensemble_585,132,90,90.0,0.8831881006558736,0.44771242,1405.4444444444443,260.74444444444447,False,55.69061174889887,-128.5430773757134,,-1,,
Act 1 (585),ensemble_585,478,87,87.0,0.7961836114697073,0.63071895,2891.264367816092,722.8275862068965,False,44.5399293466458,-115.99036150752517,,-1,,
Act 1 (585),ensemble_585,21,82,82.0,0.7455364269454304,0.6535948,974.0975609756098,211.3048780487805,False,59.0877729949725,-131.9149444931451,,-1,,
Act 1 (585),ensemble_585,93,79,79.0,0.9010093596917165,0.38562092,1332.2784810126582,242.9873417721519,False,56.23784473682992,-129.22892340681113,,-1,,
Act 1 (585),ensemble_585,33,78,78.0,0.7931121201851429,0.20588237,1100.7948717948718,205.33333333333334,False,58.02280368374645,-131.20441813630305,,-1,,
Act 1 (585),ensemble_585,139,77,77.0,0.7915287443569728,0.3398693,1420.0,298.42857142857144,False,55.68048371225356,-127.88061488845324,,-1,,
Act 1 (585),ensemble_585,269,77,77.0,0.7292674776021536,0.34967324,2184.181818181818,893.5844155844156,False,50.71080869236137,-115.70739556929314,,-1,,
Act 1 (585),ensemble_585,395,70,70.0,0.9324463103498731,0.7058823,2753.214285714286,662.4571428571429,False,45.570658525605474,-117.1877278777319,,-1,,
Act 1 (585),ensemble_585,84,69,69.0,0.9294780764890753,0.49346408,1320.7826086956522,232.59420289855072,False,56.300824816911074,-129.45660036839433,,-1,,
Act 1 (585),ensemble_585,181,65,65.0,0.8640522961433117,0.29411766,1966.0153846153846,762.2,False,52.28382791529332,-118.37368553908868,,-1,,
Act 1 (585),ensemble_585,448,65,65.0,0.738109617966872,0.65686274,2805.3384615384616,855.7076923076924,False,45.478707774081336,-114.46821904379134,,-1,,
Act 1 (585),ensemble_585,211,65,65.0,0.7310709054653461,0.503268,2026.4153846153847,891.8615384615384,False,52.026774532579864,-116.23083791535794,,-1,,
Act 1 (585),ensemble_585,322,64,64.0,0.702665448654443,0.49346408,2280.46875,945.046875,False,49.99485819135278,-114.67366923960779,,-1,,
Act 1 (585),ensemble_585,292,54,54.0,0.7393488436937332,0.41830066,2236.203703703704,697.2592592592592,False,49.909711564728646,-118.37314158885358,,-1,,
Act 1 (585),ensemble_585,326,53,53.0,0.7919595601423731,0.56535953,2293.6792452830186,668.6415094339623,False,49.37697637521305,-118.58252672770675,,-1,,
Act 1 (585),ensemble_585,490,52,52.0,0.7471719464430442,0.42483664,3044.8846153846152,1204.423076923077,False,43.97196391230726,-109.31532906485906,,-1,,
Act 1 (585),ensemble_585,134,52,52.0,0.7206510912913543,0.5424837,1411.1153846153845,305.13461538461536,False,55.772761268998394,-127.82476415963501,,-1,,
Act 1 (585),ensemble_585,302,51,51.0,0.8353197539553923,0.7091503,2261.4901960784314,687.7254901960785,False,49.68139297582818,-118.4222731262745,,-1,,
Act 1 (585),ensemble_585,216,49,49.0,0.7757769859566981,0.6601307,2027.0408163265306,640.2857142857143,False,51.52414529031752,-119.9524006703942,,-1,,
Act 1 (585),ensemble_585,156,46,46.0,0.7423273700734844,0.5228758,1751.2608695652175,744.6086956521739,False,54.04148506754915,-119.44300579641023,,-1,,
Act 1 (585),ensemble_585,445,43,43.0,0.8095455391462459,0.54901963,2805.0232558139537,936.9302325581396,False,45.61055828545558,-113.38319813543742,,-1,,
Act 1 (585),ensemble_585,229,43,43.0,0.7408420824727346,0.48366013,2063.279069767442,647.3953488372093,False,51.239177481596364,-119.71229188040823,,-1,,
Act 1 (585),ensemble_585,272,42,42.0,0.7728758305311203,0.4444445,2197.0714285714284,890.9285714285714,False,50.59852203567963,-115.70647790980959,,-1,,
Act 1 (585),ensemble_585,59,40,40.0,0.8185457564890385,0.4869281,1224.425,203.9,False,57.00266586513742,-130.47119697774173,,-1,,
Act 1 (585),ensemble_585,405,38,38.0,0.9084107420946422,0.7189543,2765.7105263157896,826.5263157894736,False,45.75918300854688,-114.96411856003566,,-1,,
Act 1 (585),ensemble_585,210,38,38.0,0.7282421800651049,0.45751634,2018.3157894736842,799.4473684210526,False,51.92108982203473,-117.63472969452236,,-1,,
Act 1 (585),ensemble_585,81,36,36.0,0.7401053160429001,0.630719,1304.7777777777778,288.8611111111111,False,56.60043394722305,-128.66682965280097,,-1,,
Act 1 (585),ensemble_585,375,36,36.0,0.7370188848839866,0.6830066,2609.472222222222,901.2777777777778,False,47.18092715655857,-114.37314521205091,,-1,,
Act 1 (585),ensemble_585,49,36,36.0,0.7263979779349433,0.6666667,1166.8333333333333,259.19444444444446,False,57.647986431803375,-129.9387654761135,,-1,,
Act 1 (585),ensemble_585,109,34,34.0,0.7081891736563515,0.5588235,1354.2058823529412,409.97058823529414,False,56.53819762013963,-126.4857827546777,,-1,,
Act 1 (585),ensemble_585,163,32,32.0,0.7546977270394564,0.53267974,1851.3125,718.46875,False,53.150366827381575,-119.45634179439871,,-1,,
Act 1 (585),ensemble_585,223,30,30.0,0.7811546921730042,0.6633987,2040.4666666666667,646.5333333333333,False,51.426267643916816,-119.81025463799664,,-1,,
Act 1 (585),ensemble_585,387,29,29.0,0.8972278658686013,0.39869282,2747.2413793103447,594.0,False,45.488712476162085,-118.11348410566015,,-1,,
Act 1 (585),ensemble_585,463,29,29.0,0.8784088410180191,0.7058824,2831.1724137931033,927.6206896551724,False,45.37855802490159,-113.44271963053103,,-1,,
Act 1 (585),ensemble_585,183,29,29.0,0.7889339636112082,0.7058824,1972.0,856.1379310344828,False,52.41632001032865,-116.94583964464222,,-1,,
Act 1 (585),ensemble_585,315,29,29.0,0.7401397433774225,0.53267974,2268.793103448276,946.6896551724138,False,50.09514146428635,-114.68360887558651,,-1,,
Act 1 (585),ensemble_585,310,29,29.0,0.6557358636938292,0.49346408,2260.137931034483,921.7241379310345,False,50.125352969963586,-115.06983900243479,,-1,,
Act 1 (585),ensemble_585,60,28,28.0,0.8806022426911763,0.7026143,1244.6785714285713,211.64285714285714,False,56.860666743728736,-130.22865469953746,,-1,,
Act 1 (585),ensemble_585,193,27,27.0,0.8217138714260526,0.6862745,1993.3703703703704,789.0370370370371,False,52.10890192702607,-117.8763471552153,,-1,,
Act 1 (585),ensemble_585,79,27,27.0,0.792907299818816,0.60457516,1294.5185185185185,231.0,False,56.51133146701337,-129.63295805514466,,-1,,
Act 1 (585),ensemble_585,234,27,27.0,0.7889131042692397,0.5686274,2085.5555555555557,634.7777777777778,False,51.028066276817825,-119.81296370334054,,-1,,
Act 1 (585),ensemble_585,475,27,27.0,0.7656741716243602,0.5718954,2855.074074074074,758.3333333333334,False,44.90180219625451,-115.62488461472154,,-1,,
Act 1 (585),ensemble_585,228,27,27.0,0.7237956921259562,0.51307195,2056.1481481481483,908.4074074074074,False,51.80758182272645,-115.88885268006662,,-1,,
Act 1 (585),ensemble_585,411,26,26.0,0.7606837634856884,0.59477127,2770.4615384615386,617.6153846153846,False,45.3432209904692,-117.72901327859687,,-1,,
Act 1 (585),ensemble_585,298,26,26.0,0.7388134782130902,0.6045752,2253.923076923077,941.4230769230769,False,50.21057166314131,-114.80295767513451,,-1,,
Act 1 (585),ensemble_585,130,25,25.0,0.931241819858551,0.75490195,1400.52,240.56,False,55.67151861620216,-128.88198823520304,,-1,,
Act 1 (585),ensemble_585,453,25,25.0,0.7422222352027893,0.6503268,2811.08,911.32,False,45.52027010952616,-113.7107703053836,,-1,,
Act 1 (585),ensemble_585,370,25,25.0,0.7410457658767701,0.5555556,2520.08,883.6,False,47.895190411997376,-114.8631146838142,,-1,,
Act 1 (585),ensemble_585,343,24,24.0,0.8208061022063097,0.4967321,2321.0416666666665,714.4583333333334,False,49.241080212677,-117.84230693188209,,-1,,
Act 1 (585),ensemble_585,201,23,23.0,0.7905655088632003,0.7124183,2003.304347826087,627.5217391304348,False,51.69324948368334,-120.23023841463673,,-1,,
Act 1 (585),ensemble_585,394,23,23.0,0.7222222323003022,0.39542484,2756.521739130435,881.8260869565217,False,45.92677863096814,-114.24663506695087,,-1,,
Act 1 (585),ensemble_585,338,22,22.0,0.9380570460449565,0.61764705,2301.3636363636365,720.0454545454545,False,49.41488781357949,-117.82853505981507,,-1,,
Act 1 (585),ensemble_585,271,22,22.0,0.7309863513166254,0.5751634,2193.409090909091,905.4090909090909,False,50.65447155265444,-115.50664651469826,,-1,,
Act 1 (585),ensemble_585,344,19,19.0,0.922944614761754,0.7058823,2329.4210526315787,708.3684210526316,False,49.1598706349955,-117.90052358923775,,-1,,
Act 1 (585),ensemble_585,66,18,18.0,0.8474945525328318,0.51960784,1259.111111111111,220.38888888888889,False,56.76929589905569,-130.00599686009556,,-1,,
Act 1 (585),ensemble_585,283,18,18.0,0.726761089430915,0.630719,2216.0555555555557,934.8888888888889,False,50.51599000248338,-115.00904022583508,,-1,,
Act 1 (585),ensemble_585,131,18,18.0,0.7249455485079024,0.6405229,1399.9444444444443,309.27777777777777,False,55.87652980448244,-127.8209478690789,,-1,,
Act 1 (585),ensemble_585,122,17,17.0,0.8758169868413139,0.7352941,1378.0,256.5882352941176,False,55.903383983302135,-128.75976333394755,,-1,,
Act 1 (585),ensemble_585,44,17,17.0,0.8377547123852898,0.5588236,1151.0588235294117,229.2941176470588,False,57.68495691210869,-130.51150764415542,,-1,,
Act 1 (585),ensemble_585,493,17,17.0,0.7399077450527864,0.6732026,3209.0588235294117,1027.5882352941176,False,42.37382836842747,-111.28013307005112,,-1,,
Act 1 (585),ensemble_585,476,17,17.0,0.7341407362152549,0.7091503,2855.8823529411766,873.7058823529412,False,45.0880686914442,-114.09756977755993,,-1,,
Act 1 (585),ensemble_585,125,17,17.0,0.7279892423573662,0.6732027,1380.2941176470588,401.7647058823529,False,56.299179267542215,-126.47813502483791,,-1,,
Act 1 (585),ensemble_585,361,17,17.0,0.7135717167573816,0.65359485,2449.0,901.1764705882352,False,48.51614427614978,-114.81754790385395,,-1,,
Act 1 (585),ensemble_585,442,16,16.0,0.7406045943498611,0.6111111,2795.3125,892.625,False,45.62174404698324,-114.00104406249655,,-1,,
Act 1 (585),ensemble_585,385,16,16.0,0.7073120884597301,0.5882353,2723.125,912.75,False,46.25408307648758,-113.9164814520388,,-1,,
Act 1 (585),ensemble_585,67,16,16.0,0.7030228823423386,0.6535948,1260.6875,317.6875,False,57.04929175132843,-128.46049545560382,,-1,,
Act 1 (585),ensemble_585,75,15,15.0,0.8991285483042399,0.71241826,1280.1333333333334,228.0,False,56.62018140632609,-129.7635098942071,,-1,,
Act 1 (585),ensemble_585,409,15,15.0,0.800871479511261,0.7124183,2765.0,818.0666666666667,False,45.75080364854492,-115.07929186478738,,-1,,
Act 1 (585),ensemble_585,71,14,14.0,0.8797852439539773,0.62091506,1270.0714285714287,225.14285714285714,False,56.69398201677246,-129.8670670879956,,-1,,
Act 1 (585),ensemble_585,231,14,14.0,0.8774509685380119,0.77777773,2073.3571428571427,640.7857142857143,False,51.141750339591745,-119.77106113163143,,-1,,
Act 1 (585),ensemble_585,381,14,14.0,0.7602707871368953,0.7156863,2713.214285714286,914.1428571428571,False,46.338738473050526,-113.92329557912834,,-1,,
Act 1 (585),ensemble_585,102,14,14.0,0.7509337067604065,0.63398695,1344.7857142857142,336.92857142857144,False,56.4104687419755,-127.68881656765082,,-1,,
Act 1 (585),ensemble_585,364,14,14.0,0.7175536794321877,0.6503268,2459.5,900.8571428571429,False,48.42818945217812,-114.79239745490288,,-1,,
Act 1 (585),ensemble_585,388,13,13.0,0.7717446088790894,0.51960784,2743.0,674.3076923076923,False,45.67715142519295,-117.0609709153099,,-1,,
Act 1 (585),ensemble_585,104,13,13.0,0.6598793520377233,0.46732023,1345.076923076923,364.15384615384613,False,56.4856413969611,-127.25849953365991,,-1,,
Act 1 (585),ensemble_585,153,12,12.0,0.7399237503608068,0.31699347,1457.0,308.6666666666667,False,55.40572382602496,-127.52374335704933,,-1,,
Act 1 (585),ensemble_585,458,12,12.0,0.7385620673497518,0.7058824,2820.75,578.75,False,44.853637135320575,-118.08449031595711,,-1,,
Act 1 (585),ensemble_585,208,12,12.0,0.7355664521455765,0.6699347,2011.8333333333333,791.1666666666666,False,51.95906236375821,-117.7802402989733,,-1,,
Act 1 (585),ensemble_585,159,12,12.0,0.7064270451664925,0.4836602,1832.75,727.0,False,53.32320006191931,-119.39798587280664,,-1,,
Act 1 (585),ensemble_585,407,12,12.0,0.6870915076384941,0.09150327,2762.3333333333335,677.8333333333334,False,45.52406240094766,-116.95621654192347,,-1,,
Act 1 (585),ensemble_585,346,11,11.0,0.8030303066427057,0.5620915,2333.2727272727275,696.6363636363636,False,49.10507922017158,-118.05316540953018,,-1,,
Act 1 (585),ensemble_585,316,11,11.0,0.7908496748317372,0.71895427,2267.181818181818,909.8181818181819,False,50.04621039302371,-115.22097904050527,,-1,,
Act 1 (585),ensemble_585,199,11,11.0,0.774212739684365,0.6503268,1999.3636363636363,615.5454545454545,False,51.69985732273638,-120.42138800112605,,-1,,
Act 1 (585),ensemble_585,172,11,11.0,0.7465834834358909,0.70261437,1916.4545454545455,848.3636363636364,False,52.86670895785709,-117.25267149588174,,-1,,
Act 1 (585),ensemble_585,367,11,11.0,0.7302436124194752,0.6797385,2477.7272727272725,903.0909090909091,False,48.28017316507614,-114.709906790118,,-1,,
Act 1 (585),ensemble_585,213,11,11.0,0.7210338765924628,0.6928105,2020.0,901.7272727272727,False,52.098351096977716,-116.1040668767919,,-1,,
Act 1 (585),ensemble_585,206,10,10.0,0.800326818227768,0.6176471,2005.1,651.9,False,51.730733033524196,-119.86484337423312,,-1,,
Act 1 (585),ensemble_585,484,10,10.0,0.7892156720161438,0.73529416,2926.4,1186.3,False,44.94237850800766,-109.78059730947413,,-1,,
Act 1 (585),ensemble_585,360,10,10.0,0.76405228972435,0.5882353,2382.1,833.7,False,48.9562514069934,-115.96375120601222,,-1,,
Act 1 (585),ensemble_585,98,10,10.0,0.7424836754798889,0.63398695,1339.3,340.0,False,56.4645785350293,-127.6704599855587,,-1,,
Act 1 (585),ensemble_585,27,10,10.0,0.7055555641651153,0.6797385,1019.3,202.6,False,58.685657222013404,-131.76445959047913,,-1,,
Act 1 (585),ensemble_585,398,9,9.0,0.9557007948557535,0.74509805,2755.1111111111113,675.5555555555555,False,45.57947067674442,-117.00804992950242,,-1,,
Act 1 (585),ensemble_585,202,9,9.0,0.806463340918223,0.7156863,2001.3333333333333,785.0,False,52.0345658275716,-117.90858127177138,,-1,,
Act 1 (585),ensemble_585,197,9,9.0,0.7585330406824747,0.71895427,1996.3333333333333,632.4444444444445,False,51.76162079611126,-120.18460893122294,,-1,,
Act 1 (585),ensemble_585,124,9,9.0,0.7240377730793424,0.63071895,1378.111111111111,420.8888888888889,False,56.36983702445412,-126.18784576740387,,-1,,
Act 1 (585),ensemble_585,37,9,9.0,0.7153231700261434,0.65686274,1115.888888888889,240.77777777777777,False,58.01098971760894,-130.5423143732152,,-1,,
Act 1 (585),ensemble_585,195,9,9.0,0.7109658718109131,0.6601308,1993.2222222222222,621.0,False,51.762571362932576,-120.36496686629,,-1,,
Act 1 (585),ensemble_585,7,9,9.0,0.6899055971039666,0.6111111,159.66666666666666,426.44444444444446,False,66.84338860525327,-134.02340591552408,,-1,,
Act 1 (585),ensemble_585,254,9,9.0,0.6405228906207614,0.37581703,2164.0,819.3333333333334,False,50.74458541149442,-116.85378855773257,,-1,,
Act 1 (585),ensemble_585,142,9,9.0,0.6180101964208815,0.33006537,1424.3333333333333,568.6666666666666,False,56.37216027679955,-123.612570550978,,-1,,
Act 1 (585),ensemble_585,349,8,8.0,0.8022875711321831,0.624183,2336.25,709.25,False,49.105062449784576,-117.86544566747551,,-1,,
Act 1 (585),ensemble_585,243,8,8.0,0.7765522822737694,0.71895427,2138.875,851.625,False,51.013619603136654,-116.46338599297114,,-1,,
Act 1 (585),ensemble_585,277,8,8.0,0.7549019828438759,0.7058823,2203.5,897.5,False,50.5563926000474,-115.59112379369691,,-1,,
Act 1 (585),ensemble_585,225,8,8.0,0.7410131022334099,0.6503268,2044.75,909.25,False,51.90453760620801,-115.91248419815177,,-1,,
Act 1 (585),ensemble_585,230,8,8.0,0.726715698838234,0.6405229,2069.375,918.375,False,51.71450791126987,-115.69886301016521,,-1,,
Act 1 (585),ensemble_585,121,8,8.0,0.7254901975393295,0.7091503,1376.0,414.125,False,56.36881364271633,-126.30567198153143,,-1,,
Act 1 (585),ensemble_585,226,8,8.0,0.7250817343592644,0.6405229,2047.0,903.25,False,51.87496052787991,-115.99476693830533,,-1,,
Act 1 (585),ensemble_585,167,8,8.0,0.7197712510824203,0.7058824,1892.75,840.25,False,53.04973716650382,-117.45806844709644,,-1,,
Act 1 (585),ensemble_585,86,8,8.0,0.718137264251709,0.64379084,1312.625,290.625,False,56.54101339148504,-128.5948840303979,,-1,,
Act 1 (585),ensemble_585,350,8,8.0,0.7091503143310547,0.66013074,2336.375,873.25,False,49.40622505113928,-115.53970266588146,,-1,,
Act 1 (585),ensemble_585,127,8,8.0,0.703022912144661,0.6732027,1384.75,313.0,False,56.012272863204885,-127.84556097565752,,-1,,
Act 1 (585),ensemble_585,149,8,8.0,0.6883169934153557,0.60457516,1446.0,325.125,False,55.542728393588916,-127.32799426968788,,-1,,
Act 1 (585),ensemble_585,148,8,8.0,0.6793300956487656,0.5915033,1443.25,319.0,False,55.54803284283801,-127.43738008779795,,-1,,
Act 1 (585),ensemble_585,415,7,7.0,0.9383753452982221,0.8888889,2770.714285714286,758.1428571428571,False,45.59998784746721,-115.86365416605902,,-1,,
Act 1 (585),ensemble_585,47,7,7.0,0.894024269921439,0.77124184,1163.0,198.42857142857142,False,57.48942175233446,-130.92985570251923,,-1,,
Act 1 (585),ensemble_585,412,7,7.0,0.8734827382223946,0.7254903,2767.714285714286,670.0,False,45.46506230466678,-117.04406459553081,,-1,,
Act 1 (585),ensemble_585,432,7,7.0,0.8557422927447728,0.70261437,2781.0,682.2857142857143,False,45.378132939428646,-116.84170368669675,,-1,,
Act 1 (585),ensemble_585,179,7,7.0,0.8534080471311297,0.72222227,1959.4285714285713,756.4285714285714,False,52.32713747018634,-118.48361171047883,,-1,,
Act 1 (585),ensemble_585,257,7,7.0,0.8244631205286298,0.72549015,2168.714285714286,856.2857142857143,False,50.77321356032868,-116.29998349504415,,-1,,
Act 1 (585),ensemble_585,270,7,7.0,0.8221288664000375,0.7385621,2183.4285714285716,904.8571428571429,False,50.736873834419804,-115.54513573502162,,-1,,
Act 1 (585),ensemble_585,473,7,7.0,0.8188608969960894,0.74183005,2849.1428571428573,842.7142857142857,False,45.09369492121294,-114.52586661340324,,-1,,
Act 1 (585),ensemble_585,465,7,7.0,0.8057890023503985,0.7091504,2832.714285714286,933.0,False,45.37403961530548,-113.36711632965039,,-1,,
Act 1 (585),ensemble_585,218,7,7.0,0.7605042116982597,0.70261437,2027.857142857143,804.1428571428571,False,51.85056966473334,-117.53217211367763,,-1,,
Act 1 (585),ensemble_585,304,7,7.0,0.7595705219677517,0.7156863,2254.4285714285716,879.1428571428571,False,50.09930764546918,-115.70197163272796,,-1,,
Act 1 (585),ensemble_585,382,7,7.0,0.7497665711811611,0.6928105,2715.285714285714,883.8571428571429,False,46.272771716134145,-114.32786935920407,,-1,,
Act 1 (585),ensemble_585,103,7,7.0,0.7441643731934684,0.7254903,1343.5714285714287,373.57142857142856,False,56.52471201901947,-127.11798197291756,,-1,,
Act 1 (585),ensemble_585,214,7,7.0,0.7236227904047284,0.6503268,2023.5714285714287,864.4285714285714,False,52.00029303182243,-116.64960987699676,,-1,,
Act 1 (585),ensemble_585,459,6,6.0,0.9161220093568166,0.89215684,2820.0,926.5,False,45.469781842054445,-113.48548429439815,,-1,,
Act 1 (585),ensemble_585,441,6,6.0,0.8273420433203379,0.8071895,2792.5,840.0,False,45.559387929448995,-114.71186286432616,,-1,,
Act 1 (585),ensemble_585,365,6,6.0,0.7881263891855875,0.7385621,2459.5,907.8333333333334,False,48.43982613092212,-114.69450235820739,,-1,,
Act 1 (585),ensemble_585,97,6,6.0,0.7516340017318726,0.70261437,1336.8333333333333,335.6666666666667,False,56.472511361570135,-127.75216407635605,,-1,,
Act 1 (585),ensemble_585,369,6,6.0,0.7434640725453695,0.7058824,2496.1666666666665,878.6666666666666,False,48.085776790870376,-114.99913319034162,,-1,,
Act 1 (585),ensemble_585,378,6,6.0,0.7412854035695394,0.7156863,2691.0,896.5,False,46.49516792077988,-114.22077654201355,,-1,,
Act 1 (585),ensemble_585,17,6,6.0,0.7331154743830363,0.71568626,906.3333333333334,847.1666666666666,False,61.489476950874064,-121.42945367413095,,-1,,
Act 1 (585),ensemble_585,219,6,6.0,0.7260348697503408,0.57843137,2030.8333333333333,616.6666666666666,False,51.44191574572536,-120.283791416862,,-1,,
Act 1 (585),ensemble_585,24,6,6.0,0.7151416142781576,0.70261437,1006.8333333333334,206.33333333333334,False,58.8008089965522,-131.78406405165612,,-1,,
Act 1 (585),ensemble_585,106,6,6.0,0.708061029513677,0.5686274,1345.0,389.1666666666667,False,56.55668424904629,-126.86385015728571,,-1,,
Act 1 (585),ensemble_585,143,6,6.0,0.7053376982609431,0.48692814,1424.6666666666667,575.8333333333334,False,56.38731834640369,-123.49676808446074,,-1,,
Act 1 (585),ensemble_585,62,6,6.0,0.6906318267186483,0.60457516,1249.1666666666667,317.8333333333333,False,57.14496969214964,-128.52352330903247,,-1,,
Act 1 (585),ensemble_585,392,5,5.0,0.8797385454177856,0.70261437,2746.4,774.8,False,45.83056735498005,-115.70998393357151,,-1,,
Act 1 (585),ensemble_585,295,5,5.0,0.8738562107086182,0.7679739,2247.2,696.6,False,49.81735110968014,-118.34482193729839,,-1,,
Act 1 (585),ensemble_585,327,5,5.0,0.8241829991340637,0.72222227,2284.8,692.0,False,49.497001504802945,-118.28198157990002,,-1,,
Act 1 (585),ensemble_585,69,5,5.0,0.7673202514648437,0.74509805,1266.8,361.0,False,57.1249667319698,-127.7368899629924,,-1,,
Act 1 (585),ensemble_585,164,5,5.0,0.7640522956848145,0.7091503,1859.0,721.0,False,53.09157940524716,-119.38870304691837,,-1,,
Act 1 (585),ensemble_585,446,5,5.0,0.7379084944725036,0.72875816,2797.0,659.6,False,45.20389913334657,-117.09409593083414,,-1,,
Act 1 (585),ensemble_585,119,5,5.0,0.7346405506134033,0.7156863,1374.0,423.4,False,56.41082981109124,-126.1695741739033,,-1,,
Act 1 (585),ensemble_585,491,5,5.0,0.7307189464569092,0.7058823,3200.0,1039.2,False,42.465204341709274,-111.15068552465662,,-1,,
Act 1 (585),ensemble_585,157,5,5.0,0.7300653576850891,0.70261437,1750.4,735.6,False,54.02959494858507,-119.5850612221372,,-1,,
Act 1 (585),ensemble_585,452,5,5.0,0.7202614545822144,0.7091503,2809.0,567.0,False,44.92730324531541,-118.27502656136036,,-1,,
Act 1 (585),ensemble_585,25,5,5.0,0.7104575276374817,0.70261437,1010.8,204.2,False,58.76106319868685,-131.79316465128142,,-1,,
Act 1 (585),ensemble_585,423,4,4.0,0.9975490123033524,0.99019605,2775.5,660.5,False,45.38304481488806,-117.14658437635164,,-1,,
Act 1 (585),ensemble_585,401,4,4.0,0.9828431159257889,0.9705882,2758.5,675.5,False,45.551383197287784,-116.99864805138547,,-1,,
Act 1 (585),ensemble_585,57,4,4.0,0.9142156839370728,0.8267974,1207.5,200.5,False,57.13081311942629,-130.62652692411683,,-1,,
Act 1 (585),ensemble_585,447,4,4.0,0.8455882668495178,0.8333333,2798.25,838.5,False,45.509172945372754,-114.71653226439612,,-1,,
Act 1 (585),ensemble_585,299,4,4.0,0.8039215952157974,0.76143795,2250.5,663.0,False,49.722557189422595,-118.81205766848787,,-1,,
Act 1 (585),ensemble_585,276,4,4.0,0.8031045794487,0.7156863,2201.5,697.0,False,50.1966095003581,-118.49674700596171,,-1,,
Act 1 (585),ensemble_585,332,4,4.0,0.7638889253139496,0.7254903,2290.5,914.5,False,49.859640671802396,-115.08469694336881,,-1,,
Act 1 (585),ensemble_585,94,4,4.0,0.7638888955116272,0.7418301,1328.5,371.5,False,56.643663015251406,-127.23202834961879,,-1,,
Act 1 (585),ensemble_585,284,4,4.0,0.7630718797445297,0.7156863,2210.5,908.0,False,50.51624119848871,-115.41706305414598,,-1,,
Act 1 (585),ensemble_585,26,4,4.0,0.7598038911819458,0.72222215,1010.0,238.75,False,58.880038148101725,-131.23608815122734,,-1,,
Act 1 (585),ensemble_585,492,4,4.0,0.7385620921850204,0.71895427,3199.75,1026.75,False,42.45043926641414,-111.31015260819397,,-1,,
Act 1 (585),ensemble_585,110,4,4.0,0.7352941483259201,0.7124183,1348.5,390.5,False,56.53140222204511,-126.8240929400802,,-1,,
Act 1 (585),ensemble_585,495,4,4.0,0.7197712510824203,0.71241826,3240.5,1056.25,False,42.149486868190415,-110.85110698970611,,-1,,
Act 1 (585),ensemble_585,248,4,4.0,0.7148692607879639,0.70261437,2147.5,849.75,False,50.938244341177565,-116.46314795526483,,-1,,
Act 1 (585),ensemble_585,73,4,4.0,0.7058823704719543,0.6960785,1275.25,323.75,False,56.94672914350268,-128.28214094274156,,-1,,
Act 1 (585),ensemble_585,115,4,4.0,0.7050653398036957,0.6830065,1364.75,413.75,False,56.46112375399883,-126.3705111656932,,-1,,
Act 1 (585),ensemble_585,136,4,4.0,0.6968954205513,0.65686274,1408.75,316.25,False,55.82403574464185,-127.66493542513271,,-1,,
Act 1 (585),ensemble_585,404,3,3.0,0.9945533871650696,0.99019605,2760.3333333333335,668.6666666666666,False,45.523513013723964,-117.08387183564959,,-1,,
Act 1 (585),ensemble_585,482,3,3.0,0.9673202633857727,0.9281046,2911.0,1217.6666666666667,False,45.10927084651177,-109.39140245270664,,-1,,
Act 1 (585),ensemble_585,406,3,3.0,0.9640522599220276,0.96078426,2761.6666666666665,653.6666666666666,False,45.48437535783812,-117.27880724081818,,-1,,
Act 1 (585),ensemble_585,250,3,3.0,0.9172113537788391,0.9052288,2156.0,817.6666666666666,False,50.80810859629716,-116.9041712322992,,-1,,
Act 1 (585),ensemble_585,190,3,3.0,0.8769063552220663,0.8137255,1983.0,783.6666666666666,False,52.184858332222454,-117.99285128992032,,-1,,
Act 1 (585),ensemble_585,464,3,3.0,0.8202614585558573,0.80065364,2828.0,931.0,False,45.41018353022478,-113.4054851189841,,-1,,
Act 1 (585),ensemble_585,56,3,3.0,0.8006535768508911,0.77777773,1204.0,194.0,False,57.13908892253943,-130.75019567788274,,-1,,
Act 1 (585),ensemble_585,422,3,3.0,0.7832244038581848,0.74183005,2775.0,807.0,False,45.6490849550211,-115.19988526204564,,-1,,
Act 1 (585),ensemble_585,494,3,3.0,0.7614379326502482,0.72875816,3215.0,1030.0,False,42.327472220526886,-111.23710295284027,,-1,,
Act 1 (585),ensemble_585,402,3,3.0,0.7592592636744181,0.7091503,2759.0,753.3333333333334,False,45.68848014028198,-115.96108815326308,,-1,,
Act 1 (585),ensemble_585,340,3,3.0,0.7570806344350179,0.73202616,2303.0,905.0,False,49.739154615554874,-115.18445089546293,,-1,,
Act 1 (585),ensemble_585,301,3,3.0,0.7549019455909729,0.71895427,2250.0,900.3333333333334,False,50.17322882272567,-115.4092704163474,,-1,,
Act 1 (585),ensemble_585,362,3,3.0,0.7505446473757426,0.7058823,2455.0,894.0,False,48.454149543679016,-114.90133432202796,,-1,,
Act 1 (585),ensemble_585,308,3,3.0,0.7494553526242574,0.72875816,2257.0,893.0,False,50.10209977701858,-115.49417556488564,,-1,,
Act 1 (585),ensemble_585,359,3,3.0,0.7396514217058817,0.71568626,2369.3333333333335,866.3333333333334,False,49.119817282719055,-115.54006431479536,,-1,,
Act 1 (585),ensemble_585,178,3,3.0,0.7385620872179667,0.71568626,1956.0,884.0,False,52.602291213600914,-116.57998279530177,,-1,,
Act 1 (585),ensemble_585,158,3,3.0,0.7374727725982666,0.73202616,1772.3333333333333,746.0,False,53.86805663116654,-119.3399940008168,,-1,,
Act 1 (585),ensemble_585,256,3,3.0,0.7352941632270813,0.7156863,2166.6666666666665,665.6666666666666,False,50.42144157892245,-119.07002503548725,,-1,,
Act 1 (585),ensemble_585,376,3,3.0,0.7342048287391663,0.7156863,2660.6666666666665,884.6666666666666,False,46.728065978881766,-114.46259549000274,,-1,,
Act 1 (585),ensemble_585,386,3,3.0,0.7342048088709513,0.7058824,2739.0,882.0,False,46.07267098221118,-114.29032395206748,,-1,,
Act 1 (585),ensemble_585,355,3,3.0,0.7331154743830363,0.7058824,2356.0,846.0,False,49.195071443834955,-115.86840090401463,,-1,,
Act 1 (585),ensemble_585,496,3,3.0,0.7331154743830363,0.7058824,3248.0,1055.0,False,42.08513854801144,-110.85193683551573,,-1,,
Act 1 (585),ensemble_585,4,3,3.0,0.7320261597633362,0.71895427,150.33333333333334,426.6666666666667,False,66.92865713034246,-134.09509700251252,,-1,,
Act 1 (585),ensemble_585,188,3,3.0,0.7320261597633362,0.5882353,1979.3333333333333,776.3333333333334,False,52.20094957532134,-118.11521707952923,,-1,,
Act 1 (585),ensemble_585,285,3,3.0,0.7276689012845358,0.7026145,2213.0,664.6666666666666,False,50.036053249716836,-118.91986119645244,,-1,,
Act 1 (585),ensemble_585,205,3,3.0,0.7276688615481058,0.7091503,2004.3333333333333,619.0,False,51.66624914082798,-120.35145414436239,,-1,,
Act 1 (585),ensemble_585,279,3,3.0,0.727668841679891,0.7124183,2207.0,945.3333333333334,False,50.60938596477964,-114.88352859109615,,-1,,
Act 1 (585),ensemble_585,61,3,3.0,0.727668821811676,0.70261437,1246.3333333333333,309.6666666666667,False,57.14421790449995,-128.6695456271272,,-1,,
Act 1 (585),ensemble_585,135,3,3.0,0.7244008779525757,0.70261437,1407.0,310.0,False,55.820556589204735,-127.77150032998699,,-1,,
Act 1 (585),ensemble_585,85,3,3.0,0.7244008580843607,0.70261437,1309.6666666666667,294.6666666666667,False,56.577292331210096,-128.54799077213735,,-1,,
Act 1 (585),ensemble_585,286,3,3.0,0.7222222288449606,0.7058823,2213.0,818.3333333333334,False,50.33477639205579,-116.70987777247075,,-1,,
Act 1 (585),ensemble_585,380,3,3.0,0.7222222288449606,0.71568626,2703.6666666666665,920.6666666666666,False,46.42853401152282,-113.85955008311343,,-1,,
Act 1 (585),ensemble_585,274,3,3.0,0.7211329340934753,0.7124183,2199.0,706.3333333333334,False,50.23597186940249,-118.37131582970608,,-1,,
Act 1 (585),ensemble_585,354,3,3.0,0.7145969271659851,0.7091503,2353.6666666666665,866.6666666666666,False,49.25079198519529,-115.58189060539632,,-1,,
Act 1 (585),ensemble_585,72,3,3.0,0.7113289634386698,0.70261437,1269.0,321.0,False,56.99032577549256,-128.36094689172646,,-1,,
Act 1 (585),ensemble_585,294,3,3.0,0.7080609798431396,0.6862745,2240.0,904.0,False,50.2630289136546,-115.38624064620036,,-1,,
Act 1 (585),ensemble_585,241,3,3.0,0.6938997904459635,0.63398695,2136.0,799.0,False,50.93951885379251,-117.24249118296228,,-1,,
Act 1 (585),ensemble_585,393,2,2.0,0.9150327146053314,0.882353,2747.5,669.0,False,45.63008471890259,-117.1180256065564,,-1,,
Act 1 (585),ensemble_585,480,2,2.0,0.9101307392120361,0.8202615,2905.5,1212.5,False,45.149174608929336,-109.47103155786218,,-1,,
Act 1 (585),ensemble_585,352,2,2.0,0.9003267884254456,0.8856209,2347.5,670.5,False,48.935857501586625,-118.37305434847194,,-1,,
Act 1 (585),ensemble_585,63,2,2.0,0.8545751571655273,0.7908497,1251.5,214.0,False,56.812023191055694,-130.15121552790197,,-1,,
Act 1 (585),ensemble_585,408,2,2.0,0.8464052081108093,0.72549015,2762.5,798.0,False,45.73733366790343,-115.3546105847471,,-1,,
Act 1 (585),ensemble_585,180,2,2.0,0.8316993415355682,0.8235294,1959.5,777.0,False,52.36771645043614,-118.17576889876803,,-1,,
Act 1 (585),ensemble_585,307,2,2.0,0.8202614784240723,0.80065364,2255.5,809.5,False,49.96490960066703,-116.70123398889682,,-1,,
Act 1 (585),ensemble_585,18,2,2.0,0.8055555820465088,0.77124184,912.0,844.5,False,61.43329793995727,-121.44921092394804,,-1,,
Act 1 (585),ensemble_585,212,2,2.0,0.8055555820465088,0.7941177,2016.5,626.0,False,51.58071595384058,-120.20198854193734,,-1,,
Act 1 (585),ensemble_585,196,2,2.0,0.7957516312599182,0.75816995,1993.5,649.0,False,51.82069494568416,-119.95159578741786,,-1,,
Act 1 (585),ensemble_585,318,2,2.0,0.7843137085437775,0.7843137,2268.5,728.0,False,49.702624625238755,-117.82496185549913,,-1,,
Act 1 (585),ensemble_585,15,2,2.0,0.7810457646846771,0.7156863,308.0,534.5,False,65.89863359284215,-130.81661451816797,,-1,,
Act 1 (585),ensemble_585,240,2,2.0,0.7777777910232544,0.7124183,2128.5,866.0,False,51.12639175422407,-116.2857559120097,,-1,,
Act 1 (585),ensemble_585,303,2,2.0,0.7777777910232544,0.7647059,2250.5,946.0,False,50.24685170645781,-114.7465783942169,,-1,,
Act 1 (585),ensemble_585,244,2,2.0,0.7745097875595093,0.71895427,2142.5,804.5,False,50.89581114097322,-117.14062719642365,,-1,,
Act 1 (585),ensemble_585,252,2,2.0,0.7728758454322815,0.74509805,2157.0,806.5,False,50.778855687961254,-117.06361496713114,,-1,,
Act 1 (585),ensemble_585,305,2,2.0,0.7696078717708588,0.7385621,2253.0,807.5,False,49.982003805096554,-116.73793711399054,,-1,,
Act 1 (585),ensemble_585,19,2,2.0,0.7679738998413086,0.75163406,914.0,826.5,False,61.37206401794807,-121.7596441793988,,-1,,
Act 1 (585),ensemble_585,32,2,2.0,0.7679738998413086,0.7189543,1082.5,190.0,False,58.123932232843735,-131.56509125302225,,-1,,
Act 1 (585),ensemble_585,258,2,2.0,0.7647058963775635,0.7647059,2167.0,816.5,False,50.71432127443148,-116.88526524178651,,-1,,
Act 1 (585),ensemble_585,232,2,2.0,0.7630718946456909,0.7352941,2077.5,824.0,False,51.47430894627784,-117.07041536498245,,-1,,
Act 1 (585),ensemble_585,209,2,2.0,0.7598039209842682,0.75490195,2010.0,901.5,False,52.18172108661464,-116.13973716453982,,-1,,
Act 1 (585),ensemble_585,451,2,2.0,0.758169949054718,0.72222227,2806.5,873.0,False,45.49721689177565,-114.23443149830044,,-1,,
Act 1 (585),ensemble_585,466,2,2.0,0.7565359771251678,0.7254903,2834.5,810.0,False,45.160757255801,-114.99829488775708,,-1,,
Act 1 (585),ensemble_585,46,2,2.0,0.7549020051956177,0.7124183,1153.5,265.5,False,57.77753441984986,-129.9176547419695,,-1,,
Act 1 (585),ensemble_585,290,2,2.0,0.7516340017318726,0.7058824,2226.0,682.5,False,49.96463070959796,-118.61935006055855,,-1,,
Act 1 (585),ensemble_585,312,2,2.0,0.7467320263385773,0.7385621,2261.0,720.5,False,49.75016471656033,-117.9570473257204,,-1,,
Act 1 (585),ensemble_585,384,2,2.0,0.7467320263385773,0.7156863,2719.0,887.5,False,46.247818452650414,-114.26879204565181,,-1,,
Act 1 (585),ensemble_585,54,2,2.0,0.7450980842113495,0.7254903,1192.5,187.0,False,57.211253955751644,-130.93046686705418,,-1,,
Act 1 (585),ensemble_585,187,2,2.0,0.7434640824794769,0.7385621,1978.5,779.0,False,52.21318023685652,-118.07837904821132,,-1,,
Act 1 (585),ensemble_585,498,2,2.0,0.7434640824794769,0.72222227,3275.0,1057.5,False,41.86268641118622,-110.76633390582326,,-1,,
Act 1 (585),ensemble_585,443,2,2.0,0.7401960492134094,0.72875816,2790.5,901.5,False,45.67589222916529,-113.89454342034576,,-1,,
Act 1 (585),ensemble_585,117,2,2.0,0.7385621070861816,0.73202616,1369.5,419.0,False,56.43613145170031,-126.2626185208969,,-1,,
Act 1 (585),ensemble_585,224,2,2.0,0.7385621070861816,0.73202616,2040.5,897.0,False,51.91814590310411,-116.10874071807692,,-1,,
Act 1 (585),ensemble_585,265,2,2.0,0.7385621070861816,0.72222227,2172.5,890.0,False,50.80202410515815,-115.79580878117778,,-1,,
Act 1 (585),ensemble_585,311,2,2.0,0.7369281649589539,0.72222227,2258.5,731.5,False,49.792311793985114,-117.80845323735285,,-1,,
Act 1 (585),ensemble_585,111,2,2.0,0.7369281053543091,0.71895427,1349.5,331.0,False,56.3545397572154,-127.7562143400493,,-1,,
Act 1 (585),ensemble_585,198,2,2.0,0.7352941334247589,0.7352941,1996.5,648.0,False,51.793687241662674,-119.95491797843111,,-1,,
Act 1 (585),ensemble_585,45,2,2.0,0.7336601316928864,0.73202616,1149.0,260.5,False,57.7992335769021,-130.0248154982248,,-1,,
Act 1 (585),ensemble_585,341,2,2.0,0.7336601316928864,0.72875816,2308.5,877.0,False,49.644930724060195,-115.56945672216965,,-1,,
Act 1 (585),ensemble_585,90,2,2.0,0.7320261299610138,0.72875816,1323.0,381.5,False,56.717504317883765,-127.10335731956748,,-1,,
Act 1 (585),ensemble_585,227,2,2.0,0.7320261299610138,0.7058824,2045.5,650.0,False,51.39193326658443,-119.74064556744504,,-1,,
Act 1 (585),ensemble_585,320,2,2.0,0.7303921580314636,0.7058824,2272.5,925.0,False,50.02770831533219,-114.98618497917933,,-1,,
Act 1 (585),ensemble_585,189,2,2.0,0.7303921282291412,0.70261437,1982.0,623.5,False,51.86093082811725,-120.37159135632079,,-1,,
Act 1 (585),ensemble_585,100,2,2.0,0.7287581861019135,0.71568626,1339.5,378.5,False,56.57231750502547,-127.0619928774423,,-1,,
Act 1 (585),ensemble_585,469,2,2.0,0.7287581861019135,0.72222227,2837.5,885.0,False,45.25890898566051,-113.99461191447128,,-1,,
Act 1 (585),ensemble_585,454,2,2.0,0.7271241843700409,0.7124183,2811.5,841.5,False,45.40416594548841,-114.64129571537185,,-1,,
Act 1 (585),ensemble_585,471,2,2.0,0.7271241843700409,0.71895427,2842.5,876.0,False,45.2029451808798,-114.10145135854934,,-1,,
Act 1 (585),ensemble_585,151,2,2.0,0.7254902124404907,0.71895427,1452.5,324.0,False,55.48608550641787,-127.3109178531567,,-1,,
Act 1 (585),ensemble_585,428,2,2.0,0.7254902124404907,0.7091503,2777.5,889.5,False,45.76480168247258,-114.0889037532308,,-1,,
Act 1 (585),ensemble_585,497,2,2.0,0.7238562107086182,0.7156863,3273.5,1053.5,False,41.869966792633946,-110.81994368947466,,-1,,
Act 1 (585),ensemble_585,421,2,2.0,0.7238561809062958,0.71241826,2773.5,912.5,False,45.83468821402169,-113.79038731515386,,-1,,
Act 1 (585),ensemble_585,175,2,2.0,0.722222238779068,0.7058824,1927.5,861.0,False,52.79816892029163,-117.02351757084126,,-1,,
Act 1 (585),ensemble_585,147,2,2.0,0.7222222089767456,0.71568626,1439.5,324.5,False,55.59444182667457,-127.37221428018832,,-1,,
Act 1 (585),ensemble_585,368,2,2.0,0.7222222089767456,0.70261437,2486.5,902.0,False,48.205330207269284,-114.70063516472165,,-1,,
Act 1 (585),ensemble_585,461,2,2.0,0.7222222089767456,0.7091503,2820.5,932.0,False,45.47414115189696,-113.41073434174044,,-1,,
Act 1 (585),ensemble_585,215,2,2.0,0.7205882668495178,0.71895427,2021.0,868.5,False,52.029330913630446,-116.59734356537332,,-1,,
Act 1 (585),ensemble_585,363,2,2.0,0.7205882668495178,0.7091504,2458.5,896.0,False,48.428376262627204,-114.86336084305529,,-1,,
Act 1 (585),ensemble_585,87,2,2.0,0.7205882370471954,0.7091503,1312.0,297.5,False,56.56640488646277,-128.4903284197237,,-1,,
Act 1 (585),ensemble_585,176,2,2.0,0.7205882370471954,0.7124183,1945.0,751.5,False,52.43745485123894,-118.60961804851445,,-1,,
Act 1 (585),ensemble_585,439,2,2.0,0.7189542651176453,0.7091504,2790.5,576.0,False,45.09727057515194,-118.2149728644517,,-1,,
Act 1 (585),ensemble_585,112,2,2.0,0.7173202931880951,0.7091503,1349.0,340.5,False,56.38589842594803,-127.60968664931215,,-1,,
Act 1 (585),ensemble_585,76,2,2.0,0.7156862914562225,0.7124183,1280.0,328.5,False,56.92135175956984,-128.18016724132943,,-1,,
Act 1 (585),ensemble_585,262,2,2.0,0.7156862914562225,0.7058823,2169.5,895.0,False,50.835911407734514,-115.73198728777206,,-1,,
Act 1 (585),ensemble_585,487,2,2.0,0.7156862914562225,0.7124183,2956.5,862.5,False,44.234159901762744,-113.98985567927073,,-1,,
Act 1 (585),ensemble_585,22,2,2.0,0.7140523195266724,0.70261437,976.5,231.0,False,59.13247279963995,-131.57728235059,,-1,,
Act 1 (585),ensemble_585,275,2,2.0,0.71405228972435,0.7091503,2199.5,665.5,False,50.149427135038195,-118.95562926749827,,-1,,
Act 1 (585),ensemble_585,357,2,2.0,0.71405228972435,0.7058823,2356.0,840.5,False,49.1853221014546,-115.94643368132736,,-1,,
Act 1 (585),ensemble_585,337,2,2.0,0.7124182879924774,0.7058823,2297.5,913.0,False,49.79868525163304,-115.0857233245657,,-1,,
Act 1 (585),ensemble_585,42,2,2.0,0.7107843458652496,0.7058824,1145.0,258.5,False,57.82606232030326,-130.0809597673708,,-1,,
Act 1 (585),ensemble_585,288,2,2.0,0.7107843458652496,0.7058824,2224.5,938.0,False,50.45068472475409,-114.93882352284432,,-1,,
Act 1 (585),ensemble_585,184,2,2.0,0.7107843160629272,0.70261437,1968.5,892.0,False,52.512236198778346,-116.41795150355016,,-1,,
Act 1 (585),ensemble_585,455,2,2.0,0.7107843160629272,0.7091503,2814.0,573.5,False,44.8989283484992,-118.17424526187692,,-1,,
Act 1 (585),ensemble_585,58,2,2.0,0.7075163722038269,0.70261437,1209.5,292.5,False,57.397267045652534,-129.15520386290646,,-1,,
Act 1 (585),ensemble_585,30,2,2.0,0.705882340669632,0.70261437,1070.5,238.0,False,58.37704824012071,-130.86751038154162,,-1,,
Act 1 (585),ensemble_585,457,1,1.0,1.0,1.0,2816.0,812.0,False,45.317557266369754,-115.02165387127117,,-1,,
Act 1 (585),ensemble_585,53,1,1.0,0.9313725829124451,0.9313726,1189.0,202.0,False,57.287289290389694,-130.71474717312321,,-1,,
Act 1 (585),ensemble_585,169,1,1.0,0.9313725829124451,0.9313726,1908.0,773.0,False,52.789593958718385,-118.42121218860908,,-1,,
Act 1 (585),ensemble_585,414,1,1.0,0.9313725829124451,0.9313726,2769.0,754.0,False,45.60687522929193,-115.92372648197778,,-1,,
Act 1 (585),ensemble_585,425,1,1.0,0.915032684803009,0.9150327,2775.0,825.0,False,45.679545147609026,-114.95934271045753,,-1,,
Act 1 (585),ensemble_585,168,1,1.0,0.9117646813392639,0.9117647,1902.0,776.0,False,52.84574249381554,-118.39776343605566,,-1,,
Act 1 (585),ensemble_585,145,1,1.0,0.9084967970848083,0.9084968,1427.0,571.0,False,56.355688382245674,-123.56267701535118,,-1,,
Act 1 (585),ensemble_585,424,1,1.0,0.898692786693573,0.8986928,2775.0,823.0,False,45.676179363859035,-114.98608194238764,,-1,,
Act 1 (585),ensemble_585,65,1,1.0,0.8954248428344727,0.89542484,1254.0,216.0,False,56.79769630382126,-130.10503553127708,,-1,,
Act 1 (585),ensemble_585,399,1,1.0,0.8921568393707275,0.89215684,2755.0,628.0,False,45.49060556355527,-117.63926243253431,,-1,,
Act 1 (585),ensemble_585,191,1,1.0,0.8823530077934265,0.882353,1986.0,784.0,False,52.16048945612552,-117.97731175624503,,-1,,
Act 1 (585),ensemble_585,253,1,1.0,0.8823530077934265,0.882353,2159.0,815.0,False,50.77814130740643,-116.93322837427355,,-1,,
Act 1 (585),ensemble_585,335,1,1.0,0.8594771027565002,0.8594771,2294.0,691.0,False,49.418896581776494,-118.26493808635095,,-1,,
Act 1 (585),ensemble_585,351,1,1.0,0.8562090992927551,0.8562091,2340.0,695.0,False,49.04622021918595,-118.05376423882124,,-1,,
Act 1 (585),ensemble_585,449,1,1.0,0.843137264251709,0.84313726,2805.0,801.0,False,45.39013063780246,-115.19775147138837,,-1,,
Act 1 (585),ensemble_585,450,1,1.0,0.843137264251709,0.84313726,2806.0,803.0,False,45.385241684848104,-115.16842728598009,,-1,,
Act 1 (585),ensemble_585,434,1,1.0,0.8267974257469177,0.8267974,2782.0,657.0,False,45.32283955898322,-117.17337002723879,,-1,,
Act 1 (585),ensemble_585,429,1,1.0,0.8235294222831726,0.8235294,2778.0,684.0,False,45.40607643192459,-116.82786968271151,,-1,,
Act 1 (585),ensemble_585,391,1,1.0,0.8202614188194275,0.8202614,2744.0,882.0,False,46.03111931956831,-114.27716618839266,,-1,,
Act 1 (585),ensemble_585,348,1,1.0,0.8137255311012268,0.81372553,2333.0,677.0,False,49.06860989791304,-118.33065173236703,,-1,,
Act 1 (585),ensemble_585,255,1,1.0,0.8071895241737366,0.8071895,2165.0,813.0,False,50.724439063297865,-116.94273497225869,,-1,,
Act 1 (585),ensemble_585,319,1,1.0,0.8039215207099915,0.8039215,2269.0,803.0,False,49.84066757742943,-116.75144812700516,,-1,,
Act 1 (585),ensemble_585,36,1,1.0,0.8006536364555359,0.80065364,1109.0,198.0,False,57.93177240964545,-131.27061284462982,,-1,,
Act 1 (585),ensemble_585,203,1,1.0,0.8006536364555359,0.80065364,2002.0,655.0,False,51.76303667119235,-119.83092692362534,,-1,,
Act 1 (585),ensemble_585,419,1,1.0,0.7973856329917908,0.79738563,2771.0,754.0,False,45.59031826515069,-115.91804285357316,,-1,,
Act 1 (585),ensemble_585,174,1,1.0,0.7908496856689453,0.7908497,1927.0,744.0,False,52.572246863645255,-118.78782503303977,,-1,,
Act 1 (585),ensemble_585,397,1,1.0,0.787581741809845,0.78758174,2753.0,648.0,False,45.54518232144717,-117.38025930964191,,-1,,
Act 1 (585),ensemble_585,138,1,1.0,0.7843137383460999,0.78431374,1412.0,564.0,False,56.463660933852296,-123.7460697987292,,-1,,
Act 1 (585),ensemble_585,242,1,1.0,0.7843136787414551,0.7843137,2135.0,849.0,False,51.04113778484557,-116.51431463695535,,-1,,
Act 1 (585),ensemble_585,245,1,1.0,0.7810457348823547,0.78104573,2142.0,855.0,False,50.99371341884853,-116.40392733375369,,-1,,
Act 1 (585),ensemble_585,334,1,1.0,0.7777778506278992,0.77777785,2293.0,913.0,False,49.83622740139587,-115.09893072390057,,-1,,
Act 1 (585),ensemble_585,437,1,1.0,0.7777777314186096,0.77777773,2787.0,841.0,False,45.60669925314795,-114.71319815656476,,-1,,
Act 1 (585),ensemble_585,264,1,1.0,0.774509847164154,0.77450985,2171.0,665.0,False,50.38421132632914,-119.06413745052527,,-1,,
Act 1 (585),ensemble_585,12,1,1.0,0.7679738998413086,0.7679739,186.0,437.0,False,66.64575321002015,-133.6091707783238,,-1,,
Act 1 (585),ensemble_585,259,1,1.0,0.7679738998413086,0.7679739,2167.0,821.0,False,50.7227003974481,-116.81976055968575,,-1,,
Act 1 (585),ensemble_585,41,1,1.0,0.7679738402366638,0.76797384,1144.0,269.0,False,57.866840561649504,-129.91848710811885,,-1,,
Act 1 (585),ensemble_585,20,1,1.0,0.7647058963775635,0.7647059,915.0,815.0,False,61.335132450678316,-121.95893460809776,,-1,,
Act 1 (585),ensemble_585,287,1,1.0,0.7647058963775635,0.7647059,2218.0,902.0,False,50.44319490113339,-115.48160675199783,,-1,,
Act 1 (585),ensemble_585,96,1,1.0,0.7647058367729187,0.76470584,1332.0,387.0,False,56.658376511168946,-126.96774644289958,,-1,,
Act 1 (585),ensemble_585,313,1,1.0,0.7614379525184631,0.76143795,2261.0,730.0,False,49.768674639002896,-117.82150582960611,,-1,,
Act 1 (585),ensemble_585,95,1,1.0,0.7614378929138184,0.7614379,1332.0,290.0,False,56.37966011923503,-128.49602777752796,,-1,,
Act 1 (585),ensemble_585,113,1,1.0,0.7614378929138184,0.7614379,1351.0,405.0,False,56.551035565176875,-126.5814115914177,,-1,,
Act 1 (585),ensemble_585,325,1,1.0,0.7614378929138184,0.7614379,2279.0,695.0,False,49.55094205595981,-118.25910487292418,,-1,,
Act 1 (585),ensemble_585,29,1,1.0,0.758169949054718,0.75816995,1058.0,238.0,False,58.48037748757522,-130.94554517388235,,-1,,
Act 1 (585),ensemble_585,154,1,1.0,0.7549020648002625,0.75490206,1466.0,346.0,False,55.43661750908987,-126.89971570938391,,-1,,
Act 1 (585),ensemble_585,417,1,1.0,0.7549019455909729,0.75490195,2770.0,811.0,False,45.69735112321318,-115.16014022939245,,-1,,
Act 1 (585),ensemble_585,173,1,1.0,0.7516340613365173,0.75163406,1922.0,743.0,False,52.61188548893605,-118.82123052901214,,-1,,
Act 1 (585),ensemble_585,235,1,1.0,0.7516340613365173,0.75163406,2102.0,823.0,False,51.26810149070875,-117.00373147276625,,-1,,
Act 1 (585),ensemble_585,314,1,1.0,0.7516340613365173,0.75163406,2262.0,906.0,False,50.08288780673581,-115.29150147268774,,-1,,
Act 1 (585),ensemble_585,11,1,1.0,0.7483660578727722,0.74836606,178.0,437.0,False,66.71797542522273,-133.67330133626757,,-1,,
Act 1 (585),ensemble_585,9,1,1.0,0.7418301105499268,0.7418301,171.0,434.0,False,66.7698205033666,-133.78702588422962,,-1,,
Act 1 (585),ensemble_585,426,1,1.0,0.7418301105499268,0.7418301,2775.0,881.0,False,45.77188677474999,-114.20941636297272,,-1,,
Act 1 (585),ensemble_585,77,1,1.0,0.741830050945282,0.74183005,1284.0,333.0,False,56.90139587069949,-128.08644786321565,,-1,,
Act 1 (585),ensemble_585,185,1,1.0,0.741830050945282,0.74183005,1970.0,871.0,False,52.46086699840078,-116.72914026717888,,-1,,
Act 1 (585),ensemble_585,237,1,1.0,0.741830050945282,0.74183005,2110.0,648.0,False,50.85371188382533,-119.53059761655128,,-1,,
Act 1 (585),ensemble_585,247,1,1.0,0.741830050945282,0.74183005,2144.0,939.0,False,51.12565888952359,-115.16418532505722,,-1,,
Act 1 (585),ensemble_585,436,1,1.0,0.741830050945282,0.74183005,2785.0,842.0,False,45.62495993548914,-114.7051792769135,,-1,,
Act 1 (585),ensemble_585,489,1,1.0,0.741830050945282,0.74183005,3016.0,1202.0,False,44.21103068014657,-109.40108469265473,,-1,,
Act 1 (585),ensemble_585,13,1,1.0,0.7385621070861816,0.7385621,191.0,440.0,False,66.61196437201286,-133.51191541067953,,-1,,
Act 1 (585),ensemble_585,52,1,1.0,0.7385621070861816,0.7385621,1179.0,197.0,False,57.35357743724176,-130.85469576255932,,-1,,
Act 1 (585),ensemble_585,261,1,1.0,0.7385621070861816,0.7385621,2168.0,947.0,False,50.93845878808229,-114.97464187602898,,-1,,
Act 1 (585),ensemble_585,297,1,1.0,0.7385621070861816,0.7385621,2247.0,807.0,False,50.03097030601573,-116.76430496635885,,-1,,
Act 1 (585),ensemble_585,379,1,1.0,0.7385621070861816,0.7385621,2702.0,890.0,False,46.3931841183344,-114.27986932638089,,-1,,
Act 1 (585),ensemble_585,472,1,1.0,0.7385621070861816,0.7385621,2846.0,780.0,False,45.01440659141935,-115.36400668199066,,-1,,
Act 1 (585),ensemble_585,296,1,1.0,0.7352941632270813,0.73529416,2246.0,901.0,False,50.20776091190144,-115.41164231330815,,-1,,
Act 1 (585),ensemble_585,416,1,1.0,0.7352941632270813,0.73529416,2770.0,750.0,False,45.59152467456453,-115.97417334318175,,-1,,
Act 1 (585),ensemble_585,430,1,1.0,0.7352941632270813,0.73529416,2778.0,805.0,False,45.620802821337314,-115.21836122725928,,-1,,
Act 1 (585),ensemble_585,3,1,1.0,0.7352941036224365,0.7352941,142.0,443.0,False,67.06692144873368,-133.84894370271164,,-1,,
Act 1 (585),ensemble_585,456,1,1.0,0.7352941036224365,0.7352941,2814.0,897.0,False,45.4733607059446,-113.89468507371005,,-1,,
Act 1 (585),ensemble_585,160,1,1.0,0.7320261597633362,0.73202616,1841.0,728.0,False,53.256443026969976,-119.35127967990323,,-1,,
Act 1 (585),ensemble_585,266,1,1.0,0.7320261597633362,0.73202616,2173.0,667.0,False,50.37176520494253,-119.02822710443543,,-1,,
Act 1 (585),ensemble_585,438,1,1.0,0.7320261597633362,0.73202616,2788.0,893.0,False,45.683130059257024,-114.01485036593165,,-1,,
Act 1 (585),ensemble_585,263,1,1.0,0.7320261001586914,0.7320261,2170.0,956.0,False,50.93694423826025,-114.83659084117306,,-1,,
Act 1 (585),ensemble_585,289,1,1.0,0.7320261001586914,0.7320261,2225.0,902.0,False,50.38476076823841,-115.46043065100302,,-1,,
Act 1 (585),ensemble_585,372,1,1.0,0.7320261001586914,0.7320261,2598.0,890.0,False,47.25783304044363,-114.55925340298187,,-1,,
Act 1 (585),ensemble_585,239,1,1.0,0.7287581562995911,0.72875816,2124.0,796.0,False,51.033722294071026,-117.32638149270598,,-1,,
Act 1 (585),ensemble_585,347,1,1.0,0.7287581562995911,0.72875816,2332.0,801.0,False,49.31352486985482,-116.58092976492875,,-1,,
Act 1 (585),ensemble_585,55,1,1.0,0.7254902720451355,0.7254903,1194.0,278.0,False,57.48138329759564,-129.477250939487,,-1,,
Act 1 (585),ensemble_585,105,1,1.0,0.7254902720451355,0.7254903,1344.0,386.0,False,56.55610367258153,-126.91927565973269,,-1,,
Act 1 (585),ensemble_585,177,1,1.0,0.7254902720451355,0.7254903,1954.0,871.0,False,52.59489983147814,-116.78276097891396,,-1,,
Act 1 (585),ensemble_585,251,1,1.0,0.7254902720451355,0.7254903,2156.0,813.0,False,50.799382016196816,-116.97219515087855,,-1,,
Act 1 (585),ensemble_585,282,1,1.0,0.7254902720451355,0.7254903,2209.0,905.0,False,50.523556207880176,-115.46525316791583,,-1,,
Act 1 (585),ensemble_585,321,1,1.0,0.7254902720451355,0.7254903,2273.0,697.0,False,49.60456242491997,-118.2510779981066,,-1,,
Act 1 (585),ensemble_585,356,1,1.0,0.7254902720451355,0.7254903,2356.0,833.0,False,49.17196719073525,-116.05279779677184,,-1,,
Act 1 (585),ensemble_585,126,1,1.0,0.725490152835846,0.72549015,1381.0,315.0,False,56.048898773566364,-127.83478628054704,,-1,,
Act 1 (585),ensemble_585,133,1,1.0,0.725490152835846,0.72549015,1404.0,568.0,False,56.540739849309354,-123.72067489652571,,-1,,
Act 1 (585),ensemble_585,324,1,1.0,0.725490152835846,0.72549015,2278.0,809.0,False,49.77691837199225,-116.63692643335995,,-1,,
Act 1 (585),ensemble_585,342,1,1.0,0.725490152835846,0.72549015,2312.0,907.0,False,49.66751698268894,-115.12931555714904,,-1,,
Act 1 (585),ensemble_585,78,1,1.0,0.7222222685813904,0.72222227,1288.0,332.0,False,56.865410427031236,-128.07998211414034,,-1,,
Act 1 (585),ensemble_585,88,1,1.0,0.7222222685813904,0.72222227,1318.0,298.0,False,56.518437391624005,-128.44883831382282,,-1,,
Act 1 (585),ensemble_585,161,1,1.0,0.7222222685813904,0.72222227,1842.0,714.0,False,53.21859643352119,-119.55973553183263,,-1,,
Act 1 (585),ensemble_585,171,1,1.0,0.7222222685813904,0.72222227,1910.0,846.0,False,52.91626199500184,-117.31079623750898,,-1,,
Act 1 (585),ensemble_585,479,1,1.0,0.7222222685813904,0.72222227,2893.0,782.0,False,44.628334803093075,-115.20997946002049,,-1,,
Act 1 (585),ensemble_585,486,1,1.0,0.7222222685813904,0.72222227,2944.0,817.0,False,44.2640870683676,-114.61652455357614,,-1,,
Act 1 (585),ensemble_585,300,1,1.0,0.7222221493721008,0.72222215,2249.0,808.0,False,50.01618941542044,-116.74353243223725,,-1,,
Act 1 (585),ensemble_585,5,1,1.0,0.7189542651176453,0.71895427,155.0,429.0,False,66.8953905810848,-134.0123515060676,,-1,,
Act 1 (585),ensemble_585,14,1,1.0,0.7189542651176453,0.71895427,197.0,439.0,False,66.55409378025122,-133.48318363684518,,-1,,
Act 1 (585),ensemble_585,204,1,1.0,0.7189542651176453,0.71895427,2002.0,895.0,False,52.23696469385751,-116.26311880145437,,-1,,
Act 1 (585),ensemble_585,389,1,1.0,0.7189542651176453,0.71895427,2742.0,880.0,False,46.044491883066094,-114.3093729907777,,-1,,
Act 1 (585),ensemble_585,6,1,1.0,0.7156863212585449,0.7156863,156.0,422.0,False,66.85946392227908,-134.13835522093723,,-1,,
Act 1 (585),ensemble_585,39,1,1.0,0.7156863212585449,0.7156863,1127.0,242.0,False,57.92314296307645,-130.45475139540795,,-1,,
Act 1 (585),ensemble_585,116,1,1.0,0.7156863212585449,0.7156863,1367.0,314.0,False,56.161325928879734,-127.92683160362958,,-1,,
Act 1 (585),ensemble_585,280,1,1.0,0.7156863212585449,0.7156863,2208.0,704.0,False,50.15674711633309,-118.37374335545651,,-1,,
Act 1 (585),ensemble_585,339,1,1.0,0.7156863212585449,0.7156863,2301.0,903.0,False,49.75240808511436,-115.21905298406244,,-1,,
Act 1 (585),ensemble_585,371,1,1.0,0.7156863212585449,0.7156863,2532.0,882.0,False,47.79337318028787,-114.85196706637082,,-1,,
Act 1 (585),ensemble_585,413,1,1.0,0.7156863212585449,0.7156863,2768.0,813.0,False,45.717334193656065,-115.13887447872247,,-1,,
Act 1 (585),ensemble_585,420,1,1.0,0.7156863212585449,0.7156863,2771.0,808.0,False,45.683955778975424,-115.19749829625268,,-1,,
Act 1 (585),ensemble_585,108,1,1.0,0.7156862616539001,0.71568626,1346.0,405.0,False,56.5925224485478,-126.60789259524182,,-1,,
Act 1 (585),ensemble_585,309,1,1.0,0.7156862616539001,0.71568626,2257.0,812.0,False,49.95704467203515,-116.66055417361164,,-1,,
Act 1 (585),ensemble_585,358,1,1.0,0.7156862616539001,0.71568626,2362.0,850.0,False,49.15222784414089,-115.79358716148184,,-1,,
Act 1 (585),ensemble_585,481,1,1.0,0.7156862616539001,0.71568626,2907.0,1162.0,False,45.074591404885346,-110.14321741724268,,-1,,
Act 1 (585),ensemble_585,377,1,1.0,0.7124183773994446,0.7124184,2681.0,902.0,False,46.587209022295895,-114.17243997207656,,-1,,
Act 1 (585),ensemble_585,444,1,1.0,0.7124183773994446,0.7124184,2792.0,898.0,False,45.657854668758084,-113.93758761880503,,-1,,
Act 1 (585),ensemble_585,16,1,1.0,0.7124183177947998,0.7124183,865.0,275.0,False,60.20527690721141,-131.57606115696044,,-1,,
Act 1 (585),ensemble_585,64,1,1.0,0.7124183177947998,0.7124183,1253.0,319.0,False,57.1167159540314,-128.4832019810832,,-1,,
Act 1 (585),ensemble_585,99,1,1.0,0.7124183177947998,0.7124183,1337.0,431.0,False,56.739088580987115,-126.24261163164545,,-1,,
Act 1 (585),ensemble_585,118,1,1.0,0.7124183177947998,0.7124183,1371.0,428.0,False,56.44831080176374,-126.11243417173634,,-1,,
Act 1 (585),ensemble_585,123,1,1.0,0.7124183177947998,0.7124183,1376.0,402.0,False,56.335417943331386,-126.49697638633721,,-1,,
Act 1 (585),ensemble_585,165,1,1.0,0.7124183177947998,0.7124183,1875.0,726.0,False,52.968623011975566,-119.25246282754888,,-1,,
Act 1 (585),ensemble_585,220,1,1.0,0.7124183177947998,0.7124183,2029.0,648.0,False,51.52437132763682,-119.83189387016027,,-1,,
Act 1 (585),ensemble_585,306,1,1.0,0.7124183177947998,0.7124183,2254.0,920.0,False,50.173660813987844,-115.11289783188542,,-1,,
Act 1 (585),ensemble_585,323,1,1.0,0.7124183177947998,0.7124183,2276.0,916.0,False,49.983193729288445,-115.10573723925624,,-1,,
Act 1 (585),ensemble_585,329,1,1.0,0.7124183177947998,0.7124183,2286.0,918.0,False,49.90314473465819,-115.04752647060485,,-1,,
Act 1 (585),ensemble_585,331,1,1.0,0.7124183177947998,0.7124183,2289.0,672.0,False,49.422397889702275,-118.5510687156786,,-1,,
Act 1 (585),ensemble_585,477,1,1.0,0.7124183177947998,0.7124183,2882.0,1130.0,False,45.24280050725524,-110.62206263359381,,-1,,
Act 1 (585),ensemble_585,474,1,1.0,0.712418258190155,0.71241826,2850.0,875.0,False,45.139021909185985,-114.09548199032847,,-1,,
Act 1 (585),ensemble_585,114,1,1.0,0.7091503739356995,0.7091504,1353.0,376.0,False,56.45348907896495,-127.02904564737202,,-1,,
Act 1 (585),ensemble_585,222,1,1.0,0.7091503739356995,0.7091504,2036.0,917.0,False,51.99165091513534,-115.82457984336848,,-1,,
Act 1 (585),ensemble_585,101,1,1.0,0.7091503143310547,0.7091503,1340.0,388.0,False,56.59486205478289,-126.90903548420535,,-1,,
Act 1 (585),ensemble_585,129,1,1.0,0.7091503143310547,0.7091503,1387.0,406.0,False,56.25527294959958,-126.37629866291878,,-1,,
Act 1 (585),ensemble_585,146,1,1.0,0.7091503143310547,0.7091503,1434.0,577.0,False,56.312080157670955,-123.43385360991607,,-1,,
Act 1 (585),ensemble_585,207,1,1.0,0.7091503143310547,0.7091503,2009.0,621.0,False,51.63196914004673,-120.3041202053709,,-1,,
Act 1 (585),ensemble_585,246,1,1.0,0.7091503143310547,0.7091503,2142.0,940.0,False,51.144113209409184,-115.15549466112545,,-1,,
Act 1 (585),ensemble_585,260,1,1.0,0.7091503143310547,0.7091503,2168.0,809.0,False,50.69197412987829,-116.99111984798549,,-1,,
Act 1 (585),ensemble_585,268,1,1.0,0.7091503143310547,0.7091503,2176.0,898.0,False,50.786905358244915,-115.66808937543784,,-1,,
Act 1 (585),ensemble_585,291,1,1.0,0.7091503143310547,0.7091503,2228.0,669.0,False,49.920797492309454,-118.80522391934424,,-1,,
Act 1 (585),ensemble_585,390,1,1.0,0.7091503143310547,0.7091503,2742.0,936.0,False,46.133652586963706,-113.55376845613144,,-1,,
Act 1 (585),ensemble_585,427,1,1.0,0.7091503143310547,0.7091503,2776.0,909.0,False,45.80836158320885,-113.83102309186656,,-1,,
Act 1 (585),ensemble_585,435,1,1.0,0.7091503143310547,0.7091503,2785.0,661.0,False,45.305566067161756,-117.1114844990066,,-1,,
Act 1 (585),ensemble_585,488,1,1.0,0.7091503143310547,0.7091503,2989.0,804.0,False,43.86922978005054,-114.669063510805,,-1,,
Act 1 (585),ensemble_585,1,1,1.0,0.7058823704719543,0.7058824,67.0,296.0,False,67.15535999496167,-137.29793764077738,,-1,,
Act 1 (585),ensemble_585,2,1,1.0,0.7058823704719543,0.7058824,128.0,391.0,False,66.99176559780854,-134.9626203730933,,-1,,
Act 1 (585),ensemble_585,8,1,1.0,0.7058823704719543,0.7058824,162.0,436.0,False,66.85882742951142,-133.82136424675306,,-1,,
Act 1 (585),ensemble_585,10,1,1.0,0.7058823704719543,0.7058824,173.0,439.0,False,66.7707448265653,-133.67519118691058,,-1,,
Act 1 (585),ensemble_585,43,1,1.0,0.7058823704719543,0.7058824,1147.0,255.0,False,57.79868264981252,-130.12500323122637,,-1,,
Act 1 (585),ensemble_585,70,1,1.0,0.7058823704719543,0.7058824,1266.0,324.0,False,57.02393411243298,-128.3302327357528,,-1,,
Act 1 (585),ensemble_585,83,1,1.0,0.7058823704719543,0.7058824,1304.0,380.0,False,56.870806558622014,-127.23007270791067,,-1,,
Act 1 (585),ensemble_585,141,1,1.0,0.7058823704719543,0.7058824,1420.0,586.0,False,56.451768019898154,-123.35671417669563,,-1,,
Act 1 (585),ensemble_585,150,1,1.0,0.7058823704719543,0.7058824,1450.0,323.0,False,55.50382668339118,-127.33963400934309,,-1,,
Act 1 (585),ensemble_585,152,1,1.0,0.7058823704719543,0.7058824,1452.0,329.0,False,55.50428290734703,-127.23625407884724,,-1,,
Act 1 (585),ensemble_585,155,1,1.0,0.7058823704719543,0.7058824,1504.0,388.0,False,55.238684033906786,-126.0548530493403,,-1,,
Act 1 (585),ensemble_585,170,1,1.0,0.7058823704719543,0.7058824,1908.0,845.0,False,52.931101167845604,-117.33288494175449,,-1,,
Act 1 (585),ensemble_585,249,1,1.0,0.7058823704719543,0.7058824,2148.0,935.0,False,51.08531582942253,-115.21097109394418,,-1,,
Act 1 (585),ensemble_585,328,1,1.0,0.7058823704719543,0.7058824,2284.0,909.0,False,49.904481715208426,-115.18298833612613,,-1,,
Act 1 (585),ensemble_585,336,1,1.0,0.7058823704719543,0.7058824,2296.0,692.0,False,49.40432748682196,-118.24399755948075,,-1,,
Act 1 (585),ensemble_585,366,1,1.0,0.7058823704719543,0.7058824,2464.0,896.0,False,48.38259465235359,-114.84781550913718,,-1,,
Act 1 (585),ensemble_585,373,1,1.0,0.7058823704719543,0.7058824,2601.0,892.0,False,47.236181049772256,-114.52358532364183,,-1,,
Act 1 (585),ensemble_585,192,1,1.0,0.7058823108673096,0.7058823,1987.0,627.0,False,51.827132392341056,-120.30069107122245,,-1,,
Act 1 (585),ensemble_585,333,1,1.0,0.7058823108673096,0.7058823,2293.0,908.0,False,49.827691901512225,-115.17082015420021,,-1,,
Act 1 (585),ensemble_585,23,1,1.0,0.7026143670082092,0.70261437,988.0,230.0,False,59.03391175284059,-131.51959253671907,,-1,,
Act 1 (585),ensemble_585,31,1,1.0,0.7026143670082092,0.70261437,1075.0,233.0,False,58.323938205553354,-130.92025066475625,,-1,,
Act 1 (585),ensemble_585,35,1,1.0,0.7026143670082092,0.70261437,1100.0,258.0,False,58.19637076739719,-130.36230021906468,,-1,,
Act 1 (585),ensemble_585,68,1,1.0,0.7026143670082092,0.70261437,1257.0,320.0,False,57.086589477013106,-128.44463225656466,,-1,,
Act 1 (585),ensemble_585,89,1,1.0,0.7026143670082092,0.70261437,1322.0,385.0,False,56.73566471497964,-127.05324484196454,,-1,,
Act 1 (585),ensemble_585,91,1,1.0,0.7026143670082092,0.70261437,1324.0,295.0,False,56.46020708211965,-128.46236875528194,,-1,,
Act 1 (585),ensemble_585,120,1,1.0,0.7026143670082092,0.70261437,1374.0,312.0,False,56.097907083568025,-127.91979281646806,,-1,,
Act 1 (585),ensemble_585,128,1,1.0,0.7026143670082092,0.70261437,1385.0,414.0,False,56.29382050905249,-126.26067450874729,,-1,,
Act 1 (585),ensemble_585,162,1,1.0,0.7026143670082092,0.70261437,1845.0,727.0,False,53.2209639279901,-119.35119290238988,,-1,,
Act 1 (585),ensemble_585,217,1,1.0,0.7026143670082092,0.70261437,2026.0,615.0,False,51.47828374643729,-120.32670718234328,,-1,,
Act 1 (585),ensemble_585,267,1,1.0,0.7026143670082092,0.70261437,2176.0,889.0,False,50.77103016433258,-115.79958183735043,,-1,,
Act 1 (585),ensemble_585,330,1,1.0,0.7026143670082092,0.70261437,2288.0,908.0,False,49.869400607301266,-115.18556847558129,,-1,,
Act 1 (585),ensemble_585,353,1,1.0,0.7026143670082092,0.70261437,2352.0,825.0,False,49.1908909616007,-116.17844727857134,,-1,,
Act 1 (585),ensemble_585,468,1,1.0,0.7026143670082092,0.70261437,2836.0,571.0,False,44.71293728230286,-118.13844591409604,,-1,,
Act 1 (585),ensemble_585,470,1,1.0,0.7026143670082092,0.70261437,2840.0,883.0,False,45.234936394488805,-114.01481858300608,,-1,,
Act 1 (585),ensemble_585,483,1,1.0,0.7026143670082092,0.70261437,2922.0,1183.0,False,44.9751643209975,-109.83320710899896,,-1,,
Act 1 (585),ensemble_585,374,1,1.0,0.7026143074035645,0.7026143,2601.0,896.0,False,47.242755081020206,-114.46859408876588,,-1,,
Act 1 (245),ensemble_245,354,8540,8540.0,0.8733774989982958,0.0882353,2252.7583138173304,828.996018735363,True,50.023462120290695,-116.42967964071741,Purcell Wilderness Conservancy Park vicinity (50.0°N 116.4°W),11,,
Act 1 (245),ensemble_245,98,4508,4508.0,0.7855606097215663,0.12745099,1269.2173913043478,262.0286157941437,True,56.81306099455053,-129.29220040520812,SW of Tahltan - Sacred Headwaters (Klappan) (56.8°N 129.3°W),14,,
Act 1 (245),ensemble_245,391,2566,2566.0,0.812533439140671,0.0882353,2245.0444271239285,685.0366328916601,True,49.81211353038485,-118.51715726930925,N of Granby Park (49.8°N 118.5°W),12,,
Act 1 (245),ensemble_245,555,2406,2406.0,0.9134367291822546,0.114379086,2760.08395677473,792.3482959268496,True,45.74763923986692,-115.43688946878703,NE of Gospel Hump Wilderness (45.7°N 115.4°W),6,,
Act 1 (245),ensemble_245,267,1983,1983.0,0.8397720560705758,0.062091503,1939.6717095310137,757.0110943015633,True,52.49303684367396,-118.54645646248979,S of Mount Robson Park (52.5°N 118.5°W),11,,
Act 1 (245),ensemble_245,544,1943,1943.0,0.8739029716717571,0.052287582,2754.3510036026764,665.4060730828616,True,45.566802692004494,-117.14514275974504,NE of Eagle Cap Wilderness (45.6°N 117.1°W),6,,
Act 1 (245),ensemble_245,595,1398,1398.0,0.8775912415241565,0.10784314,2822.994992846924,762.8633762517883,True,45.175344073798584,-115.65410480097339,NW of Frank Church River Of No Return Wilderness (45.2°N 115.7°W),6,,
Act 1 (245),ensemble_245,74,1054,1054.0,0.868974098105132,0.20588236,1167.9905123339659,196.56546489563567,True,57.4425503555376,-130.9288455278733,SW of Mount Edziza Park (57.4°N 130.9°W),14,,
Act 1 (245),ensemble_245,335,994,994.0,0.7873417068295315,0.30392155,2063.871227364185,829.2042253521126,True,51.597828178871985,-117.03900240603886,W of Banff National Park Of Canada (51.6°N 117.0°W),11,,
Act 1 (245),ensemble_245,304,946,946.0,0.8176049184975615,0.19934642,2012.6479915433404,803.6405919661734,True,51.97649538499049,-117.59194131180344,S of Jasper National Park Of Canada (52.0°N 117.6°W),11,,
Act 1 (245),ensemble_245,191,893,893.0,0.864633429791332,0.35947713,1436.4468085106382,276.72228443449046,True,55.48293574339573,-128.12673740988063,S of Swan Lake Kispiox River Park (55.5°N 128.1°W),14,,
Act 1 (245),ensemble_245,424,631,631.0,0.7917560134939082,0.38888893,2284.8494453248813,895.9255150554675,True,49.87491217141147,-115.3685918490789,S of Height Of The Rockies Park (49.9°N 115.4°W),11,,
Act 1 (245),ensemble_245,580,609,609.0,0.818689168576145,0.4509804,2791.018062397373,863.1855500821018,True,45.60986905400438,-114.40602666614842,NE of Frank Church River Of No Return Wilderness (45.6°N 114.4°W),5,,
Act 1 (245),ensemble_245,297,592,592.0,0.8076808480797587,0.51960784,1999.9864864864865,624.8226351351351,True,51.71487368799002,-120.28266406075028,SW of Wells Gray Park (51.7°N 120.3°W),13,,
Act 1 (245),ensemble_245,624,564,564.0,0.8591874141431024,0.27124184,2888.9929078014184,721.2765957446809,True,44.55597299598693,-116.01702854791168,SW of Frank Church River Of No Return Wilderness (44.6°N 116.0°W),7,,
Act 1 (245),ensemble_245,161,561,561.0,0.8180653221785703,0.4575163,1355.5329768270944,293.5900178253119,True,56.19651802153434,-128.3088969350441,W of Wilps Gwininitxw (56.2°N 128.3°W),14,,
Act 1 (245),ensemble_245,348,544,544.0,0.8706447106019101,0.13071896,2069.28125,640.7628676470588,True,51.175437054431896,-119.78660767253396,S of Wells Gray Park (51.2°N 119.8°W),13,,
Act 1 (245),ensemble_245,416,513,513.0,0.8580055824439196,0.11111111,2284.93567251462,719.7953216374269,True,49.5504810644574,-117.88683615183022,SW of Valhalla Park (49.6°N 117.9°W),12,,
Act 1 (245),ensemble_245,280,510,510.0,0.8417147324365728,0.31045753,1925.043137254902,727.7235294117647,True,52.55511554400348,-119.03905797288415,SW of Mount Robson Park (52.6°N 119.0°W),11,,
Act 1 (245),ensemble_245,579,503,503.0,0.7637183518106373,0.43790853,2777.9165009940357,567.1848906560637,True,45.18344785164783,-118.37049387543959,W of Eagle Cap Wilderness (45.2°N 118.4°W),6,,
Act 1 (245),ensemble_245,351,484,484.0,0.868626105298927,0.22549021,2080.9772727272725,660.5909090909091,True,51.120368659568804,-119.45433633784113,S of Wells Gray Park (51.1°N 119.5°W),13,,
Act 1 (245),ensemble_245,528,466,466.0,0.9019888381078008,0.5,2696.56652360515,727.2660944206009,True,46.15836043500056,-116.4911898391891,N of Hells Canyon Wilderness (46.2°N 116.5°W),6,,
Act 1 (245),ensemble_245,437,464,464.0,0.7838629811745266,0.5294118,2296.780172413793,942.8211206896551,True,49.85491140975927,-114.65884617398969,N of Castle Provincial Park (49.9°N 114.7°W),11,,
Act 1 (245),ensemble_245,325,461,461.0,0.8227638215666997,0.37254903,2038.2147505422993,639.3405639913232,True,51.429594763922765,-119.92401383392576,S of Wells Gray Park (51.4°N 119.9°W),13,,
Act 1 (245),ensemble_245,435,427,427.0,0.8178429908928324,0.23529415,2292.3302107728337,917.5784543325527,True,49.849604597402724,-115.03504363415325,NW of Castle Provincial Park (49.8°N 115.0°W),11,,
Act 1 (245),ensemble_245,73,390,390.0,0.8388805171236013,0.15686275,1102.3666666666666,195.66923076923078,True,57.97883590220749,-131.34936013624247,NW of Mount Edziza Park (58.0°N 131.3°W),14,,
Act 1 (245),ensemble_245,194,384,384.0,0.7492000394267961,0.21895427,1436.2369791666667,571.4166666666666,True,56.27941959776237,-123.51209115907092,S of Graham Laurier Park (56.3°N 123.5°W),15,,
Act 1 (245),ensemble_245,508,377,377.0,0.8436400267426468,0.27450982,2523.527851458886,882.1538461538462,True,47.86408892439679,-114.87354345481587,SE of Cabinet Mountains Wilderness (47.9°N 114.9°W),10,,
Act 1 (245),ensemble_245,151,344,344.0,0.8271013889894929,0.4771242,1337.860465116279,308.3313953488372,True,56.38498660453713,-128.17603397970242,Wilps Gwininitxw vicinity (56.4°N 128.2°W),14,,
Act 1 (245),ensemble_245,594,342,342.0,0.8869013555391491,0.41830066,2815.9122807017543,920.8245614035088,True,45.49495924518731,-113.57155466049667,S of Anaconda Pintler Wilderness (45.5°N 113.6°W),4,,
Act 1 (245),ensemble_245,551,336,336.0,0.8706135293025346,0.251634,2744.717261904762,592.0535714285714,True,45.50568639084372,-118.1471789869518,NW of Eagle Cap Wilderness (45.5°N 118.1°W),6,,
Act 1 (245),ensemble_245,190,308,308.0,0.761278763993994,0.5261438,1404.3181818181818,281.5844155844156,True,55.760635110574086,-128.22688413208388,SE of Swan Lake Kispiox River Park (55.8°N 128.2°W),14,,
Act 1 (245),ensemble_245,615,290,290.0,0.8683231960082877,0.25490198,2851.4,853.4310344827586,True,45.0924955609342,-114.37794535313068,E of Frank Church River Of No Return Wilderness (45.1°N 114.4°W),5,,
Act 1 (245),ensemble_245,647,275,275.0,0.8326797424663197,0.54575163,2938.1745454545453,1195.469090909091,True,44.85496485147217,-109.63559371212952,NE of North Absaroka Wilderness (44.9°N 109.6°W),1,,
Act 1 (245),ensemble_245,362,260,260.0,0.9745223723925077,0.7091503,2130.0884615384616,646.0384615384615,True,50.68339511487807,-119.48537445005236,N of Granby Park (50.7°N 119.5°W),13,,
Act 1 (245),ensemble_245,531,223,223.0,0.9058296012236933,0.46405232,2688.932735426009,681.5291479820628,True,46.13711575524904,-117.12792038355101,E of Wenaha Tucannon Wilderness (46.1°N 117.1°W),6,,
Act 1 (245),ensemble_245,652,205,205.0,0.8121632459687024,0.5915033,2981.8926829268294,797.0780487804878,True,43.91669796187966,-114.77739345602633,SE of Sawtooth Wilderness (43.9°N 114.8°W),3,,
Act 1 (245),ensemble_245,136,196,196.0,0.7283746955954299,0.5424837,1302.9948979591836,305.9030612244898,True,56.665323961778945,-128.40854873120773,N of Wilps Gwininitxw (56.7°N 128.4°W),14,,
Act 1 (245),ensemble_245,358,187,187.0,0.7790010931657597,0.4509804,2117.8342245989306,842.2727272727273,True,51.17195160365394,-116.66858363527032,SW of Yoho National Park Of Canada (51.2°N 116.7°W),11,,
Act 1 (245),ensemble_245,665,184,184.0,0.8587134193790995,0.30718955,3046.9347826086955,1204.9076086956522,True,43.95536376097351,-109.3051664321644,SE of Washakie Wilderness (44.0°N 109.3°W),2,,
Act 1 (245),ensemble_245,450,158,158.0,0.9216927300336994,0.2124183,2326.0379746835442,711.8417721518987,True,49.194631808284925,-117.86271027257038,SE of Gladstone Park (49.2°N 117.9°W),12,,
Act 1 (245),ensemble_245,550,150,150.0,0.7793682019909223,0.13725491,2737.8333333333335,722.88,True,45.80911126047167,-116.42875215413102,NE of Hells Canyon Wilderness (45.8°N 116.4°W),6,,
Act 1 (245),ensemble_245,457,146,146.0,0.8606858347376732,0.60457516,2340.972602739726,934.0342465753424,True,49.47138619173835,-114.6584825024411,NW of Castle Provincial Park (49.5°N 114.7°W),11,,
Act 1 (245),ensemble_245,166,145,145.0,0.7510480190145559,0.6143791,1355.5448275862068,252.50344827586207,True,56.07543527300603,-128.94906502126972,NW of Swan Lake Kispiox River Park (56.1°N 128.9°W),14,,
Act 1 (245),ensemble_245,307,143,143.0,0.8654188993093851,0.5130719,2002.7342657342658,651.8321678321678,True,51.750198629052356,-119.87480219854199,S of Wells Gray Park (51.8°N 119.9°W),13,,
Act 1 (245),ensemble_245,600,140,140.0,0.7557423093489238,0.60784316,2822.7571428571428,935.2142857142857,True,45.46031875342526,-113.36217888378809,S of Anaconda Pintler Wilderness (45.5°N 113.4°W),4,,
Act 1 (245),ensemble_245,195,134,134.0,0.8273583112367943,0.6503268,1426.1940298507463,260.6044776119403,True,55.520166387613784,-128.43103363249548,S of Swan Lake Kispiox River Park (55.5°N 128.4°W),14,,
Act 1 (245),ensemble_245,613,112,112.0,0.7663398770881551,0.39542484,2836.1428571428573,868.9821428571429,True,45.24445611599699,-114.21109952722023,E of Frank Church River Of No Return Wilderness (45.2°N 114.2°W),5,,
Act 1 (245),ensemble_245,648,111,111.0,0.7822822915004181,0.4281046,2937.2792792792793,788.4054054054054,True,44.272138065584116,-115.00765250988925,N of Sawtooth Wilderness (44.3°N 115.0°W),3,,
Act 1 (245),ensemble_245,618,107,107.0,0.8325392446506803,0.20261441,2851.457943925234,674.8411214953271,True,44.78245980323172,-116.73285530757104,S of Hells Canyon Wilderness (44.8°N 116.7°W),8,,
Act 1 (245),ensemble_245,503,105,105.0,0.7502023151942662,0.37581703,2485.2571428571428,866.7619047619048,True,48.15628068008055,-115.1962079568743,E of Cabinet Mountains Wilderness (48.2°N 115.2°W),10,,
Act 1 (245),ensemble_245,649,103,103.0,0.7489371276596217,0.6633987,2954.5728155339807,799.5436893203884,True,44.14740679746131,-114.81673163351391,NW of Boulders-White Clouds (44.1°N 114.8°W),3,,
Act 1 (245),ensemble_245,538,101,101.0,0.8070601307519591,0.60784316,2692.6435643564355,862.7029702970297,True,46.42615216648596,-114.67483574267605,N of Selway Bitterroot Wilderness (46.4°N 114.7°W),9,,
Act 1 (245),ensemble_245,114,96,96.0,0.7405705439547697,0.6013072,1216.59375,277.6979166666667,False,57.29397354157212,-129.34964864946008,,-1,,
Act 1 (245),ensemble_245,451,90,90.0,0.892302108473248,0.34313726,2328.6222222222223,677.0,False,49.104800187639995,-118.34545042435516,,-1,,
Act 1 (245),ensemble_245,343,88,88.0,0.7977941273288294,0.624183,2055.6704545454545,853.7272727272727,False,51.712134056652246,-116.702964836642,,-1,,
Act 1 (245),ensemble_245,640,87,87.0,0.8427616296143368,0.08496732,2911.1954022988507,1217.8735632183907,False,45.10788019958985,-109.38826321970424,,-1,,
Act 1 (245),ensemble_245,412,87,87.0,0.7346179954621984,0.22549021,2267.0344827586205,729.1149425287356,False,49.716936537322304,-117.81396183897859,,-1,,
Act 1 (245),ensemble_245,355,85,85.0,0.7892733591444352,0.36928105,2090.8705882352942,672.7529411764706,False,51.06373497325857,-119.24095480163736,,-1,,
Act 1 (245),ensemble_245,206,80,80.0,0.7722630880773067,0.3529412,1444.2125,602.9,False,56.290555717443006,-122.97327963950448,,-1,,
Act 1 (245),ensemble_245,349,79,79.0,0.7194093031973778,0.33006537,2062.7974683544303,795.2911392405064,False,51.54217122648595,-117.54362584323032,,-1,,
Act 1 (245),ensemble_245,505,75,75.0,0.7423093716303507,0.6503268,2495.4666666666667,877.7466666666667,False,48.09004371124422,-115.01394008991039,,-1,,
Act 1 (245),ensemble_245,458,67,67.0,0.8415764338934599,0.41830066,2347.194029850746,673.5522388059702,False,48.94444635331864,-118.33122738774705,,-1,,
Act 1 (245),ensemble_245,198,67,67.0,0.7815335215027652,0.33006534,1430.955223880597,590.776119402985,False,56.37180704257282,-123.22870947251168,,-1,,
Act 1 (245),ensemble_245,631,67,67.0,0.7664130427944127,0.3529412,2879.865671641791,1127.7164179104477,False,45.25767587383835,-110.65706836474257,,-1,,
Act 1 (245),ensemble_245,138,67,67.0,0.7068091025993005,0.5620915,1311.0298507462687,319.17910447761193,False,56.63784190759825,-128.15436341029184,,-1,,
Act 1 (245),ensemble_245,511,63,63.0,0.7663658091000148,0.5947712,2544.873015873016,1024.2063492063492,False,47.91187167592138,-112.83902517034511,,-1,,
Act 1 (245),ensemble_245,453,60,60.0,0.8465141634146373,0.46405232,2335.5,694.9666666666667,False,49.08337986108611,-118.06925474850078,,-1,,
Act 1 (245),ensemble_245,72,60,60.0,0.721623099843661,0.6633987,1086.4333333333334,191.46666666666667,False,58.09632652061085,-131.51675917982755,,-1,,
Act 1 (245),ensemble_245,121,56,56.0,0.7373949704425675,0.33660135,1232.6607142857142,220.30357142857142,False,56.98606312749774,-130.16371117872933,,-1,,
Act 1 (245),ensemble_245,61,55,55.0,0.7373737519437616,0.5947713,1051.4545454545455,202.94545454545454,False,58.42155241072809,-131.55348638390993,,-1,,
Act 1 (245),ensemble_245,152,54,54.0,0.8427136358287599,0.4803922,1331.9444444444443,242.96296296296296,False,56.240510982983345,-129.23120593536288,,-1,,
Act 1 (245),ensemble_245,566,54,54.0,0.7654321058480827,0.16666667,2756.537037037037,703.7592592592592,False,45.61969816205762,-116.62880467279828,,-1,,
Act 1 (245),ensemble_245,117,53,53.0,0.849796529086131,0.7091503,1223.3396226415093,202.83018867924528,False,57.008225584011534,-130.49454465914553,,-1,,
Act 1 (245),ensemble_245,189,50,50.0,0.8675163400173187,0.5130719,1398.62,240.52,False,55.68695275154817,-128.8932019185514,,-1,,
Act 1 (245),ensemble_245,527,50,50.0,0.7409803980588913,0.27450982,2679.82,654.86,False,46.16197493836525,-117.51339063487664,,-1,,
Act 1 (245),ensemble_245,656,49,49.0,0.8660130780570361,0.69281054,3005.795918367347,858.6122448979592,False,43.81837658645164,-113.91737865171586,,-1,,
Act 1 (245),ensemble_245,218,49,49.0,0.8051887555998198,0.5849673,1451.591836734694,626.2448979591836,False,56.2854724340921,-122.56687312511771,,-1,,
Act 1 (245),ensemble_245,369,46,46.0,0.8974850903386655,0.6633987,2143.804347826087,656.1086956521739,False,50.59089849992488,-119.29004515525868,,-1,,
Act 1 (245),ensemble_245,387,46,46.0,0.8415743203266807,0.38888893,2182.891304347826,897.1086956521739,False,50.727784985352145,-115.65992403535702,,-1,,
Act 1 (245),ensemble_245,261,45,45.0,0.8347131543689303,0.6568628,1852.2,717.4444444444445,False,53.140806885009304,-119.46845167992026,,-1,,
Act 1 (245),ensemble_245,623,45,45.0,0.7891793860329522,0.5,2860.0666666666666,775.3555555555556,False,44.889875857734324,-115.38681739990047,,-1,,
Act 1 (245),ensemble_245,621,44,44.0,0.8634878342801874,0.6143791,2856.909090909091,629.6590909090909,False,44.65338758485461,-117.30838582467496,,-1,,
Act 1 (245),ensemble_245,478,44,44.0,0.7403446314009753,0.5,2383.5454545454545,793.2045454545455,False,48.87129505680871,-116.53058509111615,,-1,,
Act 1 (245),ensemble_245,229,44,44.0,0.7197712592103265,0.53594774,1593.6818181818182,645.2727272727273,False,55.140045596989765,-121.6322830103135,,-1,,
Act 1 (245),ensemble_245,243,44,44.0,0.7133838588541205,0.6503268,1749.590909090909,739.1818181818181,False,54.043972315974706,-119.53308129321009,,-1,,
Act 1 (245),ensemble_245,381,43,43.0,0.7552059639331906,0.66339874,2162.3953488372094,667.6744186046511,False,50.46091721386809,-119.05637666835554,,-1,,
Act 1 (245),ensemble_245,662,39,39.0,0.7704038879810235,0.53921574,3015.5384615384614,1207.7179487179487,False,44.22169363394035,-109.3265907936306,,-1,,
Act 1 (245),ensemble_245,510,39,39.0,0.7587565153073041,0.52287585,2513.974358974359,918.4615384615385,False,48.00375818776637,-114.39488924940544,,-1,,
Act 1 (245),ensemble_245,219,39,39.0,0.7325289257061787,0.42156863,1449.5897435897436,615.5897435897435,False,56.27644744943654,-122.74604164895455,,-1,,
Act 1 (245),ensemble_245,492,38,38.0,0.7530099859363154,0.4901961,2459.5263157894738,904.6578947368421,False,48.43431761467669,-114.73899353410067,,-1,,
Act 1 (245),ensemble_245,609,37,37.0,0.7456279960838524,0.68954253,2817.5135135135133,578.4594594594595,False,44.87971527111501,-118.09835158551246,,-1,,
Act 1 (245),ensemble_245,48,35,35.0,0.830252116067069,0.53594774,884.7142857142857,741.0,False,61.41273073176677,-123.42587767077063,,-1,,
Act 1 (245),ensemble_245,332,35,35.0,0.7954248377255031,0.50000006,2030.0857142857142,679.0,False,51.580712878544205,-119.37271152337095,,-1,,
Act 1 (245),ensemble_245,64,35,35.0,0.7296918903078352,0.6699347,1065.0285714285715,194.31428571428572,False,58.28170299033837,-131.6063775667215,,-1,,
Act 1 (245),ensemble_245,447,34,34.0,0.9022491381448858,0.40522873,2317.764705882353,741.2058823529412,False,49.31974950937633,-117.47454651534075,,-1,,
Act 1 (245),ensemble_245,495,33,33.0,0.7341057838815631,0.624183,2466.4242424242425,870.5454545454545,False,48.31934673784202,-115.19736917058435,,-1,,
Act 1 (245),ensemble_245,208,33,33.0,0.7086551911903151,0.44444445,1439.6666666666667,554.3636363636364,False,56.207933219919,-123.76669335431451,,-1,,
Act 1 (245),ensemble_245,673,32,32.0,0.7610294129699469,0.6372549,3206.875,1027.71875,False,42.392246299098495,-111.28299683543896,,-1,,
Act 1 (245),ensemble_245,384,31,31.0,0.7168458834771188,0.60457516,2173.0967741935483,666.3870967741935,False,50.369707163659655,-119.03669904349732,,-1,,
Act 1 (245),ensemble_245,79,31,31.0,0.7080961465835571,0.5816994,1181.741935483871,269.4193548387097,False,57.55638590969359,-129.68662696211368,,-1,,
Act 1 (245),ensemble_245,359,30,30.0,0.9071895539760589,0.72549015,2113.0,649.5,False,50.832029642365704,-119.49784731208086,,-1,,
Act 1 (245),ensemble_245,315,30,30.0,0.8218954304854075,0.70261437,2005.6666666666667,859.9333333333333,False,52.1417117852316,-116.77610414665648,,-1,,
Act 1 (245),ensemble_245,523,29,29.0,0.8032454498882952,0.5915033,2609.4827586206898,901.4137931034483,False,47.181061563748024,-114.37124831546247,,-1,,
Act 1 (245),ensemble_245,125,29,29.0,0.7914131304313397,0.72875816,1244.5172413793102,211.10344827586206,False,56.86031914686799,-130.2380878920406,,-1,,
Act 1 (245),ensemble_245,80,29,29.0,0.7412666246808809,0.63725495,1180.6896551724137,249.6206896551724,False,57.50414778598068,-130.00872991363224,,-1,,
Act 1 (245),ensemble_245,178,29,29.0,0.7242506331410902,0.6078432,1380.8620689655172,367.8965517241379,False,56.20024089570123,-127.00775580013976,,-1,,
Act 1 (245),ensemble_245,398,28,28.0,0.8408029920288494,0.251634,2208.3928571428573,904.2857142857143,False,50.52738332886946,-115.47748699908259,,-1,,
Act 1 (245),ensemble_245,622,28,28.0,0.7261905010257449,0.51307195,2854.25,766.8214285714286,False,44.92334960053768,-115.51527988314342,,-1,,
Act 1 (245),ensemble_245,145,27,27.0,0.9350036382675171,0.65686274,1330.9259259259259,231.40740740740742,False,56.2141196096952,-129.41693754166985,,-1,,
Act 1 (245),ensemble_245,465,27,27.0,0.7590171915513498,0.5620915,2362.037037037037,809.4814814814815,False,49.079491794315636,-116.36735056471386,,-1,,
Act 1 (245),ensemble_245,78,27,27.0,0.7541757490899827,0.5882353,1178.5185185185185,254.92592592592592,False,57.5384257916551,-129.93711832644058,,-1,,
Act 1 (245),ensemble_245,62,27,27.0,0.7218591305944655,0.630719,1061.962962962963,205.96296296296296,False,58.34470117297879,-131.43822960135864,,-1,,
Act 1 (245),ensemble_245,163,27,27.0,0.7159283558527628,0.620915,1347.7037037037037,337.6296296296296,False,56.38838543706258,-127.6618706475087,,-1,,
Act 1 (245),ensemble_245,233,27,27.0,0.6978939771652222,0.4869281,1610.962962962963,649.3333333333334,False,55.00491284912573,-121.49423404397601,,-1,,
Act 1 (245),ensemble_245,556,26,26.0,0.7298894066077012,0.6078431,2736.423076923077,919.1153846153846,False,46.1535555533382,-113.79613652201085,,-1,,
Act 1 (245),ensemble_245,499,24,24.0,0.8020152548948923,0.6797385,2473.2083333333335,912.9583333333334,False,48.334171535152635,-114.58433428584982,,-1,,
Act 1 (245),ensemble_245,127,24,24.0,0.8011982664465904,0.37908497,1259.4583333333333,220.79166666666666,False,56.76768641257098,-129.99763046742186,,-1,,
Act 1 (245),ensemble_245,135,24,24.0,0.7898965279261271,0.52287585,1294.125,230.83333333333334,False,56.51405237614419,-129.6378449755524,,-1,,
Act 1 (245),ensemble_245,592,23,23.0,0.8536516091097957,0.5751634,2784.8260869565215,709.0,False,45.395400189746795,-116.47641194449704,,-1,,
Act 1 (245),ensemble_245,188,23,23.0,0.6999147612115612,0.5294118,1390.608695652174,287.82608695652175,False,55.89135432474634,-128.20525263323987,,-1,,
Act 1 (245),ensemble_245,239,22,22.0,0.8022876083850861,0.7058824,1720.1818181818182,717.2727272727273,False,54.24313128717627,-119.98696979159898,,-1,,
Act 1 (245),ensemble_245,406,22,22.0,0.778371968052604,0.7058824,2235.409090909091,865.1818181818181,False,50.23314521629647,-115.961942236556,,-1,,
Act 1 (245),ensemble_245,658,22,22.0,0.7378193654797294,0.61111116,3007.0454545454545,849.5909090909091,False,43.793610770733345,-114.0313990057615,,-1,,
Act 1 (245),ensemble_245,417,21,21.0,0.662153769107092,0.50000006,2261.6666666666665,922.1904761904761,False,50.11338317491634,-115.05859280879754,,-1,,
Act 1 (245),ensemble_245,141,20,20.0,0.8980392158031464,0.7352941,1313.15,233.4,False,56.3658281821381,-129.4878980062246,,-1,,
Act 1 (245),ensemble_245,217,20,20.0,0.812091514468193,0.41830063,1448.95,587.95,False,56.21407373476836,-123.18912698228092,,-1,,
Act 1 (245),ensemble_245,660,20,20.0,0.7766339838504791,0.5555556,3008.1,840.7,False,43.770586664166565,-114.14412440763155,,-1,,
Act 1 (245),ensemble_245,565,20,20.0,0.7442810446023941,0.6895425,2752.2,923.45,False,46.0291280999034,-113.69728593018466,,-1,,
Act 1 (245),ensemble_245,345,20,20.0,0.7274509936571121,0.66339874,2052.45,661.9,False,51.35946120196188,-119.54062960360321,,-1,,
Act 1 (245),ensemble_245,353,20,20.0,0.6825163513422012,0.2908497,2072.3,802.35,False,51.476532733597345,-117.40720362954617,,-1,,
Act 1 (245),ensemble_245,471,19,19.0,0.8140694875466196,0.6862745,2372.315789473684,786.3684210526316,False,48.951967614773736,-116.66187830776275,,-1,,
Act 1 (245),ensemble_245,252,19,19.0,0.8109735281843888,0.70261437,1829.2631578947369,712.6315789473684,False,53.321931541270494,-119.62959013860106,,-1,,
Act 1 (245),ensemble_245,540,19,19.0,0.7003784103221015,0.04248366,2697.1052631578946,700.3157894736842,False,46.10453737074094,-116.85132451129934,,-1,,
Act 1 (245),ensemble_245,536,18,18.0,0.776143815782335,0.5588236,2688.722222222222,704.8333333333334,False,46.18215659282063,-116.81582880255878,,-1,,
Act 1 (245),ensemble_245,633,18,18.0,0.7556281752056546,0.65686274,2883.5,1116.2222222222222,False,45.212234857526866,-110.80320883300165,,-1,,
Act 1 (245),ensemble_245,501,18,18.0,0.752904862165451,0.6928105,2476.722222222222,903.3888888888889,False,48.28903610393033,-114.70854898767304,,-1,,
Act 1 (245),ensemble_245,679,17,17.0,0.8044982692774605,0.6437909,3226.0,1220.8823529411766,False,42.473211438302734,-108.77646998322108,,-1,,
Act 1 (245),ensemble_245,467,17,17.0,0.7871972602956435,0.54248375,2362.8823529411766,786.1176470588235,False,49.02979224676155,-116.69492534549269,,-1,,
Act 1 (245),ensemble_245,240,17,17.0,0.7568243181004244,0.60457516,1727.5294117647059,721.5294117647059,False,54.1908459199144,-119.89201751540165,,-1,,
Act 1 (245),ensemble_245,47,17,17.0,0.7502883707775789,0.43464053,870.4117647058823,748.4705882352941,False,61.556957624842475,-123.36882713441487,,-1,,
Act 1 (245),ensemble_245,331,17,17.0,0.7389465710696053,0.6764706,2029.235294117647,616.7647058823529,False,51.45534774847729,-120.28847980959411,,-1,,
Act 1 (245),ensemble_245,310,17,17.0,0.7377931721070233,0.5751634,1997.8823529411766,883.4705882352941,False,52.25039347904203,-116.44945777138201,,-1,,
Act 1 (245),ensemble_245,60,17,17.0,0.7249134884161108,0.68954253,1040.8823529411766,209.23529411764707,False,58.52916271648422,-131.51907639181735,,-1,,
Act 1 (245),ensemble_245,11,17,17.0,0.683775477549609,0.53267974,159.0,426.11764705882354,False,66.84816169136016,-134.03508142185098,,-1,,
Act 1 (245),ensemble_245,617,16,16.0,0.75102124735713,0.5947712,2840.6875,943.1875,False,45.3233156308526,-113.2115870432755,,-1,,
Act 1 (245),ensemble_245,674,16,16.0,0.7459150440990925,0.6993465,3201.125,1039.3125,False,42.455957276315374,-111.14693361108841,,-1,,
Act 1 (245),ensemble_245,653,15,15.0,0.8793028314908345,0.70261437,2979.0666666666666,1220.1333333333334,False,44.541907433058896,-109.23046241791528,,-1,,
Act 1 (245),ensemble_245,681,15,15.0,0.7413943489392598,0.6960785,3234.4666666666667,1028.8666666666666,False,42.16331512890345,-111.2114002014557,,-1,,
Act 1 (245),ensemble_245,150,15,15.0,0.7387799739837646,0.6928105,1326.3333333333333,323.26666666666665,False,56.52340997809744,-128.00511335182534,,-1,,
Act 1 (245),ensemble_245,231,15,15.0,0.7313725670178731,0.627451,1596.0666666666666,637.0,False,55.10088433193057,-121.75123423855653,,-1,,
Act 1 (245),ensemble_245,372,14,14.0,0.7761438020638057,0.72222227,2148.785714285714,865.1428571428571,False,50.95551486918623,-116.23376660864855,,-1,,
Act 1 (245),ensemble_245,270,14,14.0,0.7112511907305036,0.6535948,1889.857142857143,712.2142857142857,False,52.81593626641882,-119.40396286128242,,-1,,
Act 1 (245),ensemble_245,512,13,13.0,0.8931623880679791,0.73202616,2552.3846153846152,880.2307692307693,False,47.62090356751722,-114.81962250675912,,-1,,
Act 1 (245),ensemble_245,131,13,13.0,0.8883861349179194,0.7647059,1280.076923076923,227.84615384615384,False,56.62017462380322,-129.76624884119443,,-1,,
Act 1 (245),ensemble_245,128,13,13.0,0.8431372596667364,0.64705884,1270.1538461538462,225.07692307692307,False,56.69310408155069,-129.86761865443603,,-1,,
Act 1 (245),ensemble_245,513,13,13.0,0.8011563741243802,0.6960785,2560.6153846153848,853.2307692307693,False,47.50692382262048,-115.16944477941307,,-1,,
Act 1 (245),ensemble_245,225,13,13.0,0.784565114057981,0.5718954,1466.7692307692307,555.8461538461538,False,55.98521719477651,-123.61412163587397,,-1,,
Act 1 (245),ensemble_245,298,13,13.0,0.7280040383338928,0.6405229,1983.0,614.6153846153846,False,51.83326012117334,-120.49857204650583,,-1,,
Act 1 (245),ensemble_245,517,13,13.0,0.654851686496001,0.49346408,2593.4615384615386,1017.8461538461538,False,47.49667678346049,-112.80629223073248,,-1,,
Act 1 (245),ensemble_245,545,12,12.0,0.9155773520469666,0.8071895,2708.75,624.9166666666666,False,45.865944820164216,-117.82359734749532,,-1,,
Act 1 (245),ensemble_245,385,12,12.0,0.7674292127291361,0.7124183,2175.5833333333335,678.4166666666666,False,50.373708417726505,-118.85477038312602,,-1,,
Act 1 (245),ensemble_245,174,12,12.0,0.7279411951700846,0.6045752,1371.25,264.5833333333333,False,55.98233057664208,-128.67335560975368,,-1,,
Act 1 (245),ensemble_245,639,12,12.0,0.7173202584187189,0.63398695,2905.3333333333335,707.75,False,44.39674880364844,-116.14788796032357,,-1,,
Act 1 (245),ensemble_245,675,12,12.0,0.7148692856232325,0.54575163,3211.5833333333335,1034.25,False,42.36176123266114,-111.18998870111935,,-1,,
Act 1 (245),ensemble_245,232,12,12.0,0.6781045844157537,0.5947712,1602.5833333333333,639.5833333333334,False,55.05241647960158,-121.68258835558613,,-1,,
Act 1 (245),ensemble_245,249,11,11.0,0.8983957225626166,0.7156863,1821.7272727272727,699.0,False,53.35568914132411,-119.86580287220403,,-1,,
Act 1 (245),ensemble_245,666,11,11.0,0.820261456749656,0.72549015,3039.090909090909,775.0,False,43.40544379823284,-114.91386786886049,,-1,,
Act 1 (245),ensemble_245,226,11,11.0,0.7780748605728149,0.630719,1581.3636363636363,639.0909090909091,False,55.22869978280186,-121.78262381373071,,-1,,
Act 1 (245),ensemble_245,293,11,11.0,0.7727272727272727,0.53594774,1963.5454545454545,738.7272727272727,False,52.25697836769729,-118.73288026678783,,-1,,
Act 1 (245),ensemble_245,308,11,11.0,0.7638146227056329,0.6535948,1992.6363636363637,761.9090909090909,False,52.06136889244382,-118.28281088538056,,-1,,
Act 1 (245),ensemble_245,269,11,11.0,0.7614379145882346,0.627451,1890.0,706.5454545454545,False,52.80282405114063,-119.48868015408733,,-1,,
Act 1 (245),ensemble_245,268,11,11.0,0.7415329705585133,0.60457516,1881.0,698.3636363636364,False,52.860474217973795,-119.64611362083377,,-1,,
Act 1 (245),ensemble_245,525,11,11.0,0.7302436151287772,0.44444445,2669.5454545454545,1171.3636363636363,False,47.07437715340258,-110.50702358698187,,-1,,
Act 1 (245),ensemble_245,415,11,11.0,0.7177658948031339,0.6830066,2258.2727272727275,766.0,False,49.86044074032291,-117.3159791524515,,-1,,
Act 1 (245),ensemble_245,30,10,10.0,0.8522875905036926,0.7026145,463.0,288.4,False,63.657242456266495,-134.1912690602221,,-1,,
Act 1 (245),ensemble_245,557,10,10.0,0.7767973989248276,0.34640524,2737.5,757.6,False,45.87402176971008,-115.96548584794066,,-1,,
Act 1 (245),ensemble_245,88,10,10.0,0.7366013169288635,0.7058823,1188.5,249.0,False,57.43787266276361,-129.97200426150897,,-1,,
Act 1 (245),ensemble_245,241,10,10.0,0.7307189762592315,0.6928105,1728.1,728.3,False,54.200626706496145,-119.7852813320623,,-1,,
Act 1 (245),ensemble_245,481,10,10.0,0.713398689031601,0.60784316,2405.1,866.3,False,48.822147829392684,-115.43504338324657,,-1,,
Act 1 (245),ensemble_245,205,10,10.0,0.7111111164093018,0.68954253,1433.0,621.8,False,56.43077681546182,-122.72362823802182,,-1,,
Act 1 (245),ensemble_245,350,10,10.0,0.67058824300766,0.52287585,2059.5,847.5,False,51.66857493242463,-116.78266305591622,,-1,,
Act 1 (245),ensemble_245,281,10,10.0,0.6568627536296845,0.50653595,1906.3,707.6,False,52.669311491536256,-119.41101861760029,,-1,,
Act 1 (245),ensemble_245,664,9,9.0,0.8885257906383939,0.7058824,3021.4444444444443,862.4444444444445,False,43.69441278627239,-113.82890728807064,,-1,,
Act 1 (245),ensemble_245,82,9,9.0,0.8547567261589898,0.77124184,1177.7777777777778,196.44444444444446,False,57.36184964856326,-130.87094687944125,,-1,,
Act 1 (245),ensemble_245,185,9,9.0,0.8235294156604342,0.71895427,1383.3333333333333,287.0,False,55.948733331360174,-128.25807869672553,,-1,,
Act 1 (245),ensemble_245,608,9,9.0,0.777777804268731,0.5882353,2812.4444444444443,841.0,False,45.39549961950935,-114.64544805972861,,-1,,
Act 1 (245),ensemble_245,383,9,9.0,0.7632534636391534,0.7091503,2169.3333333333335,659.5555555555555,False,50.386798842986956,-119.14842820523988,,-1,,
Act 1 (245),ensemble_245,277,9,9.0,0.7581699358092414,0.5490196,1899.888888888889,686.3333333333334,False,52.67770677622484,-119.75435176472517,,-1,,
Act 1 (245),ensemble_245,546,9,9.0,0.75090777542856,0.4640523,2715.4444444444443,884.2222222222222,False,46.2720464425152,-114.32251161914147,,-1,,
Act 1 (245),ensemble_245,201,9,9.0,0.7432825167973837,0.7091503,1429.4444444444443,298.6666666666667,False,55.60357446343455,-127.82588759935429,,-1,,
Act 1 (245),ensemble_245,193,9,9.0,0.727305723561181,0.7091503,1414.888888888889,295.77777777777777,False,55.71485555476655,-127.94937614118206,,-1,,
Act 1 (245),ensemble_245,650,9,9.0,0.719680474864112,0.5849673,2952.5555555555557,789.3333333333334,False,44.147040212808996,-114.95510978559855,,-1,,
Act 1 (245),ensemble_245,220,9,9.0,0.7189542717403836,0.6633987,1449.7777777777778,632.5555555555555,False,56.315922606704916,-122.47445857918724,,-1,,
Act 1 (245),ensemble_245,401,9,9.0,0.7095134523179796,0.630719,2216.3333333333335,701.1111111111111,False,50.081952721928424,-118.38642565071719,,-1,,
Act 1 (245),ensemble_245,526,9,9.0,0.6964415344927046,0.49346408,2673.6666666666665,1167.6666666666667,False,47.03507452435221,-110.54927222255077,,-1,,
Act 1 (245),ensemble_245,393,8,8.0,0.8174019604921341,0.70261437,2191.125,906.875,False,50.67610441658936,-115.49221465431174,,-1,,
Act 1 (245),ensemble_245,498,8,8.0,0.7471405193209648,0.70261437,2467.375,856.75,False,48.28777009969875,-115.38753830707083,,-1,,
Act 1 (245),ensemble_245,262,8,8.0,0.7438725382089615,0.61764705,1858.5,721.0,False,53.09574921263686,-119.39060764942491,,-1,,
Act 1 (245),ensemble_245,582,8,8.0,0.7401960715651512,0.7058824,2770.25,749.875,False,45.58923401726016,-115.97512614937038,,-1,,
Act 1 (245),ensemble_245,203,8,8.0,0.7324346378445625,0.71895427,1432.0,550.5,False,56.26225653230559,-123.86481654644676,,-1,,
Act 1 (245),ensemble_245,597,8,8.0,0.7075163498520851,0.6862745,2797.25,872.625,False,45.573458810023496,-114.26352391578385,,-1,,
Act 1 (245),ensemble_245,93,8,8.0,0.6944444701075554,0.6405229,1189.5,273.75,False,57.50558375650829,-129.5715987986684,,-1,,
Act 1 (245),ensemble_245,584,7,7.0,0.9794584342411586,0.96078426,2770.714285714286,758.1428571428571,False,45.59998784746721,-115.86365416605902,,-1,,
Act 1 (245),ensemble_245,361,7,7.0,0.8104575191225324,0.72549015,2118.285714285714,664.1428571428571,False,50.81879347385163,-119.2663385272085,,-1,,
Act 1 (245),ensemble_245,360,7,7.0,0.7969187583242144,0.75163394,2116.0,672.2857142857143,False,50.854573548776074,-119.15652777622233,,-1,,
Act 1 (245),ensemble_245,327,7,7.0,0.7927170821598598,0.7058824,2021.4285714285713,779.5714285714286,False,51.856378998271154,-117.91896156176507,,-1,,
Act 1 (245),ensemble_245,328,7,7.0,0.787581707750048,0.7385621,2022.2857142857142,767.2857142857143,False,51.82503506605051,-118.09805701514034,,-1,,
Act 1 (245),ensemble_245,330,7,7.0,0.7698412878172738,0.7124183,2026.4285714285713,784.4285714285714,False,51.824214935951794,-117.82952917347345,,-1,,
Act 1 (245),ensemble_245,431,7,7.0,0.7693744216646466,0.7058824,2270.1428571428573,764.8571428571429,False,49.75974365342992,-117.29351737327775,,-1,,
Act 1 (245),ensemble_245,588,7,7.0,0.7605042031833104,0.72549015,2774.714285714286,696.7142857142857,False,45.45658809888395,-116.6689585370739,,-1,,
Act 1 (245),ensemble_245,539,7,7.0,0.7413632018225533,0.7058823,2690.714285714286,896.7142857142857,False,46.49789021773951,-114.21862162479911,,-1,,
Act 1 (245),ensemble_245,442,7,7.0,0.7399626799992153,0.6666667,2298.285714285714,784.0,False,49.56209865371362,-116.92942960582457,,-1,,
Act 1 (245),ensemble_245,271,7,7.0,0.7259570530482701,0.7026145,1892.4285714285713,693.8571428571429,False,52.75577456486896,-119.67006798302268,,-1,,
Act 1 (245),ensemble_245,70,7,7.0,0.7156863127435956,0.70261437,1078.0,190.14285714285714,False,58.16141242133979,-131.59123917771169,,-1,,
Act 1 (245),ensemble_245,77,7,7.0,0.6914098943982806,0.53921574,1167.857142857143,255.71428571428572,False,57.62878860641212,-129.98825439549466,,-1,,
Act 1 (245),ensemble_245,228,7,7.0,0.6834733911923,0.50000006,1586.857142857143,650.2857142857143,False,55.2087537770853,-121.58340030272831,,-1,,
Act 1 (245),ensemble_245,612,6,6.0,0.8774509926637014,0.86928105,2820.0,926.5,False,45.469781842054445,-113.48548429439815,,-1,,
Act 1 (245),ensemble_245,394,6,6.0,0.8600217898686727,0.7058823,2196.3333333333335,901.8333333333334,False,50.62380942926854,-115.54986983065237,,-1,,
Act 1 (245),ensemble_245,245,6,6.0,0.8349673449993134,0.73529416,1785.8333333333333,692.6666666666666,False,53.641380635334194,-120.10340669525408,,-1,,
Act 1 (245),ensemble_245,155,6,6.0,0.8284313678741455,0.75490195,1331.8333333333333,289.8333333333333,False,56.380542291309034,-128.49957080877036,,-1,,
Act 1 (245),ensemble_245,672,6,6.0,0.8028322160243988,0.70261437,3099.0,1122.5,False,43.41845787018974,-110.28145253286509,,-1,,
Act 1 (245),ensemble_245,292,6,6.0,0.8011982838312784,0.72222227,1956.5,746.5,False,52.33146966647714,-118.64253935414803,,-1,,
Act 1 (245),ensemble_245,28,6,6.0,0.7984749376773834,0.7091503,455.0,287.8333333333333,False,63.72393876954871,-134.2622851267938,,-1,,
Act 1 (245),ensemble_245,646,6,6.0,0.7630719244480133,0.7254903,2921.5,742.5,False,44.32423297292202,-115.64944797539962,,-1,,
Act 1 (245),ensemble_245,625,6,6.0,0.7608932753403982,0.7156863,2859.3333333333335,783.5,False,44.909910797195586,-115.28143451717608,,-1,,
Act 1 (245),ensemble_245,611,6,6.0,0.7565359671910604,0.6928105,2819.1666666666665,843.1666666666666,False,45.343278852202545,-114.5988050713068,,-1,,
Act 1 (245),ensemble_245,122,6,6.0,0.7423747380574545,0.70261437,1228.8333333333333,228.66666666666666,False,57.043325649009766,-130.05453068676093,,-1,,
Act 1 (245),ensemble_245,309,6,6.0,0.737472782532374,0.70261437,1995.8333333333333,662.6666666666666,False,51.830470294095726,-119.74120880623683,,-1,,
Act 1 (245),ensemble_245,274,6,6.0,0.7331154942512512,0.7058824,1896.0,689.5,False,52.71679818652705,-119.72177988856738,,-1,,
Act 1 (245),ensemble_245,320,6,6.0,0.7271242141723633,0.624183,2011.6666666666667,860.8333333333334,False,52.09319689418601,-116.74269850274509,,-1,,
Act 1 (245),ensemble_245,254,6,6.0,0.7249455551306406,0.6568628,1833.0,726.5,False,53.32006167419043,-119.40462391998317,,-1,,
Act 1 (245),ensemble_245,302,6,6.0,0.721677561601003,0.6764706,1988.1666666666667,663.3333333333334,False,51.89548213406885,-119.76032992827543,,-1,,
Act 1 (245),ensemble_245,242,6,6.0,0.7178649405638377,0.6960785,1733.8333333333333,732.6666666666666,False,54.16198838559616,-119.69527219432946,,-1,,
Act 1 (245),ensemble_245,156,6,6.0,0.7156862715880076,0.64379084,1335.5,257.0,False,56.25328577169355,-128.99220270084808,,-1,,
Act 1 (245),ensemble_245,266,6,6.0,0.71241827805837,0.65686274,1880.3333333333333,708.6666666666666,False,52.887812363898064,-119.49356270716088,,-1,,
Act 1 (245),ensemble_245,112,6,6.0,0.7091503441333771,0.6535948,1207.1666666666667,269.0,False,57.34532014877388,-129.54325133214152,,-1,,
Act 1 (245),ensemble_245,651,6,6.0,0.6753812730312347,0.37908494,2958.5,790.6666666666666,False,44.09998803915592,-114.92206278324022,,-1,,
Act 1 (245),ensemble_245,601,6,6.0,0.67047930508852,0.17320262,2801.5,1169.0,False,45.966424787928595,-110.26329868041869,,-1,,
Act 1 (245),ensemble_245,300,5,5.0,0.8169934749603271,0.73202616,1983.6,876.4,False,52.356981603914804,-116.60269593523525,,-1,,
Act 1 (245),ensemble_245,357,5,5.0,0.7888889074325561,0.6470589,2099.2,677.8,False,51.005150185489796,-119.13722092152564,,-1,,
Act 1 (245),ensemble_245,586,5,5.0,0.7862744927406311,0.71895427,2772.4,713.2,False,45.50574775351011,-116.45683569722523,,-1,,
Act 1 (245),ensemble_245,553,5,5.0,0.785620927810669,0.73202616,2730.6,611.4,False,45.65970101858295,-117.93507614241014,,-1,,
Act 1 (245),ensemble_245,110,5,5.0,0.7836601257324218,0.7058824,1204.4,193.8,False,57.13518074693137,-130.75092781522082,,-1,,
Act 1 (245),ensemble_245,420,5,5.0,0.7725490212440491,0.7320261,2261.8,737.8,False,49.777155171809156,-117.70748848660241,,-1,,
Act 1 (245),ensemble_245,470,5,5.0,0.7653594732284545,0.7058824,2369.8,866.4,False,49.116049535245594,-115.53773527893067,,-1,,
Act 1 (245),ensemble_245,569,5,5.0,0.7620915055274964,0.7385621,2753.2,627.8,False,45.5050626004472,-117.64745259087265,,-1,,
Act 1 (245),ensemble_245,24,5,5.0,0.7549019694328308,0.70261437,444.4,349.8,False,64.0406387371426,-133.2295217932632,,-1,,
Act 1 (245),ensemble_245,276,5,5.0,0.7385621070861816,0.61764705,1898.8,696.2,False,52.707713390232136,-119.6105454330541,,-1,,
Act 1 (245),ensemble_245,96,5,5.0,0.7300653696060181,0.71895427,1190.2,269.4,False,57.486516923438586,-129.63687646848902,,-1,,
Act 1 (245),ensemble_245,568,5,5.0,0.7248366117477417,0.6928105,2752.2,911.6,False,46.01042274600632,-113.85703702545224,,-1,,
Act 1 (245),ensemble_245,211,5,5.0,0.7209150552749634,0.6503268,1440.0,369.0,False,55.71481944167876,-126.67871272288174,,-1,,
Act 1 (245),ensemble_245,459,5,5.0,0.7189542531967164,0.7058824,2346.2,864.2,False,49.30863317825287,-115.6392498307266,,-1,,
Act 1 (245),ensemble_245,107,5,5.0,0.7183006286621094,0.7091503,1202.4,282.8,False,57.42659780733376,-129.35136995823925,,-1,,
Act 1 (245),ensemble_245,678,5,5.0,0.7163398861885071,0.7058824,3224.4,1032.4,False,42.25219030206075,-111.18717089806354,,-1,,
Act 1 (245),ensemble_245,180,5,5.0,0.7111111402511596,0.7058824,1379.4,393.8,False,56.28455897696554,-126.60828650405001,,-1,,
Act 1 (245),ensemble_245,124,5,5.0,0.7111111283302307,0.6862745,1236.4,228.2,False,56.97973630714459,-130.01709856609293,,-1,,
Act 1 (245),ensemble_245,169,5,5.0,0.7104575395584106,0.6045752,1354.6,334.2,False,56.321633191417284,-127.67814351012551,,-1,,
Act 1 (245),ensemble_245,488,5,5.0,0.6973856210708618,0.6143791,2450.0,906.0,False,48.515880973741076,-114.74694617997532,,-1,,
Act 1 (245),ensemble_245,329,5,5.0,0.6960784316062927,0.624183,2023.8,864.2,False,51.99795811526797,-116.65226439945101,,-1,,
Act 1 (245),ensemble_245,572,4,4.0,0.9975490123033524,0.99019605,2758.5,675.5,False,45.551383197287784,-116.99864805138547,,-1,,
Act 1 (245),ensemble_245,589,4,4.0,0.9370914697647095,0.93137246,2775.5,660.5,False,45.38304481488806,-117.14658437635164,,-1,,
Act 1 (245),ensemble_245,54,4,4.0,0.9060457646846771,0.86274505,906.5,740.0,False,61.22030709746846,-123.32920001458862,,-1,,
Act 1 (245),ensemble_245,183,4,4.0,0.8578431606292725,0.8300654,1382.5,236.0,False,55.80549409238247,-129.05324677800675,,-1,,
Act 1 (245),ensemble_245,466,4,4.0,0.8382353037595749,0.7026145,2361.0,765.75,False,49.00764954320993,-116.98832567783009,,-1,,
Act 1 (245),ensemble_245,599,4,4.0,0.8341503441333771,0.78758174,2799.0,706.5,False,45.273692834900885,-116.46833833585912,,-1,,
Act 1 (245),ensemble_245,547,4,4.0,0.8325163275003433,0.7124183,2717.0,616.25,False,45.781175295246406,-117.91318465711045,,-1,,
Act 1 (245),ensemble_245,629,4,4.0,0.8308823555707932,0.74183005,2868.5,773.75,False,44.81724401345328,-115.38492748911472,,-1,,
Act 1 (245),ensemble_245,323,4,4.0,0.8292483687400818,0.70261437,2017.0,625.75,False,51.576037064150405,-120.20374094960985,,-1,,
Act 1 (245),ensemble_245,644,4,4.0,0.8202614337205887,0.8071895,2916.0,1182.5,False,45.02478107843542,-109.85165233810146,,-1,,
Act 1 (245),ensemble_245,663,4,4.0,0.8153594881296158,0.7352941,3017.75,865.75,False,43.73034113303354,-113.79514929714587,,-1,,
Act 1 (245),ensemble_245,126,4,4.0,0.7794117778539658,0.7058824,1252.5,214.75,False,56.806139340618564,-130.13352542818595,,-1,,
Act 1 (245),ensemble_245,403,4,4.0,0.766339898109436,0.71895427,2222.75,704.75,False,50.03603904674948,-118.3121968580722,,-1,,
Act 1 (245),ensemble_245,356,4,4.0,0.7622548937797546,0.7352941,2096.25,660.75,False,50.9942090098269,-119.39594975181727,,-1,,
Act 1 (245),ensemble_245,317,4,4.0,0.7589869499206543,0.7124183,2008.75,768.0,False,51.93921632535789,-118.13516311609769,,-1,,
Act 1 (245),ensemble_245,248,4,4.0,0.7573529481887817,0.7091503,1808.75,684.5,False,53.43259231487877,-120.13699977043426,,-1,,
Act 1 (245),ensemble_245,216,4,4.0,0.7524510025978088,0.70261437,1443.5,559.5,False,56.18881345555614,-123.66686316223048,,-1,,
Act 1 (245),ensemble_245,620,4,4.0,0.7516340017318726,0.71895427,2849.75,843.0,False,45.089124211626064,-114.52048861951874,,-1,,
Act 1 (245),ensemble_245,425,4,4.0,0.7467320710420609,0.7156863,2266.75,743.0,False,49.74613616546375,-117.61681791076089,,-1,,
Act 1 (245),ensemble_245,238,4,4.0,0.7450980693101883,0.7156863,1714.0,713.5,False,54.2866750852384,-120.06996364227686,,-1,,
Act 1 (245),ensemble_245,577,4,4.0,0.7426470816135406,0.7156863,2763.0,879.75,False,45.869581445665006,-114.25756393343515,,-1,,
Act 1 (245),ensemble_245,638,4,4.0,0.7410131096839905,0.7124183,2902.5,932.0,False,44.79173976219794,-113.20947084815528,,-1,,
Act 1 (245),ensemble_245,389,4,4.0,0.734477162361145,0.72222227,2179.5,872.0,False,50.711557780195015,-116.0367884615713,,-1,,
Act 1 (245),ensemble_245,6,4,4.0,0.7344771176576614,0.7091503,150.0,426.75,False,66.93199445062895,-134.0962159886012,,-1,,
Act 1 (245),ensemble_245,449,4,4.0,0.7336601316928864,0.72875816,2316.5,959.0,False,49.71693683870155,-114.3700003486144,,-1,,
Act 1 (245),ensemble_245,411,4,4.0,0.732026144862175,0.7058823,2254.0,863.75,False,50.07566762702272,-115.92530072846479,,-1,,
Act 1 (245),ensemble_245,313,4,4.0,0.7295752018690109,0.72222227,1999.5,771.5,False,52.023235991477286,-118.11583395214713,,-1,,
Act 1 (245),ensemble_245,430,4,4.0,0.7279411852359772,0.7058824,2270.0,736.5,False,49.70665541758315,-117.69877263319911,,-1,,
Act 1 (245),ensemble_245,63,4,4.0,0.7271241694688797,0.7124183,1060.25,215.0,False,58.388000870253244,-131.30328393518408,,-1,,
Act 1 (245),ensemble_245,172,4,4.0,0.7263071835041046,0.7058824,1359.75,345.75,False,56.312103436795354,-127.4688294917606,,-1,,
Act 1 (245),ensemble_245,311,4,4.0,0.7254901975393295,0.7058824,1995.5,872.5,False,52.250125404402525,-116.62176381832018,,-1,,
Act 1 (245),ensemble_245,388,4,4.0,0.7238562256097794,0.70261437,2180.25,694.75,False,50.36812811175147,-118.60319457370808,,-1,,
Act 1 (245),ensemble_245,181,4,4.0,0.7238562107086182,0.7091503,1379.5,256.5,False,55.89082426800396,-128.7527611257917,,-1,,
Act 1 (245),ensemble_245,493,4,4.0,0.7222222536802292,0.6895425,2459.25,875.75,False,48.38789487106373,-115.14509934548981,,-1,,
Act 1 (245),ensemble_245,500,4,4.0,0.720588281750679,0.6437909,2471.25,854.25,False,48.25124693957321,-115.41123178032538,,-1,,
Act 1 (245),ensemble_245,85,4,4.0,0.7205882221460342,0.53267974,1183.75,257.75,False,57.50398865794262,-129.8609128567439,,-1,,
Act 1 (245),ensemble_245,489,4,4.0,0.7197712510824203,0.70261437,2452.0,872.75,False,48.443084758724524,-115.20798411749878,,-1,,
Act 1 (245),ensemble_245,396,4,4.0,0.7116013467311859,0.6993465,2199.5,882.0,False,50.562486073931154,-115.82896077573582,,-1,,
Act 1 (245),ensemble_245,428,4,4.0,0.7116013020277023,0.70261437,2266.5,945.0,False,50.11147951499242,-114.71467350937814,,-1,,
Act 1 (245),ensemble_245,414,4,4.0,0.7107843160629272,0.6928105,2255.0,940.5,False,50.2000229900024,-114.81319316491299,,-1,,
Act 1 (245),ensemble_245,227,4,4.0,0.7066993564367294,0.6666667,1585.0,654.5,False,55.23404186243139,-121.52540967462365,,-1,,
Act 1 (245),ensemble_245,55,4,4.0,0.7058823555707932,0.69934636,906.25,847.5,False,61.49101315958655,-121.42391675898685,,-1,,
Act 1 (245),ensemble_245,548,4,4.0,0.7042483538389206,0.60457516,2718.5,887.5,False,46.25197440185851,-114.27011127352891,,-1,,
Act 1 (245),ensemble_245,444,4,4.0,0.6911765038967133,0.6437909,2309.5,703.0,False,49.314267991587236,-118.04281832616635,,-1,,
Act 1 (245),ensemble_245,19,4,4.0,0.6748366355895996,0.59477127,195.5,439.0,False,66.56761525973977,-133.49512977687314,,-1,,
Act 1 (245),ensemble_245,234,4,4.0,0.6674836575984955,0.620915,1609.0,642.5,False,55.00554143456777,-121.60930585537547,,-1,,
Act 1 (245),ensemble_245,575,3,3.0,1.0,1.0,2760.3333333333335,668.6666666666666,False,45.523513013723964,-117.08387183564959,,-1,,
Act 1 (245),ensemble_245,537,3,3.0,0.9978213310241699,0.996732,2687.3333333333335,730.6666666666666,False,46.24090574347306,-116.4727172501529,,-1,,
Act 1 (245),ensemble_245,549,3,3.0,0.9694989323616028,0.9084968,2719.3333333333335,698.6666666666666,False,45.91781205685099,-116.80693784442639,,-1,,
Act 1 (245),ensemble_245,379,3,3.0,0.9629629453023275,0.88888884,2156.0,817.6666666666666,False,50.80810859629716,-116.9041712322992,,-1,,
Act 1 (245),ensemble_245,299,3,3.0,0.8627451260884603,0.7450981,1983.0,783.6666666666666,False,52.184858332222454,-117.99285128992032,,-1,,
Act 1 (245),ensemble_245,576,3,3.0,0.8605664769808451,0.8496732,2761.6666666666665,653.6666666666666,False,45.48437535783812,-117.27880724081818,,-1,,
Act 1 (245),ensemble_245,616,3,3.0,0.8605664372444153,0.8496732,2839.0,935.0,False,45.32480860716081,-113.32492082677969,,-1,,
Act 1 (245),ensemble_245,598,3,3.0,0.8507625659306844,0.7941177,2798.0,839.0,False,45.51207792876069,-114.71052971406638,,-1,,
Act 1 (245),ensemble_245,52,3,3.0,0.8224400679270426,0.74183005,901.0,739.0,False,61.2656154711994,-123.37563544950416,,-1,,
Act 1 (245),ensemble_245,306,3,3.0,0.8180828094482422,0.7712419,1991.0,870.3333333333334,False,52.28378351227828,-116.66917156668087,,-1,,
Act 1 (245),ensemble_245,454,3,3.0,0.8169934948285421,0.75490195,2329.6666666666665,869.3333333333334,False,49.45525176943136,-115.61559534087327,,-1,,
Act 1 (245),ensemble_245,627,3,3.0,0.812636137008667,0.7875817,2865.3333333333335,1138.6666666666667,False,45.39342881617661,-110.54056107619711,,-1,,
Act 1 (245),ensemble_245,278,3,3.0,0.803921620051066,0.75816995,1901.6666666666667,704.3333333333334,False,52.701020101861175,-119.47758632288047,,-1,,
Act 1 (245),ensemble_245,35,3,3.0,0.8006536364555359,0.73202616,557.3333333333334,465.6666666666667,False,63.4579609367134,-130.32855525426558,,-1,,
Act 1 (245),ensemble_245,32,3,3.0,0.7984749476114908,0.77777773,468.0,282.0,False,63.59084312108569,-134.26729716865984,,-1,,
Act 1 (245),ensemble_245,246,3,3.0,0.7973856329917908,0.75816995,1788.0,698.6666666666666,False,53.63628513042153,-120.00329817125485,,-1,,
Act 1 (245),ensemble_245,668,3,3.0,0.7962962985038757,0.7581699,3040.0,781.0,False,43.407944336787125,-114.8342555209738,,-1,,
Act 1 (245),ensemble_245,290,3,3.0,0.7919389804204305,0.7091503,1951.3333333333333,735.0,False,52.35108200413744,-118.83316059372044,,-1,,
Act 1 (245),ensemble_245,273,3,3.0,0.7908496658007304,0.74509805,1895.6666666666667,682.3333333333334,False,52.70429668645685,-119.83055044382718,,-1,,
Act 1 (245),ensemble_245,480,3,3.0,0.7854030529657999,0.75163394,2390.0,759.0,False,48.7546132414483,-116.99144908911299,,-1,,
Act 1 (245),ensemble_245,530,3,3.0,0.7810457547505697,0.71895427,2679.6666666666665,648.3333333333334,False,46.15077996590864,-117.60132143597059,,-1,,
Act 1 (245),ensemble_245,223,3,3.0,0.7799564798672994,0.7679739,1454.6666666666667,619.6666666666666,False,56.24375506698866,-122.65763475198389,,-1,,
Act 1 (245),ensemble_245,215,3,3.0,0.7592592636744181,0.74183005,1442.3333333333333,583.6666666666666,False,56.25888006443745,-123.28836334790526,,-1,,
Act 1 (245),ensemble_245,50,3,3.0,0.758169949054718,0.7124183,898.6666666666666,730.6666666666666,False,61.264309773887334,-123.53491937910758,,-1,,
Act 1 (245),ensemble_245,83,3,3.0,0.7581699093182882,0.72222215,1178.6666666666667,224.33333333333334,False,57.44221823285661,-130.42322346933713,,-1,,
Act 1 (245),ensemble_245,49,3,3.0,0.7559912800788879,0.7156863,893.0,732.0,False,61.317120018776876,-123.54128467327118,,-1,,
Act 1 (245),ensemble_245,97,3,3.0,0.7549019853274027,0.7156863,1190.0,242.0,False,57.40388948198084,-130.0743961147265,,-1,,
Act 1 (245),ensemble_245,221,3,3.0,0.7538126309712728,0.72222227,1450.0,552.6666666666666,False,56.11730907945698,-123.7442079327087,,-1,,
Act 1 (245),ensemble_245,386,3,3.0,0.7472766836484274,0.73529416,2175.0,809.0,False,50.63370363860591,-116.96822435003084,,-1,,
Act 1 (245),ensemble_245,235,3,3.0,0.7429194251696268,0.7058824,1618.0,652.0,False,54.95220969021752,-121.42243389517735,,-1,,
Act 1 (245),ensemble_245,207,3,3.0,0.7418300906817118,0.72222227,1435.6666666666667,366.3333333333333,False,55.743194410538024,-126.74286962434621,,-1,,
Act 1 (245),ensemble_245,230,3,3.0,0.741830070813497,0.7058824,1592.0,633.0,False,55.125549322759596,-121.83145558669939,,-1,,
Act 1 (245),ensemble_245,259,3,3.0,0.7342048287391663,0.7091504,1843.0,709.0,False,53.199660113898304,-119.63163177936113,,-1,,
Act 1 (245),ensemble_245,380,3,3.0,0.730936865011851,0.7189543,2155.6666666666665,860.6666666666666,False,50.889993857788696,-116.27741572526698,,-1,,
Act 1 (245),ensemble_245,642,3,3.0,0.7309368054072062,0.72549015,2907.6666666666665,734.0,False,44.42389098964694,-115.79857842154036,,-1,,
Act 1 (245),ensemble_245,184,3,3.0,0.7298475305239359,0.7189543,1382.3333333333333,281.3333333333333,False,55.94044009554113,-128.35166130288218,,-1,,
Act 1 (245),ensemble_245,342,3,3.0,0.7298475305239359,0.7091504,2042.6666666666667,659.3333333333334,False,51.43513419600843,-119.6145817745966,,-1,,
Act 1 (245),ensemble_245,214,3,3.0,0.7287581960360209,0.7156863,1441.6666666666667,371.6666666666667,False,55.70843856225418,-126.62851826788102,,-1,,
Act 1 (245),ensemble_245,509,3,3.0,0.7233116030693054,0.72222227,2508.3333333333335,873.6666666666666,False,47.97614233225605,-115.03430828760246,,-1,,
Act 1 (245),ensemble_245,87,3,3.0,0.7233115633328756,0.7124183,1185.0,278.0,False,57.55571031871007,-129.53027520898857,,-1,,
Act 1 (245),ensemble_245,173,3,3.0,0.7222222288449606,0.7091503,1364.6666666666667,266.6666666666667,False,56.04250118616612,-128.67771001093465,,-1,,
Act 1 (245),ensemble_245,423,3,3.0,0.7189542452494303,0.7091503,2265.0,734.3333333333334,False,49.743918398166294,-117.74631454087957,,-1,,
Act 1 (245),ensemble_245,31,3,3.0,0.7189542253812155,0.70261437,464.6666666666667,438.3333333333333,False,64.1753204181611,-131.47349362041004,,-1,,
Act 1 (245),ensemble_245,158,3,3.0,0.7145969470342001,0.6503268,1334.0,328.0,False,56.47382172956973,-127.88835825177819,,-1,,
Act 1 (245),ensemble_245,337,3,3.0,0.7135076324144999,0.70261437,2032.6666666666667,788.3333333333334,False,51.77983206490468,-117.7500324247155,,-1,,
Act 1 (245),ensemble_245,484,3,3.0,0.7080610195795695,0.70261437,2423.6666666666665,863.6666666666666,False,48.663147745563236,-115.4177758818995,,-1,,
Act 1 (245),ensemble_245,44,3,3.0,0.7069717248280843,0.6699347,605.0,475.0,False,63.07373603195106,-129.8382578236416,,-1,,
Act 1 (245),ensemble_245,296,3,3.0,0.7058823506037394,0.70261437,1973.6666666666667,853.6666666666666,False,52.39772163269754,-116.97732920644908,,-1,,
Act 1 (245),ensemble_245,149,3,3.0,0.6808278759320577,0.5718954,1322.0,327.0,False,56.56999110307896,-127.97026017772485,,-1,,
Act 1 (245),ensemble_245,382,3,3.0,0.6808278759320577,0.6111111,2160.0,862.0,False,50.85625502794654,-116.24417612725416,,-1,,
Act 1 (245),ensemble_245,581,3,3.0,0.6688453356424967,0.53921574,2768.0,839.0,False,45.76107338487881,-114.79089558935901,,-1,,
Act 1 (245),ensemble_245,560,2,2.0,1.0,1.0,2741.5,703.0,False,45.74258940208589,-116.68326508887284,,-1,,
Act 1 (245),ensemble_245,448,2,2.0,0.9803921282291412,0.96078426,2313.0,796.5,False,49.4630690343596,-116.70465299270583,,-1,,
Act 1 (245),ensemble_245,53,2,2.0,0.9558823704719543,0.9281046,903.5,725.0,False,61.20749477381092,-123.60929287154221,,-1,,
Act 1 (245),ensemble_245,659,2,2.0,0.9493463933467865,0.9183006,3004.5,863.0,False,43.83610923611478,-113.86359336821783,,-1,,
Act 1 (245),ensemble_245,634,2,2.0,0.8937908411026001,0.7875817,2882.5,1197.5,False,45.32368507658392,-109.7165560256775,,-1,,
Act 1 (245),ensemble_245,139,2,2.0,0.8905228674411774,0.86601305,1307.5,231.0,False,56.4048864277189,-129.55790527457958,,-1,,
Act 1 (245),ensemble_245,222,2,2.0,0.8676470518112183,0.8627451,1454.5,554.0,False,56.08306860001655,-123.7016294696478,,-1,,
Act 1 (245),ensemble_245,614,2,2.0,0.862745076417923,0.84313726,2834.5,810.0,False,45.160757255801,-114.99829488775708,,-1,,
Act 1 (245),ensemble_245,630,2,2.0,0.8464052379131317,0.7352941,2872.5,773.0,False,44.78281457207413,-115.38388101300893,,-1,,
Act 1 (245),ensemble_245,682,2,2.0,0.834967315196991,0.8333333,3241.0,1207.5,False,42.33213917990722,-108.92162076965538,,-1,,
Act 1 (245),ensemble_245,667,2,2.0,0.8251633644104004,0.8235294,3040.0,767.5,False,43.385299565642676,-115.00802353494034,,-1,,
Act 1 (245),ensemble_245,487,2,2.0,0.8137255012989044,0.78758174,2445.5,708.0,False,48.198769246398584,-117.5268338787452,,-1,,
Act 1 (245),ensemble_245,365,2,2.0,0.813725471496582,0.7091503,2122.5,789.0,False,51.03283951787449,-117.43377569049635,,-1,,
Act 1 (245),ensemble_245,282,2,2.0,0.8120914995670319,0.7941177,1907.0,698.5,False,52.644331714096786,-119.54482129720044,,-1,,
Act 1 (245),ensemble_245,518,2,2.0,0.8104574978351593,0.8071895,2597.5,1011.0,False,47.45270762404943,-112.89106291768833,,-1,,
Act 1 (245),ensemble_245,463,2,2.0,0.8088235557079315,0.7124183,2357.0,760.5,False,49.030998682722014,-117.07511913285455,,-1,,
Act 1 (245),ensemble_245,20,2,2.0,0.7924836874008179,0.7254903,308.0,534.5,False,65.89863359284215,-130.81661451816797,,-1,,
Act 1 (245),ensemble_245,168,2,2.0,0.7892156541347504,0.76797384,1349.5,331.0,False,56.3545397572154,-127.7562143400493,,-1,,
Act 1 (245),ensemble_245,99,2,2.0,0.7810457944869995,0.75816995,1192.0,265.5,False,57.45973306708646,-129.68842123672763,,-1,,
Act 1 (245),ensemble_245,519,2,2.0,0.7761437892913818,0.74509805,2598.0,889.5,False,47.25700834757587,-114.56612850345434,,-1,,
Act 1 (245),ensemble_245,305,2,2.0,0.7745098173618317,0.7679739,1989.5,880.0,False,52.31421405575742,-116.52912613746312,,-1,,
Act 1 (245),ensemble_245,429,2,2.0,0.7728757858276367,0.7549019,2268.5,769.0,False,49.781226785860554,-117.23966468010411,,-1,,
Act 1 (245),ensemble_245,370,2,2.0,0.7712418437004089,0.73202616,2138.5,851.5,False,51.01651932689546,-116.46642196252786,,-1,,
Act 1 (245),ensemble_245,255,2,2.0,0.7696078717708588,0.7091503,1832.0,695.5,False,53.262550374899064,-119.87880120706961,,-1,,
Act 1 (245),ensemble_245,408,2,2.0,0.7679738402366638,0.75163394,2238.5,904.5,False,50.27641381292906,-115.383504005262,,-1,,
Act 1 (245),ensemble_245,645,2,2.0,0.766339898109436,0.7647059,2917.0,1172.5,False,45.00403122148772,-109.98312534483006,,-1,,
Act 1 (245),ensemble_245,373,2,2.0,0.7630719244480133,0.7058824,2147.5,792.5,False,50.83145040856025,-117.2990224715723,,-1,,
Act 1 (245),ensemble_245,108,2,2.0,0.7630718946456909,0.71895427,1203.5,243.5,False,57.297383797232754,-129.97013227272882,,-1,,
Act 1 (245),ensemble_245,439,2,2.0,0.7614379525184631,0.7254903,2282.5,736.5,False,49.603028557127054,-117.65732093443144,,-1,,
Act 1 (245),ensemble_245,134,2,2.0,0.7598039507865906,0.74836606,1286.0,299.5,False,56.7866366467184,-128.60527698175758,,-1,,
Act 1 (245),ensemble_245,56,2,2.0,0.7598039209842682,0.72875816,912.0,844.5,False,61.43329793995727,-121.44921092394804,,-1,,
Act 1 (245),ensemble_245,421,2,2.0,0.7565360069274902,0.7254903,2262.5,911.0,False,50.08730857716114,-115.21781146193045,,-1,,
Act 1 (245),ensemble_245,22,2,2.0,0.7532680034637451,0.74836606,439.0,456.5,False,64.46308245893043,-131.3249487748474,,-1,,
Act 1 (245),ensemble_245,339,2,2.0,0.7516340017318726,0.73202616,2036.0,658.5,False,51.488625437454814,-119.65166951345044,,-1,,
Act 1 (245),ensemble_245,377,2,2.0,0.7516340017318726,0.72875816,2151.5,858.5,False,50.920825379031974,-116.3223575372749,,-1,,
Act 1 (245),ensemble_245,605,2,2.0,0.7516340017318726,0.72875816,2806.5,873.0,False,45.49721689177565,-114.23443149830044,,-1,,
Act 1 (245),ensemble_245,473,2,2.0,0.75,0.7385621,2373.5,813.0,False,48.99064108523133,-116.28233588755177,,-1,,
Act 1 (245),ensemble_245,84,2,2.0,0.7483660876750946,0.7450981,1178.0,258.5,False,57.55371947157813,-129.88319018957532,,-1,,
Act 1 (245),ensemble_245,514,2,2.0,0.7483660578727722,0.74836606,2587.5,1019.5,False,47.54891283137564,-112.79816857056807,,-1,,
Act 1 (245),ensemble_245,81,2,2.0,0.746732085943222,0.7450981,1175.0,274.5,False,57.62761584641422,-129.64538202799514,,-1,,
Act 1 (245),ensemble_245,316,2,2.0,0.7434640824794769,0.7385621,2008.5,757.5,False,51.92041945028165,-118.29186046131612,,-1,,
Act 1 (245),ensemble_245,413,2,2.0,0.7434640526771545,0.7058824,2255.5,809.5,False,49.96490960066703,-116.70123398889682,,-1,,
Act 1 (245),ensemble_245,392,2,2.0,0.741830050945282,0.73202616,2183.5,838.0,False,50.61662251602705,-116.51922523968781,,-1,,
Act 1 (245),ensemble_245,57,2,2.0,0.7401960790157318,0.71895427,914.0,826.5,False,61.37206401794807,-121.7596441793988,,-1,,
Act 1 (245),ensemble_245,376,2,2.0,0.7385620772838593,0.71568626,2149.0,796.5,False,50.82656298127848,-117.23574728539462,,-1,,
Act 1 (245),ensemble_245,36,2,2.0,0.7369281053543091,0.7091503,562.0,458.5,False,63.39364166304407,-130.42587094883564,,-1,,
Act 1 (245),ensemble_245,29,2,2.0,0.7352941632270813,0.71895427,459.5,419.0,False,64.15369855127487,-131.8632047736191,,-1,,
Act 1 (245),ensemble_245,265,2,2.0,0.7352941334247589,0.72875816,1875.0,726.5,False,52.969666522708245,-119.24491587479969,,-1,,
Act 1 (245),ensemble_245,375,2,2.0,0.7336601614952087,0.72222227,2148.5,850.0,False,50.93036085404938,-116.45628388613461,,-1,,
Act 1 (245),ensemble_245,199,2,2.0,0.7336601316928864,0.70261437,1424.0,597.5,False,56.4467424971823,-123.1541188777331,,-1,,
Act 1 (245),ensemble_245,472,2,2.0,0.7336601316928864,0.7058824,2370.5,814.0,False,49.017365610969144,-116.27741565240174,,-1,,
Act 1 (245),ensemble_245,483,2,2.0,0.7336601316928864,0.72875816,2411.0,864.5,False,48.769950821488564,-115.44312297808906,,-1,,
Act 1 (245),ensemble_245,66,2,2.0,0.7320261895656586,0.7156863,1065.0,208.5,False,58.32786144907357,-131.37815796265318,,-1,,
Act 1 (245),ensemble_245,469,2,2.0,0.7320261299610138,0.72875816,2367.5,783.0,False,48.98572947515322,-116.72446191886667,,-1,,
Act 1 (245),ensemble_245,116,2,2.0,0.7303921580314636,0.71895427,1209.5,195.0,False,57.09715127181511,-130.70117045547886,,-1,,
Act 1 (245),ensemble_245,272,2,2.0,0.7303921580314636,0.71895427,1892.5,687.0,False,52.740596338682344,-119.77273007407673,,-1,,
Act 1 (245),ensemble_245,494,2,2.0,0.7303921580314636,0.70261437,2462.5,855.0,False,48.32527407166784,-115.42615632512815,,-1,,
Act 1 (245),ensemble_245,506,2,2.0,0.7287581264972687,0.72222215,2498.5,866.0,False,48.0448794175297,-115.16896154088235,,-1,,
Act 1 (245),ensemble_245,562,2,2.0,0.7271242141723633,0.7254903,2742.5,915.0,False,46.096492599217534,-113.836104954349,,-1,,
Act 1 (245),ensemble_245,426,2,2.0,0.7271241843700409,0.7058823,2266.5,918.0,False,50.06589550934556,-115.10488500008292,,-1,,
Act 1 (245),ensemble_245,18,2,2.0,0.7254902124404907,0.70261437,191.5,440.0,False,66.6074537025929,-133.50792692640763,,-1,,
Act 1 (245),ensemble_245,34,2,2.0,0.7254902124404907,0.70261437,556.5,470.0,False,63.47951645879341,-130.25599966042148,,-1,,
Act 1 (245),ensemble_245,541,2,2.0,0.7238562107086182,0.70261437,2702.5,712.0,False,46.08144692317967,-116.67852705477246,,-1,,
Act 1 (245),ensemble_245,434,2,2.0,0.722222238779068,0.7124183,2270.0,906.5,False,50.01699708199296,-115.26048299301108,,-1,,
Act 1 (245),ensemble_245,504,2,2.0,0.7222222089767456,0.7091503,2486.5,902.0,False,48.205330207269284,-114.70063516472165,,-1,,
Act 1 (245),ensemble_245,460,2,2.0,0.7205882966518402,0.7026145,2350.5,809.0,False,49.17445093192307,-116.40984389903223,,-1,,
Act 1 (245),ensemble_245,102,2,2.0,0.7205882370471954,0.70261437,1198.5,223.0,False,57.275002305586845,-130.325011935552,,-1,,
Act 1 (245),ensemble_245,474,2,2.0,0.7205882370471954,0.7124183,2374.5,865.0,False,49.074500384433115,-115.54364970600301,,-1,,
Act 1 (245),ensemble_245,202,2,2.0,0.7189542949199677,0.7156863,1429.5,563.0,False,56.314690222377266,-123.67809548498646,,-1,,
Act 1 (245),ensemble_245,109,2,2.0,0.7189542651176453,0.7058824,1203.5,262.5,False,57.35571670531918,-129.66825377012864,,-1,,
Act 1 (245),ensemble_245,574,2,2.0,0.7189542651176453,0.7058824,2760.5,629.0,False,45.4471731974136,-117.60911409485833,,-1,,
Act 1 (245),ensemble_245,258,2,2.0,0.7156862914562225,0.7091503,1839.0,711.5,False,53.238318806169154,-119.60917471762212,,-1,,
Act 1 (245),ensemble_245,573,2,2.0,0.7140523195266724,0.7124183,2758.0,722.5,False,45.64164429152819,-116.37502150207531,,-1,,
Act 1 (245),ensemble_245,69,2,2.0,0.7124183177947998,0.7091503,1074.5,195.0,False,58.20595380143665,-131.53538298638492,,-1,,
Act 1 (245),ensemble_245,441,2,2.0,0.7124183177947998,0.70261437,2296.5,692.0,False,49.40019046544899,-118.24230480816858,,-1,,
Act 1 (245),ensemble_245,552,2,2.0,0.7107843160629272,0.70261437,2727.5,926.5,False,46.23944271505037,-113.71914869397845,,-1,,
Act 1 (245),ensemble_245,462,2,2.0,0.7075163424015045,0.7058824,2356.5,671.5,False,48.86347026455436,-118.32868372757497,,-1,,
Act 1 (245),ensemble_245,68,2,2.0,0.7042483687400818,0.70261437,1073.5,199.0,False,58.227132304705584,-131.47741817121056,,-1,,
Act 1 (245),ensemble_245,364,2,2.0,0.6045751571655273,0.34313726,2121.5,793.0,False,51.04881327588751,-117.37863839492945,,-1,,
Act 1 (245),ensemble_245,610,1,1.0,1.0,1.0,2816.0,812.0,False,45.317557266369754,-115.02165387127117,,-1,,
Act 1 (245),ensemble_245,635,1,1.0,1.0,1.0,2885.0,1200.0,False,45.30579371920841,-109.6781331968105,,-1,,
Act 1 (245),ensemble_245,637,1,1.0,1.0,1.0,2891.0,1196.0,False,45.25066892932655,-109.7200602304687,,-1,,
Act 1 (245),ensemble_245,641,1,1.0,1.0,1.0,2904.0,1222.0,False,45.1730756472831,-109.34670464499798,,-1,,
Act 1 (245),ensemble_245,563,1,1.0,0.9967320561408997,0.99673206,2744.0,703.0,False,45.72192743931258,-116.6758774383184,,-1,,
Act 1 (245),ensemble_245,312,1,1.0,0.9901960492134094,0.99019605,1998.0,656.0,False,51.798330872981985,-119.83132886921284,,-1,,
Act 1 (245),ensemble_245,636,1,1.0,0.9836601614952087,0.98366016,2890.0,1198.0,False,45.26148265824605,-109.69520508591893,,-1,,
Act 1 (245),ensemble_245,583,1,1.0,0.9738562107086182,0.9738562,2769.0,754.0,False,45.60687522929193,-115.92372648197778,,-1,,
Act 1 (245),ensemble_245,59,1,1.0,0.960784375667572,0.9607844,920.0,733.0,False,61.08478334281643,-123.38188408551683,,-1,,
Act 1 (245),ensemble_245,468,1,1.0,0.9542484283447266,0.9542484,2364.0,765.0,False,48.98137127764236,-116.98937938204152,,-1,,
Act 1 (245),ensemble_245,94,1,1.0,0.915032684803009,0.9150327,1189.0,202.0,False,57.287289290389694,-130.71474717312321,,-1,,
Act 1 (245),ensemble_245,378,1,1.0,0.9084966778755188,0.9084967,2152.0,646.0,False,50.50207777092944,-119.40610348582402,,-1,,
Act 1 (245),ensemble_245,224,1,1.0,0.9052287936210632,0.9052288,1462.0,615.0,False,56.17093851404315,-122.69819071828844,,-1,,
Act 1 (245),ensemble_245,446,1,1.0,0.9052287936210632,0.9052288,2311.0,795.0,False,49.47691382006591,-116.732324846284,,-1,,
Act 1 (245),ensemble_245,289,1,1.0,0.898692786693573,0.8986928,1935.0,689.0,False,52.39137466126348,-119.58060978243519,,-1,,
Act 1 (245),ensemble_245,45,1,1.0,0.8856208920478821,0.8856209,837.0,512.0,False,61.18670820554086,-127.71115415707312,,-1,,
Act 1 (245),ensemble_245,587,1,1.0,0.8790850043296814,0.879085,2771.0,754.0,False,45.59031826515069,-115.91804285357316,,-1,,
Act 1 (245),ensemble_245,567,1,1.0,0.8692811131477356,0.8692811,2751.0,693.0,False,45.645717148990094,-116.78834070376466,,-1,,
Act 1 (245),ensemble_245,123,1,1.0,0.8660130500793457,0.86601305,1232.0,201.0,False,56.93152587714904,-130.4714698071826,,-1,,
Act 1 (245),ensemble_245,250,1,1.0,0.8496732115745544,0.8496732,1821.0,653.0,False,53.26170158080612,-120.56570928742141,,-1,,
Act 1 (245),ensemble_245,535,1,1.0,0.8398692607879639,0.83986926,2685.0,683.0,False,46.17234732998092,-117.12014438217948,,-1,,
Act 1 (245),ensemble_245,283,1,1.0,0.8366013169288635,0.8366013,1908.0,773.0,False,52.789593958718385,-118.42121218860908,,-1,,
Act 1 (245),ensemble_245,303,1,1.0,0.8366012573242188,0.83660126,1988.0,869.0,False,52.306423460012724,-116.69914358248067,,-1,,
Act 1 (245),ensemble_245,119,1,1.0,0.8333333134651184,0.8333333,1223.0,228.0,False,57.089190107970154,-130.09966691259746,,-1,,
Act 1 (245),ensemble_245,301,1,1.0,0.8300654292106628,0.8300654,1986.0,784.0,False,52.16048945612552,-117.97731175624503,,-1,,
Act 1 (245),ensemble_245,284,1,1.0,0.8300653100013733,0.8300653,1911.0,698.0,False,52.60999007134859,-119.53711582347275,,-1,,
Act 1 (245),ensemble_245,657,1,1.0,0.8267973065376282,0.8267973,3000.0,1190.0,False,44.33062297778367,-109.58958905010113,,-1,,
Act 1 (245),ensemble_245,591,1,1.0,0.8235294222831726,0.8235294,2775.0,825.0,False,45.679545147609026,-114.95934271045753,,-1,,
Act 1 (245),ensemble_245,279,1,1.0,0.813725471496582,0.8137255,1902.0,699.0,False,52.68700034586904,-119.55634238991047,,-1,,
Act 1 (245),ensemble_245,655,1,1.0,0.803921639919281,0.80392164,2990.0,793.0,False,43.842658705555095,-114.80918180161879,,-1,,
Act 1 (245),ensemble_245,455,1,1.0,0.7941176295280457,0.7941176,2330.0,943.0,False,49.57784341585123,-114.56138214114752,,-1,,
Act 1 (245),ensemble_245,626,1,1.0,0.7908496856689453,0.7908497,2863.0,1140.0,False,45.414669278483316,-110.52750705976648,,-1,,
Act 1 (245),ensemble_245,75,1,1.0,0.7843137383460999,0.78431374,1130.0,181.0,False,57.70464014462324,-131.41077371749722,,-1,,
Act 1 (245),ensemble_245,578,1,1.0,0.7843136787414551,0.7843137,2764.0,585.0,False,45.33309024528227,-118.1797006854257,,-1,,
Act 1 (245),ensemble_245,295,1,1.0,0.7810457348823547,0.78104573,1968.0,725.0,False,52.19182805490436,-118.92109819544032,,-1,,
Act 1 (245),ensemble_245,347,1,1.0,0.7810457348823547,0.78104573,2050.0,784.0,False,51.626943193427365,-117.75424545649432,,-1,,
Act 1 (245),ensemble_245,461,1,1.0,0.7810457348823547,0.78104573,2355.0,766.0,False,49.057875731520696,-117.00386381470868,,-1,,
Act 1 (245),ensemble_245,486,1,1.0,0.7810457348823547,0.78104573,2442.0,710.0,False,48.23153837228456,-117.51028215081782,,-1,,
Act 1 (245),ensemble_245,17,1,1.0,0.7777778506278992,0.77777785,186.0,437.0,False,66.64575321002015,-133.6091707783238,,-1,,
Act 1 (245),ensemble_245,91,1,1.0,0.7777777314186096,0.77777773,1187.0,257.0,False,57.4748831405451,-129.85353735450303,,-1,,
Act 1 (245),ensemble_245,27,1,1.0,0.774509847164154,0.77450985,451.0,290.0,False,63.766304385919554,-134.25409242031137,,-1,,
Act 1 (245),ensemble_245,286,1,1.0,0.774509847164154,0.77450985,1916.0,709.0,False,52.59149086768232,-119.3534174469876,,-1,,
Act 1 (245),ensemble_245,264,1,1.0,0.7712418437004089,0.77124184,1871.0,735.0,False,53.020726355730076,-119.13161322842053,,-1,,
Act 1 (245),ensemble_245,585,1,1.0,0.7679738998413086,0.7679739,2771.0,699.0,False,45.491465312350726,-116.64953701475712,,-1,,
Act 1 (245),ensemble_245,590,1,1.0,0.7679738998413086,0.7679739,2775.0,823.0,False,45.676179363859035,-114.98608194238764,,-1,,
Act 1 (245),ensemble_245,247,1,1.0,0.7647058963775635,0.7647059,1795.0,640.0,False,53.44911987038959,-120.86765695564674,,-1,,
Act 1 (245),ensemble_245,256,1,1.0,0.7647058963775635,0.7647059,1833.0,700.0,False,53.26385293915295,-119.80670972571575,,-1,,
Act 1 (245),ensemble_245,177,1,1.0,0.7614378929138184,0.7614379,1374.0,363.0,False,56.24320478494054,-127.12125203464453,,-1,,
Act 1 (245),ensemble_245,257,1,1.0,0.7614378929138184,0.7614379,1837.0,710.0,False,53.25181399774049,-119.63962830095548,,-1,,
Act 1 (245),ensemble_245,15,1,1.0,0.758169949054718,0.75816995,178.0,437.0,False,66.71797542522273,-133.67330133626757,,-1,,
Act 1 (245),ensemble_245,175,1,1.0,0.758169949054718,0.75816995,1370.0,361.0,False,56.27063089184984,-127.17408193745084,,-1,,
Act 1 (245),ensemble_245,176,1,1.0,0.758169949054718,0.75816995,1372.0,362.0,False,56.25691922356781,-127.14765972537461,,-1,,
Act 1 (245),ensemble_245,445,1,1.0,0.758169949054718,0.75816995,2310.0,960.0,False,49.77287770954936,-114.37396460886738,,-1,,
Act 1 (245),ensemble_245,476,1,1.0,0.758169949054718,0.75816995,2377.0,790.0,False,48.91975777055859,-116.59607028563781,,-1,,
Act 1 (245),ensemble_245,51,1,1.0,0.7549020648002625,0.75490206,898.0,740.0,False,61.29433463821256,-123.37371505365084,,-1,,
Act 1 (245),ensemble_245,209,1,1.0,0.7549020648002625,0.75490206,1437.0,619.0,False,56.39038457964729,-122.74986250686608,,-1,,
Act 1 (245),ensemble_245,1,1,1.0,0.7549019455909729,0.75490195,67.0,296.0,False,67.15535999496167,-137.29793764077738,,-1,,
Act 1 (245),ensemble_245,154,1,1.0,0.7549019455909729,0.75490195,1328.0,273.0,False,56.36241814033142,-128.7846266316538,,-1,,
Act 1 (245),ensemble_245,496,1,1.0,0.7549018859863281,0.7549019,2463.0,859.0,False,48.32801812100059,-115.36875982424537,,-1,,
Act 1 (245),ensemble_245,13,1,1.0,0.7516340613365173,0.75163406,171.0,434.0,False,66.7698205033666,-133.78702588422962,,-1,,
Act 1 (245),ensemble_245,603,1,1.0,0.7516340613365173,0.75163406,2804.0,694.0,False,45.209621248317646,-116.61908962266541,,-1,,
Act 1 (245),ensemble_245,5,1,1.0,0.7516339421272278,0.75163394,142.0,443.0,False,67.06692144873368,-133.84894370271164,,-1,,
Act 1 (245),ensemble_245,38,1,1.0,0.7516339421272278,0.75163394,564.0,465.0,False,63.39768868078042,-130.2950460363716,,-1,,
Act 1 (245),ensemble_245,43,1,1.0,0.7516339421272278,0.75163394,592.0,446.0,False,63.09178234536063,-130.44556111907596,,-1,,
Act 1 (245),ensemble_245,120,1,1.0,0.7516339421272278,0.75163394,1224.0,230.0,False,57.0871498450085,-130.0621398775919,,-1,,
Act 1 (245),ensemble_245,196,1,1.0,0.7516339421272278,0.75163394,1421.0,363.0,False,55.85498256565957,-126.87180705438954,,-1,,
Act 1 (245),ensemble_245,596,1,1.0,0.7516339421272278,0.75163394,2795.0,840.0,False,45.53863758415509,-114.70519050447618,,-1,,
Act 1 (245),ensemble_245,244,1,1.0,0.7483660578727722,0.74836606,1762.0,740.0,False,53.94186363672749,-119.47217234997176,,-1,,
Act 1 (245),ensemble_245,285,1,1.0,0.7483660578727722,0.74836606,1914.0,753.0,False,52.69901919730043,-118.70042294617647,,-1,,
Act 1 (245),ensemble_245,288,1,1.0,0.7483660578727722,0.74836606,1928.0,719.0,False,52.51242688817914,-119.158687106688,,-1,,
Act 1 (245),ensemble_245,324,1,1.0,0.7483660578727722,0.74836606,2016.0,652.0,False,51.64060196228652,-119.8221759063188,,-1,,
Act 1 (245),ensemble_245,23,1,1.0,0.7450981140136719,0.7450981,442.0,453.0,False,64.42465740827436,-131.36768599662983,,-1,,
Act 1 (245),ensemble_245,3,1,1.0,0.741830050945282,0.74183005,91.0,246.0,False,66.73245976600427,-138.02849203587903,,-1,,
Act 1 (245),ensemble_245,25,1,1.0,0.741830050945282,0.74183005,445.0,462.0,False,64.4291649647179,-131.18086796501103,,-1,,
Act 1 (245),ensemble_245,26,1,1.0,0.741830050945282,0.74183005,450.0,456.0,False,64.36464122196946,-131.25526373710318,,-1,,
Act 1 (245),ensemble_245,367,1,1.0,0.741830050945282,0.74183005,2128.0,856.0,False,51.112357710765004,-116.43417486981522,,-1,,
Act 1 (245),ensemble_245,515,1,1.0,0.741830050945282,0.74183005,2588.0,1028.0,False,47.557400453463046,-112.67902176233605,,-1,,
Act 1 (245),ensemble_245,42,1,1.0,0.7385621070861816,0.7385621,589.0,445.0,False,63.11449369678499,-130.48389610094867,,-1,,
Act 1 (245),ensemble_245,132,1,1.0,0.7385621070861816,0.7385621,1281.0,296.0,False,56.817518947465835,-128.68886761036777,,-1,,
Act 1 (245),ensemble_245,314,1,1.0,0.7385621070861816,0.7385621,1998.0,875.0,False,52.23381676025304,-116.57602973163823,,-1,,
Act 1 (245),ensemble_245,344,1,1.0,0.7385621070861816,0.7385621,2046.0,658.0,False,51.404700688361736,-119.62168806204909,,-1,,
Act 1 (245),ensemble_245,95,1,1.0,0.7352941632270813,0.73529416,1189.0,254.0,False,57.44916364606363,-129.88943094759276,,-1,,
Act 1 (245),ensemble_245,106,1,1.0,0.7352941632270813,0.73529416,1201.0,274.0,False,57.41142285609367,-129.49987940853873,,-1,,
Act 1 (245),ensemble_245,456,1,1.0,0.7352941632270813,0.73529416,2331.0,933.0,False,49.55287907912349,-114.70176871055277,,-1,,
Act 1 (245),ensemble_245,543,1,1.0,0.7352941632270813,0.73529416,2705.0,631.0,False,45.90859229377192,-117.75419932516431,,-1,,
Act 1 (245),ensemble_245,8,1,1.0,0.7352941036224365,0.7352941,155.0,429.0,False,66.8953905810848,-134.0123515060676,,-1,,
Act 1 (245),ensemble_245,287,1,1.0,0.7352941036224365,0.7352941,1927.0,691.0,False,52.462117160060174,-119.58108825573682,,-1,,
Act 1 (245),ensemble_245,294,1,1.0,0.7352941036224365,0.7352941,1965.0,745.0,False,52.257609005416846,-118.63404204312998,,-1,,
Act 1 (245),ensemble_245,341,1,1.0,0.7352941036224365,0.7352941,2041.0,663.0,False,51.45666995398059,-119.56706062509372,,-1,,
Act 1 (245),ensemble_245,479,1,1.0,0.7352941036224365,0.7352941,2388.0,815.0,False,48.87380464905857,-116.20973713826713,,-1,,
Act 1 (245),ensemble_245,260,1,1.0,0.7320261597633362,0.73202616,1842.0,714.0,False,53.21859643352119,-119.55973553183263,,-1,,
Act 1 (245),ensemble_245,338,1,1.0,0.7320261597633362,0.73202616,2033.0,784.0,False,51.76860558224657,-117.8130624402568,,-1,,
Act 1 (245),ensemble_245,404,1,1.0,0.7320261597633362,0.73202616,2225.0,881.0,False,50.34798219501969,-115.76500852902235,,-1,,
Act 1 (245),ensemble_245,502,1,1.0,0.7320261597633362,0.73202616,2474.0,859.0,False,48.23657136841433,-115.33693019633307,,-1,,
Act 1 (245),ensemble_245,558,1,1.0,0.7320261597633362,0.73202616,2736.0,788.0,False,45.939717930480924,-115.56241779912777,,-1,,
Act 1 (245),ensemble_245,570,1,1.0,0.7320261597633362,0.73202616,2753.0,692.0,False,45.627351210150294,-116.79571438229297,,-1,,
Act 1 (245),ensemble_245,619,1,1.0,0.7320261597633362,0.73202616,2846.0,935.0,False,45.26655140359116,-113.30768645256342,,-1,,
Act 1 (245),ensemble_245,65,1,1.0,0.7320261001586914,0.7320261,1064.0,212.0,False,58.347397906466185,-131.32804184331883,,-1,,
Act 1 (245),ensemble_245,399,1,1.0,0.7320261001586914,0.7320261,2208.0,818.0,False,50.37577447492702,-116.73076313075182,,-1,,
Act 1 (245),ensemble_245,9,1,1.0,0.7287581562995911,0.72875816,156.0,422.0,False,66.85946392227908,-134.13835522093723,,-1,,
Act 1 (245),ensemble_245,58,1,1.0,0.7287581562995911,0.72875816,915.0,815.0,False,61.335132450678316,-121.95893460809776,,-1,,
Act 1 (245),ensemble_245,90,1,1.0,0.7287581562995911,0.72875816,1186.0,266.0,False,57.510766463192674,-129.7159735693347,,-1,,
Act 1 (245),ensemble_245,101,1,1.0,0.7287581562995911,0.72875816,1196.0,273.0,False,57.449641546100445,-129.54524083128268,,-1,,
Act 1 (245),ensemble_245,147,1,1.0,0.7287581562995911,0.72875816,1321.0,324.0,False,56.56955477721792,-128.02305791765963,,-1,,
Act 1 (245),ensemble_245,212,1,1.0,0.7287581562995911,0.72875816,1438.0,546.0,False,56.2007270078492,-123.9073919132371,,-1,,
Act 1 (245),ensemble_245,395,1,1.0,0.7287581562995911,0.72875816,2195.0,683.0,False,50.222251698975796,-118.72046319595758,,-1,,
Act 1 (245),ensemble_245,529,1,1.0,0.7287581562995911,0.72875816,2677.0,1166.0,False,47.00499623100523,-110.5651478494176,,-1,,
Act 1 (245),ensemble_245,602,1,1.0,0.7287581562995911,0.72875816,2801.0,866.0,False,45.53154717502018,-114.34223889355866,,-1,,
Act 1 (245),ensemble_245,680,1,1.0,0.7287581562995911,0.72875816,3227.0,1204.0,False,42.44547150207822,-108.99105935905952,,-1,,
Act 1 (245),ensemble_245,37,1,1.0,0.7254902720451355,0.7254903,564.0,462.0,False,63.38779571413461,-130.3491225175453,,-1,,
Act 1 (245),ensemble_245,86,1,1.0,0.7254902720451355,0.7254903,1185.0,245.0,False,57.45434733586781,-130.0565539109479,,-1,,
Act 1 (245),ensemble_245,100,1,1.0,0.7254902720451355,0.7254903,1195.0,269.0,False,57.44568633604633,-129.61490670744615,,-1,,
Act 1 (245),ensemble_245,104,1,1.0,0.7254902720451355,0.7254903,1199.0,265.0,False,57.400465898126775,-129.65502232831938,,-1,,
Act 1 (245),ensemble_245,148,1,1.0,0.7254902720451355,0.7254903,1321.0,335.0,False,56.60136946927676,-127.84964796889216,,-1,,
Act 1 (245),ensemble_245,318,1,1.0,0.7254902720451355,0.7254903,2009.0,880.0,False,52.150931616703396,-116.4649379635318,,-1,,
Act 1 (245),ensemble_245,363,1,1.0,0.7254902720451355,0.7254903,2119.0,793.0,False,51.069626635917665,-117.38703109657679,,-1,,
Act 1 (245),ensemble_245,520,1,1.0,0.7254902720451355,0.7254903,2599.0,1014.0,False,47.44469194381267,-112.8457998322114,,-1,,
Act 1 (245),ensemble_245,159,1,1.0,0.725490152835846,0.72549015,1335.0,263.0,False,56.27523745117669,-128.90140631507066,,-1,,
Act 1 (245),ensemble_245,170,1,1.0,0.725490152835846,0.72549015,1355.0,372.0,False,56.42568319053963,-127.08140335931262,,-1,,
Act 1 (245),ensemble_245,319,1,1.0,0.725490152835846,0.72549015,2010.0,797.0,False,51.98571326194611,-117.69986995018573,,-1,,
Act 1 (245),ensemble_245,390,1,1.0,0.725490152835846,0.72549015,2180.0,809.0,False,50.59208539577516,-116.95190047871148,,-1,,
Act 1 (245),ensemble_245,410,1,1.0,0.725490152835846,0.72549015,2253.0,808.0,False,49.982927925789966,-116.73075436314616,,-1,,
Act 1 (245),ensemble_245,443,1,1.0,0.725490152835846,0.72549015,2301.0,693.0,False,49.364933710806234,-118.21292737687031,,-1,,
Act 1 (245),ensemble_245,452,1,1.0,0.725490152835846,0.72549015,2322.0,706.0,False,49.21667682373396,-117.95864547287395,,-1,,
Act 1 (245),ensemble_245,464,1,1.0,0.725490152835846,0.72549015,2359.0,674.0,False,48.84776377889879,-118.28522353396464,,-1,,
Act 1 (245),ensemble_245,76,1,1.0,0.7222222685813904,0.72222227,1149.0,230.0,False,57.70412778400722,-130.51276265804728,,-1,,
Act 1 (245),ensemble_245,130,1,1.0,0.7222222685813904,0.72222227,1274.0,297.0,False,56.87821691422236,-128.7128124466339,,-1,,
Act 1 (245),ensemble_245,532,1,1.0,0.7222222685813904,0.72222227,2681.0,859.0,False,46.51670895067905,-114.75662911324326,,-1,,
Act 1 (245),ensemble_245,559,1,1.0,0.7222222685813904,0.72222227,2737.0,931.0,False,46.16745249895696,-113.63403821587319,,-1,,
Act 1 (245),ensemble_245,661,1,1.0,0.7222222685813904,0.72222227,3006.0,865.0,False,43.8268104384149,-113.83389424354048,,-1,,
Act 1 (245),ensemble_245,46,1,1.0,0.7222221493721008,0.72222215,857.0,755.0,False,61.69115249194402,-123.32348471740583,,-1,,
Act 1 (245),ensemble_245,12,1,1.0,0.7189542651176453,0.71895427,162.0,436.0,False,66.85882742951142,-133.82136424675306,,-1,,
Act 1 (245),ensemble_245,14,1,1.0,0.7189542651176453,0.71895427,173.0,439.0,False,66.7707448265653,-133.67519118691058,,-1,,
Act 1 (245),ensemble_245,89,1,1.0,0.7189542651176453,0.71895427,1186.0,262.0,False,57.49849597577376,-129.77977574435567,,-1,,
Act 1 (245),ensemble_245,111,1,1.0,0.7189542651176453,0.71895427,1205.0,260.0,False,57.33570506591814,-129.6991596174118,,-1,,
Act 1 (245),ensemble_245,143,1,1.0,0.7189542651176453,0.71895427,1316.0,326.0,False,56.616633091193805,-128.0192152412551,,-1,,
Act 1 (245),ensemble_245,144,1,1.0,0.7189542651176453,0.71895427,1318.0,325.0,False,56.59722016184271,-128.02390585615336,,-1,,
Act 1 (245),ensemble_245,164,1,1.0,0.7189542651176453,0.71895427,1343.0,373.0,False,56.52783150532017,-127.13008029776772,,-1,,
Act 1 (245),ensemble_245,182,1,1.0,0.7189542651176453,0.71895427,1379.0,279.0,False,55.96100602036508,-128.4063340948903,,-1,,
Act 1 (245),ensemble_245,236,1,1.0,0.7189542651176453,0.71895427,1629.0,664.0,False,54.88766343897305,-121.18850810767712,,-1,,
Act 1 (245),ensemble_245,237,1,1.0,0.7189542651176453,0.71895427,1706.0,697.0,False,54.317549321660934,-120.35710342899534,,-1,,
Act 1 (245),ensemble_245,251,1,1.0,0.7189542651176453,0.71895427,1825.0,705.0,False,53.34123868032345,-119.76196696822774,,-1,,
Act 1 (245),ensemble_245,322,1,1.0,0.7189542651176453,0.71895427,2013.0,880.0,False,52.11744599297102,-116.45181996846127,,-1,,
Act 1 (245),ensemble_245,405,1,1.0,0.7189542651176453,0.71895427,2227.0,702.0,False,49.99536794931841,-118.33697126766879,,-1,,
Act 1 (245),ensemble_245,438,1,1.0,0.7189542651176453,0.71895427,2274.0,666.0,False,49.534343847881054,-118.68777870898143,,-1,,
Act 1 (245),ensemble_245,522,1,1.0,0.7189542651176453,0.71895427,2603.0,1016.0,False,47.4143023845207,-112.80819050891678,,-1,,
Act 1 (245),ensemble_245,564,1,1.0,0.7189542651176453,0.71895427,2744.0,882.0,False,46.03111931956831,-114.27716618839266,,-1,,
Act 1 (245),ensemble_245,632,1,1.0,0.7189542651176453,0.71895427,2880.0,716.0,False,44.62098479794649,-116.11142847476593,,-1,,
Act 1 (245),ensemble_245,643,1,1.0,0.7189542651176453,0.71895427,2916.0,766.0,False,44.41040117961767,-115.35745866115829,,-1,,
Act 1 (245),ensemble_245,2,1,1.0,0.7156863212585449,0.7156863,71.0,250.0,False,66.92660904002325,-138.13199814536745,,-1,,
Act 1 (245),ensemble_245,7,1,1.0,0.7156863212585449,0.7156863,153.0,428.0,False,66.90964935065814,-134.04779878979372,,-1,,
Act 1 (245),ensemble_245,67,1,1.0,0.7156863212585449,0.7156863,1072.0,194.0,False,58.223291826033346,-131.5672616852727,,-1,,
Act 1 (245),ensemble_245,179,1,1.0,0.7156863212585449,0.7156863,1377.0,355.0,False,56.195858312188534,-127.23072686197098,,-1,,
Act 1 (245),ensemble_245,253,1,1.0,0.7156863212585449,0.7156863,1827.0,656.0,False,53.21839640547657,-120.49633716733118,,-1,,
Act 1 (245),ensemble_245,321,1,1.0,0.7156863212585449,0.7156863,2012.0,766.0,False,51.908173735946306,-118.15336757819648,,-1,,
Act 1 (245),ensemble_245,336,1,1.0,0.7156863212585449,0.7156863,2031.0,782.0,False,51.781365958802255,-117.84962755593908,,-1,,
Act 1 (245),ensemble_245,340,1,1.0,0.7156863212585449,0.7156863,2037.0,656.0,False,51.47505549213782,-119.68458056271356,,-1,,
Act 1 (245),ensemble_245,346,1,1.0,0.7156863212585449,0.7156863,2048.0,785.0,False,51.645553478352696,-117.74637194174673,,-1,,
Act 1 (245),ensemble_245,400,1,1.0,0.7156863212585449,0.7156863,2213.0,665.0,False,50.03673307688653,-118.91509378980187,,-1,,
Act 1 (245),ensemble_245,475,1,1.0,0.7156863212585449,0.7156863,2375.0,856.0,False,49.05462822972256,-115.6696510449213,,-1,,
Act 1 (245),ensemble_245,482,1,1.0,0.7156863212585449,0.7156863,2409.0,748.0,False,48.57659574384998,-117.08555031212049,,-1,,
Act 1 (245),ensemble_245,497,1,1.0,0.7156863212585449,0.7156863,2464.0,876.0,False,48.34880801992588,-115.12798431924226,,-1,,
Act 1 (245),ensemble_245,507,1,1.0,0.7156863212585449,0.7156863,2501.0,867.0,False,48.0257987028189,-115.1479088447968,,-1,,
Act 1 (245),ensemble_245,542,1,1.0,0.7156863212585449,0.7156863,2704.0,699.0,False,46.0451319447621,-116.84830121126336,,-1,,
Act 1 (245),ensemble_245,162,1,1.0,0.7156862616539001,0.71568626,1341.0,258.0,False,56.21111403426053,-128.94552184903085,,-1,,
Act 1 (245),ensemble_245,654,1,1.0,0.7156862616539001,0.71568626,2981.0,826.0,False,43.971781751774515,-114.40379229980796,,-1,,
Act 1 (245),ensemble_245,669,1,1.0,0.7156862616539001,0.71568626,3041.0,765.0,False,43.372793477678336,-115.03756972260483,,-1,,
Act 1 (245),ensemble_245,10,1,1.0,0.7124183177947998,0.7124183,156.0,432.0,False,66.89783954570022,-133.94668894317277,,-1,,
Act 1 (245),ensemble_245,33,1,1.0,0.7124183177947998,0.7124183,536.0,429.0,False,63.52118069590013,-131.13742096938716,,-1,,
Act 1 (245),ensemble_245,40,1,1.0,0.7124183177947998,0.7124183,579.0,455.0,False,63.234266385057055,-130.3727217861389,,-1,,
Act 1 (245),ensemble_245,133,1,1.0,0.7124183177947998,0.7124183,1283.0,297.0,False,56.803986299356325,-128.66173550473383,,-1,,
Act 1 (245),ensemble_245,157,1,1.0,0.7124183177947998,0.7124183,1333.0,264.0,False,56.29463477310442,-128.89708715339606,,-1,,
Act 1 (245),ensemble_245,186,1,1.0,0.7124183177947998,0.7124183,1385.0,396.0,False,56.24426591623819,-126.54419888496,,-1,,
Act 1 (245),ensemble_245,204,1,1.0,0.7124183177947998,0.7124183,1431.0,610.0,False,56.41876732406111,-122.92157780559138,,-1,,
Act 1 (245),ensemble_245,352,1,1.0,0.7124183177947998,0.7124183,2068.0,856.0,False,51.6133321606702,-116.62880319059252,,-1,,
Act 1 (245),ensemble_245,366,1,1.0,0.7124183177947998,0.7124183,2127.0,783.0,False,50.983882206838544,-117.50630147013659,,-1,,
Act 1 (245),ensemble_245,422,1,1.0,0.7124183177947998,0.7124183,2263.0,760.0,False,49.80979402889451,-117.38632058831985,,-1,,
Act 1 (245),ensemble_245,604,1,1.0,0.7124183177947998,0.7124183,2805.0,875.0,False,45.51291349062495,-114.21162657082259,,-1,,
Act 1 (245),ensemble_245,670,1,1.0,0.7124183177947998,0.7124183,3061.0,1136.0,False,43.75340341831409,-110.18047822727942,,-1,,
Act 1 (245),ensemble_245,671,1,1.0,0.7124183177947998,0.7124183,3064.0,1130.0,False,43.720724576551476,-110.2529059174569,,-1,,
Act 1 (245),ensemble_245,677,1,1.0,0.7124183177947998,0.7124183,3221.0,1034.0,False,42.282754558442576,-111.17379463580122,,-1,,
Act 1 (245),ensemble_245,192,1,1.0,0.7091503739356995,0.7091504,1400.0,365.0,False,56.03397687451991,-126.951492532179,,-1,,
Act 1 (245),ensemble_245,275,1,1.0,0.7091503739356995,0.7091504,1895.0,705.0,False,52.75793079302768,-119.4928956899453,,-1,,
Act 1 (245),ensemble_245,334,1,1.0,0.7091503739356995,0.7091504,2029.0,672.0,False,51.57507080721549,-119.47960471843943,,-1,,
Act 1 (245),ensemble_245,477,1,1.0,0.7091503739356995,0.7091504,2377.0,857.0,False,49.03974069065266,-115.64953345631656,,-1,,
Act 1 (245),ensemble_245,628,1,1.0,0.7091503739356995,0.7091504,2866.0,655.0,False,44.62576591473745,-116.95014970331103,,-1,,
Act 1 (245),ensemble_245,41,1,1.0,0.7091503143310547,0.7091503,584.0,456.0,False,63.194128005777934,-130.32074198966728,,-1,,
Act 1 (245),ensemble_245,210,1,1.0,0.7091503143310547,0.7091503,1438.0,367.0,False,55.72578579770129,-126.72028737234379,,-1,,
Act 1 (245),ensemble_245,326,1,1.0,0.7091503143310547,0.7091503,2018.0,769.0,False,51.864127280104874,-118.08772728937804,,-1,,
Act 1 (245),ensemble_245,368,1,1.0,0.7091503143310547,0.7091503,2130.0,782.0,False,50.956999091209866,-117.51079020614517,,-1,,
Act 1 (245),ensemble_245,371,1,1.0,0.7091503143310547,0.7091503,2142.0,861.0,False,51.00463420306373,-116.31603281110144,,-1,,
Act 1 (245),ensemble_245,374,1,1.0,0.7091503143310547,0.7091503,2147.0,857.0,False,50.9556417878039,-116.35865728519053,,-1,,
Act 1 (245),ensemble_245,419,1,1.0,0.7091503143310547,0.7091503,2260.0,773.0,False,49.85935874694057,-117.21012967314766,,-1,,
Act 1 (245),ensemble_245,516,1,1.0,0.7091503143310547,0.7091503,2589.0,1015.0,False,47.52965357768095,-112.85683422351059,,-1,,
Act 1 (245),ensemble_245,521,1,1.0,0.7091503143310547,0.7091503,2601.0,1015.0,False,47.42949814181087,-112.82699017256648,,-1,,
Act 1 (245),ensemble_245,534,1,1.0,0.7091503143310547,0.7091503,2681.0,1171.0,False,46.97796204658739,-110.48767950054146,,-1,,
Act 1 (245),ensemble_245,16,1,1.0,0.7058823704719543,0.7058824,180.0,436.0,False,66.69612377093709,-133.6763706566188,,-1,,
Act 1 (245),ensemble_245,21,1,1.0,0.7058823704719543,0.7058824,314.0,542.0,False,65.87047934442342,-130.6302543563282,,-1,,
Act 1 (245),ensemble_245,92,1,1.0,0.7058823704719543,0.7058824,1188.0,263.0,False,57.48506769364221,-129.75196554556965,,-1,,
Act 1 (245),ensemble_245,105,1,1.0,0.7058823704719543,0.7058824,1199.0,274.0,False,57.42792879546323,-129.51163952668134,,-1,,
Act 1 (245),ensemble_245,137,1,1.0,0.7058823704719543,0.7058824,1302.0,333.0,False,56.75258513903093,-127.98627791869046,,-1,,
Act 1 (245),ensemble_245,140,1,1.0,0.7058823704719543,0.7058824,1307.0,327.0,False,56.69386124636923,-128.05334592485315,,-1,,
Act 1 (245),ensemble_245,142,1,1.0,0.7058823704719543,0.7058824,1313.0,261.0,False,56.45000125601315,-129.05738914707584,,-1,,
Act 1 (245),ensemble_245,146,1,1.0,0.7058823704719543,0.7058824,1321.0,259.0,False,56.37831004052665,-129.04318587860504,,-1,,
Act 1 (245),ensemble_245,160,1,1.0,0.7058823704719543,0.7058824,1337.0,264.0,False,56.261780975078665,-128.87451123913522,,-1,,
Act 1 (245),ensemble_245,200,1,1.0,0.7058823704719543,0.7058824,1425.0,377.0,False,55.86082790052659,-126.63237474732486,,-1,,
Act 1 (245),ensemble_245,213,1,1.0,0.7058823704719543,0.7058824,1438.0,623.0,False,56.39171159794587,-122.68130762852941,,-1,,
Act 1 (245),ensemble_245,291,1,1.0,0.7058823704719543,0.7058824,1952.0,739.0,False,52.353701307311994,-118.770976549678,,-1,,
Act 1 (245),ensemble_245,436,1,1.0,0.7058823704719543,0.7058824,2273.0,674.0,False,49.55871152289347,-118.57774399275405,,-1,,
Act 1 (245),ensemble_245,440,1,1.0,0.7058823704719543,0.7058824,2290.0,739.0,False,49.54566730997452,-117.59697117057098,,-1,,
Act 1 (245),ensemble_245,485,1,1.0,0.7058823704719543,0.7058824,2427.0,881.0,False,48.665172804283976,-115.16414864480123,,-1,,
Act 1 (245),ensemble_245,491,1,1.0,0.7058823704719543,0.7058824,2456.0,869.0,False,48.40339994520531,-115.24901233214628,,-1,,
Act 1 (245),ensemble_245,571,1,1.0,0.7058823704719543,0.7058824,2756.0,882.0,False,45.931396053074046,-114.2456637063016,,-1,,
Act 1 (245),ensemble_245,606,1,1.0,0.7058823704719543,0.7058824,2808.0,871.0,False,45.48151702217581,-114.25722429328027,,-1,,
Act 1 (245),ensemble_245,607,1,1.0,0.7058823704719543,0.7058824,2810.0,869.0,False,45.46166030484133,-114.27870260273271,,-1,,
Act 1 (245),ensemble_245,115,1,1.0,0.7058823108673096,0.7058823,1208.0,286.0,False,57.390037397497196,-129.2676053701211,,-1,,
Act 1 (245),ensemble_245,118,1,1.0,0.7058823108673096,0.7058823,1223.0,226.0,False,57.083008114552015,-130.13125177969755,,-1,,
Act 1 (245),ensemble_245,165,1,1.0,0.7058823108673096,0.7058823,1345.0,367.0,False,56.49433118852863,-127.21401770002512,,-1,,
Act 1 (245),ensemble_245,197,1,1.0,0.7058823108673096,0.7058823,1422.0,376.0,False,55.88284559120448,-126.66368174447669,,-1,,
Act 1 (245),ensemble_245,397,1,1.0,0.7058823108673096,0.7058823,2203.0,880.0,False,50.52973892115309,-115.84723849126371,,-1,,
Act 1 (245),ensemble_245,153,1,1.0,0.7026144862174988,0.7026145,1326.0,366.0,False,56.64876560743867,-127.33259484831062,,-1,,
Act 1 (245),ensemble_245,524,1,1.0,0.7026144862174988,0.7026145,2608.0,1019.0,False,47.37704993812264,-112.75432084095982,,-1,,
Act 1 (245),ensemble_245,561,1,1.0,0.7026144862174988,0.7026145,2742.0,880.0,False,46.044491883066094,-114.3093729907777,,-1,,
Act 1 (245),ensemble_245,4,1,1.0,0.7026143670082092,0.70261437,135.0,428.0,False,67.07272152211206,-134.1948463013525,,-1,,
Act 1 (245),ensemble_245,39,1,1.0,0.7026143670082092,0.70261437,576.0,467.0,False,63.29980658136193,-130.17736646487936,,-1,,
Act 1 (245),ensemble_245,71,1,1.0,0.7026143670082092,0.70261437,1076.0,202.0,False,58.216237566425136,-131.41342005955332,,-1,,
Act 1 (245),ensemble_245,103,1,1.0,0.7026143670082092,0.70261437,1198.0,263.0,False,57.402594344439045,-129.6927718151753,,-1,,
Act 1 (245),ensemble_245,129,1,1.0,0.7026143670082092,0.70261437,1271.0,292.0,False,56.888112888931666,-128.8089425060656,,-1,,
Act 1 (245),ensemble_245,167,1,1.0,0.7026143670082092,0.70261437,1347.0,362.0,False,56.46363247589046,-127.28207933473702,,-1,,
Act 1 (245),ensemble_245,171,1,1.0,0.7026143670082092,0.70261437,1359.0,270.0,False,56.09884944592414,-128.65749064946993,,-1,,
Act 1 (245),ensemble_245,187,1,1.0,0.7026143670082092,0.70261437,1387.0,394.0,False,56.22217082643905,-126.5651547887776,,-1,,
Act 1 (245),ensemble_245,263,1,1.0,0.7026143670082092,0.70261437,1865.0,715.0,False,53.0289342558411,-119.45651031819622,,-1,,
Act 1 (245),ensemble_245,333,1,1.0,0.7026143670082092,0.70261437,2028.0,780.0,False,51.80245249942703,-117.88969281176229,,-1,,
Act 1 (245),ensemble_245,402,1,1.0,0.7026143670082092,0.70261437,2216.0,815.0,False,50.303646286422435,-116.74842288323028,,-1,,
Act 1 (245),ensemble_245,407,1,1.0,0.7026143670082092,0.70261437,2236.0,705.0,False,49.926776388648555,-118.26319834098484,,-1,,
Act 1 (245),ensemble_245,409,1,1.0,0.7026143670082092,0.70261437,2249.0,943.0,False,50.254357104632945,-114.79444015180108,,-1,,
Act 1 (245),ensemble_245,418,1,1.0,0.7026143670082092,0.70261437,2259.0,941.0,False,50.16744264038957,-114.79431054691656,,-1,,
Act 1 (245),ensemble_245,427,1,1.0,0.7026143670082092,0.70261437,2266.0,927.0,False,50.08536770498381,-114.97635245146958,,-1,,
Act 1 (245),ensemble_245,432,1,1.0,0.7026143670082092,0.70261437,2269.0,948.0,False,50.09559777319346,-114.66406252394864,,-1,,
Act 1 (245),ensemble_245,433,1,1.0,0.7026143670082092,0.70261437,2270.0,758.0,False,49.74789667233259,-117.39194022082035,,-1,,
Act 1 (245),ensemble_245,490,1,1.0,0.7026143670082092,0.70261437,2454.0,876.0,False,48.43199411123383,-115.15666487496594,,-1,,
Act 1 (245),ensemble_245,533,1,1.0,0.7026143670082092,0.70261437,2681.0,871.0,False,46.536604386422304,-114.59374276173794,,-1,,
Act 1 (245),ensemble_245,554,1,1.0,0.7026143670082092,0.70261437,2730.0,921.0,False,46.20997000110922,-113.78714980989429,,-1,,
Act 1 (245),ensemble_245,593,1,1.0,0.7026143670082092,0.70261437,2783.0,889.0,False,45.71828376982015,-114.08136559262456,,-1,,
Act 1 (245),ensemble_245,676,1,1.0,0.7026143670082092,0.70261437,3216.0,1037.0,False,42.32857037243493,-111.14585483730883,,-1,,
Act 1 (245),ensemble_245,113,1,1.0,0.7026143074035645,0.7026143,1206.0,285.0,False,57.40353037338018,-129.2952290239898,,-1,,
