act,key,cid,cells,km2,meanF,minF,row,col,kept,lat,lon,name,complex,core_overlap_pct,residual_km2
Act 1,core,30,698,698.0,0.8868616275425285,0.27450982,1973.9498567335243,881.0974212034384,True,52.44649835571397,-116.56408773944844,SE of Jasper National Park Of Canada (52.4°N 116.6°W),4,,
Act 1,core,64,262,262.0,0.7994312318681761,0.19607843,2066.0038167938933,921.5725190839695,True,51.748382902179074,-115.66186727816329,NE of Banff National Park Of Canada (51.7°N 115.7°W),4,,
Act 1,core,52,205,205.0,0.7875179433241123,0.25490198,2028.0975609756097,900.5317073170731,True,52.02836778841678,-116.09588001211738,NE of Siffleur (52.0°N 116.1°W),4,,
Act 1,core,58,137,137.0,0.8492199878623016,0.48039216,2040.8175182481752,922.1459854014598,True,51.96041032612539,-115.73247137003379,NE of Banff National Park Of Canada (52.0°N 115.7°W),4,,
Act 1,core,94,128,128.0,0.8450520900078118,0.44117647,2276.21875,947.796875,True,50.03494491422637,-114.6461967334076,S of Don Getty Wildland (50.0°N 114.6°W),8,,
Act 1,core,79,115,115.0,0.7993179967869883,0.20588236,2175.7652173913043,951.1652173913044,True,50.8805314141251,-114.89047356749914,SE of Don Getty Wildland (50.9°N 114.9°W),7,,
Act 1,core,26,104,104.0,0.82635747641325,0.24509805,1928.173076923077,864.0865384615385,True,52.79835357399767,-116.97452509277747,W of Brazeau Canyon Wildland (52.8°N 117.0°W),4,,
Act 1,core,90,69,69.0,0.9190110892489336,0.38235295,2236.7971014492755,949.768115942029,True,50.36769822255324,-114.73172068247014,S of Don Getty Wildland (50.4°N 114.7°W),8,,
Act 1,core,25,61,61.0,0.914818392425287,0.5588236,1917.967213114754,851.6065573770492,True,52.8602227548207,-117.19835660703932,SE of Whitehorse Wildland (52.9°N 117.2°W),4,,
Act 1,core,6,61,61.0,0.7635808538218014,0.63725495,1750.8688524590164,742.016393442623,True,54.03928322517165,-119.48445172033672,Upper Smoky Nature-First zone vicinity (54.0°N 119.5°W),1,,
Act 1,core,115,60,60.0,0.7364379147688548,0.15686275,2405.9666666666667,996.5833333333334,True,49.029780550434346,-113.58733023377057,SE of Waterton Lakes National Park Of Canada (49.0°N 113.6°W),3,,
Act 1,core,20,52,52.0,0.9306184076345884,0.5588235,1890.2692307692307,838.8269230769231,True,53.06777593758278,-117.488365711202,NE of Jasper National Park Of Canada (53.1°N 117.5°W),4,,
Act 1,core,71,44,44.0,0.884358288212256,0.42156863,2107.0454545454545,942.2045454545455,True,51.440573498546605,-115.22889443566717,Don Getty Wildland vicinity (51.4°N 115.2°W),6,,
Act 1,core,84,40,40.0,0.8482843160629272,0.7156863,2198.575,955.6,True,50.69713524598977,-114.75833565758583,NW of Bluerock Wildland (50.7°N 114.8°W),7,,
Act 1,core,48,34,34.0,0.9789504023159251,0.84313726,2006.0294117647059,861.2941176470588,True,52.1412114420402,-116.75455166211995,S of White Goat (52.1°N 116.8°W),4,,
Act 1,core,14,29,29.0,0.662947952747345,0.3137255,1771.6896551724137,742.3448275862069,True,53.86574676198537,-119.39859392274012,Upper Smoky Nature-First zone vicinity (53.9°N 119.4°W),2,,
Act 1,core,121,25,25.0,0.8074509854614734,0.04901961,2410.52,1013.84,True,49.018591937634305,-113.32990346251148,E of Waterton Lakes National Park Of Canada (49.0°N 113.3°W),3,,
Act 1,core,22,22,22.0,0.8458110554651781,0.28431374,1906.9545454545455,844.9090909090909,True,52.939685694800374,-117.33789069745893,SE of Whitehorse Wildland (52.9°N 117.3°W),4,,
Act 1,core,59,20,20.0,0.87843137383461,0.45098042,2043.3,909.25,True,51.916682207819484,-115.91709556946898,NE of Banff National Park Of Canada (51.9°N 115.9°W),4,,
Act 1,core,39,19,19.0,0.941692474641298,0.7058824,1971.5263157894738,856.3157894736842,True,52.42061915165294,-116.94476604320162,SE of Jasper National Park Of Canada (52.4°N 116.9°W),5,,
Act 1,core,66,18,18.0,0.7314814892080095,0.34313726,2059.777777777778,930.6111111111111,True,51.816431168733175,-115.54673351668602,NE of Banff National Park Of Canada (51.8°N 115.5°W),4,,
Act 1,core,54,12,12.0,0.8039215803146362,0.51960784,2023.9166666666667,865.3333333333334,True,51.9990797930942,-116.63497559617943,N of Banff National Park Of Canada (52.0°N 116.6°W),4,,
Act 1,core,82,12,12.0,0.7222222437461218,0.44117647,2184.5,956.8333333333334,True,50.816983281344015,-114.78161241945644,SE of Don Getty Wildland (50.8°N 114.8°W),7,,
Act 1,core,120,11,11.0,0.9465240781957452,0.754902,2408.909090909091,1007.5454545454545,True,49.02230307959138,-113.42365843614081,E of Waterton Lakes National Park Of Canada (49.0°N 113.4°W),3,,
Act 1,core,29,9,9.0,0.9618736439281039,0.8235294,1937.3333333333333,919.5555555555555,False,52.82393732543088,-116.1036202692968,,-1,,
Act 1,core,72,8,8.0,0.9754901975393295,0.9313725,2127.25,943.25,False,51.273166784181235,-115.15212410619286,,-1,,
Act 1,core,93,8,8.0,0.9718137234449387,0.9019608,2250.875,947.125,False,50.245600672137094,-114.72917782292454,,-1,,
Act 1,core,85,8,8.0,0.8897058889269829,0.74509805,2206.625,945.75,False,50.613225273229325,-114.87855299611019,,-1,,
Act 1,core,96,7,7.0,0.8627451062202454,0.7156863,2260.285714285714,956.8571428571429,False,50.183150481150214,-114.56094618390789,,-1,,
Act 1,core,118,6,6.0,0.8186274667580923,0.54901963,2405.0,1012.3333333333334,False,49.06240311623392,-113.36586997646604,,-1,,
Act 1,core,103,6,6.0,0.7810457547505697,0.65686274,2305.5,943.5,False,49.783223807671966,-114.62408057860675,,-1,,
Act 1,core,28,6,6.0,0.7630719145139059,0.7058824,1935.8333333333333,878.8333333333334,False,52.76177461670217,-116.72549581575257,,-1,,
Act 1,core,105,5,5.0,0.7764706015586853,0.7254902,2316.4,958.8,False,49.71744430138202,-114.37315661816446,,-1,,
Act 1,core,104,5,5.0,0.7686274647712708,0.74509805,2313.6,941.6,False,49.71243367814429,-114.62821529640254,,-1,,
Act 1,core,17,4,4.0,0.9215686321258545,0.8235294,1833.0,729.25,False,53.3258416430932,-119.36284849564291,,-1,,
Act 1,core,113,4,4.0,0.8995098173618317,0.7745098,2395.5,992.0,False,49.11002134282532,-113.68055016959714,,-1,,
Act 1,core,60,4,4.0,0.8553921729326248,0.7058824,2040.0,896.75,False,51.92188114703388,-116.11407443430609,,-1,,
Act 1,core,15,4,4.0,0.8382353186607361,0.754902,1780.75,849.5,False,54.00772796987005,-117.71397769530732,,-1,,
Act 1,core,56,4,4.0,0.8137255012989044,0.7058824,2028.0,875.5,False,51.983653656556406,-116.46991124969111,,-1,,
Act 1,core,111,4,4.0,0.772058829665184,0.7254902,2387.25,987.0,False,49.171041627845796,-113.77398399881004,,-1,,
Act 1,core,57,4,4.0,0.7647058963775635,0.59803927,2031.5,925.0,False,52.043557108759344,-115.71921701816487,,-1,,
Act 1,core,70,4,4.0,0.7500000149011612,0.7156863,2083.25,933.75,False,51.62525340160635,-115.4272304570577,,-1,,
Act 1,core,78,3,3.0,1.0,1.0,2163.6666666666665,937.6666666666666,False,50.958809255668996,-115.12459383792073,,-1,,
Act 1,core,76,3,3.0,0.928104559580485,0.92156863,2149.0,934.0,False,51.075228738794685,-115.22265659962362,,-1,,
Act 1,core,110,3,3.0,0.885620911916097,0.7647059,2362.0,946.0,False,49.315701959408386,-114.42808219810634,,-1,,
Act 1,core,112,3,3.0,0.8562091588973999,0.7156863,2388.6666666666665,992.3333333333334,False,49.16763996468199,-113.69417390290127,,-1,,
Act 1,core,16,3,3.0,0.7973856329917908,0.7254902,1784.6666666666667,844.0,False,53.96400890919075,-117.78482574808783,,-1,,
Act 1,core,36,3,3.0,0.7777777910232544,0.7058824,1956.3333333333333,917.0,False,52.65978803270724,-116.08040548946843,,-1,,
Act 1,core,46,3,3.0,0.7745098272959391,0.7352941,1991.0,870.3333333333334,False,52.28378351227828,-116.66917156668087,,-1,,
Act 1,core,80,3,3.0,0.7712418437004089,0.7352941,2171.0,937.0,False,50.89632193099998,-115.11237849992878,,-1,,
Act 1,core,92,3,3.0,0.741830070813497,0.7058824,2240.3333333333335,963.6666666666666,False,50.36126106972535,-114.51948756194774,,-1,,
Act 1,core,41,3,3.0,0.7385621269543966,0.7156863,1984.0,875.6666666666666,False,52.35227517529486,-116.61238158994789,,-1,,
Act 1,core,67,3,3.0,0.7385621070861816,0.7254902,2062.3333333333335,936.3333333333334,False,51.805020077047296,-115.45352016492346,,-1,,
Act 1,core,62,2,2.0,1.0,1.0,2045.0,853.5,False,51.80087379459636,-116.7415258841357,,-1,,
Act 1,core,114,2,2.0,0.9705882370471954,0.9411765,2399.5,990.0,False,49.0734498310427,-113.69826318627813,,-1,,
Act 1,core,19,2,2.0,0.9558823704719543,0.91176474,1851.5,869.0,False,53.45092745639543,-117.16347972196172,,-1,,
Act 1,core,109,2,2.0,0.9313725233078003,0.89215684,2355.5,960.0,False,49.392854036847694,-114.24636856803934,,-1,,
Act 1,core,38,2,2.0,0.9019607901573181,0.8137255,1959.5,888.0,False,52.58033315016004,-116.50801071823523,,-1,,
Act 1,core,74,2,2.0,0.8872548937797546,0.7745098,2128.5,977.0,False,51.31983082251579,-114.64963781956061,,-1,,
Act 1,core,108,2,2.0,0.8872548937797546,0.7745098,2331.5,944.0,False,49.566976608812624,-114.54279354079607,,-1,,
Act 1,core,11,2,2.0,0.8627451062202454,0.8039216,1765.0,828.5,False,54.0985798237523,-118.0960571596448,,-1,,
Act 1,core,68,2,2.0,0.8333333432674408,0.8039216,2069.5,937.0,False,51.74611939828459,-115.42139424269476,,-1,,
Act 1,core,75,2,2.0,0.8284313976764679,0.7156863,2143.5,939.0,False,51.12984358455909,-115.16569419749274,,-1,,
Act 1,core,27,2,2.0,0.8088235259056091,0.7352941,1928.5,947.0,False,52.94734293021178,-115.71525481278155,,-1,,
Act 1,core,83,2,2.0,0.7990196347236633,0.754902,2191.5,957.0,False,50.75868332530529,-114.75860687253407,,-1,,
Act 1,core,69,2,2.0,0.7941176891326904,0.754902,2071.5,933.0,False,51.7223859290594,-115.47472726588902,,-1,,
Act 1,core,55,2,2.0,0.794117659330368,0.74509805,2026.5,947.0,False,52.12411731485436,-115.40542426785491,,-1,,
Act 1,core,23,2,2.0,0.7843137383460999,0.7254902,1907.0,850.5,False,52.95000917727822,-117.25296666344883,,-1,,
Act 1,core,97,2,2.0,0.7352941334247589,0.7254902,2269.5,954.0,False,50.101396258224035,-114.57584118329578,,-1,,
Act 1,core,40,2,2.0,0.7352941036224365,0.7352941,1977.5,851.0,False,52.360620887559534,-117.0044035927917,,-1,,
Act 1,core,106,2,2.0,0.7254902124404907,0.7058824,2316.5,962.0,False,49.721849109473524,-114.3268832044571,,-1,,
Act 1,core,18,2,2.0,0.5882352963089943,0.1764706,1836.5,729.0,False,53.29610064483124,-119.35327551343944,,-1,,
Act 1,core,99,2,2.0,0.5147058963775635,0.30392158,2271.0,970.5,False,50.11605259302241,-114.33278260784448,,-1,,
Act 1,core,24,1,1.0,1.0,1.0,1908.0,773.0,False,52.789593958718385,-118.42121218860908,,-1,,
Act 1,core,50,1,1.0,1.0,1.0,2009.0,826.0,False,52.049887955150915,-117.27147638979032,,-1,,
Act 1,core,86,1,1.0,1.0,1.0,2218.0,947.0,False,50.520212145927914,-114.82689970102477,,-1,,
Act 1,core,87,1,1.0,1.0,1.0,2220.0,948.0,False,50.50517071617884,-114.80647154221852,,-1,,
Act 1,core,88,1,1.0,1.0,1.0,2220.0,960.0,False,50.52524976487369,-114.63161334554621,,-1,,
Act 1,core,3,1,1.0,0.9411764740943909,0.9411765,1719.0,828.0,False,54.48435148115645,-118.27408112907284,,-1,,
Act 1,core,21,1,1.0,0.9411764740943909,0.9411765,1902.0,776.0,False,52.84574249381554,-118.39776343605566,,-1,,
Act 1,core,77,1,1.0,0.9313725233078003,0.9313725,2149.0,919.0,False,51.0492797507608,-115.44315692021941,,-1,,
Act 1,core,34,1,1.0,0.9019607901573181,0.9019608,1952.0,774.0,False,52.424318541565455,-118.24747903735816,,-1,,
Act 1,core,33,1,1.0,0.8725490570068359,0.87254906,1950.0,926.0,False,52.72916666702232,-115.96474812831131,,-1,,
Act 1,core,81,1,1.0,0.8725490570068359,0.87254906,2177.0,921.0,False,50.818645021296646,-115.32867878696733,,-1,,
Act 1,core,1,1,1.0,0.8235294222831726,0.8235294,1594.0,763.0,False,55.400857236978915,-119.78007234440166,,-1,,
Act 1,core,5,1,1.0,0.8235294222831726,0.8235294,1738.0,860.0,False,54.38804180549774,-117.70567617146946,,-1,,
Act 1,core,8,1,1.0,0.813725471496582,0.8137255,1759.0,837.0,False,54.16592703943193,-117.9864426762266,,-1,,
Act 1,core,45,1,1.0,0.813725471496582,0.8137255,1990.0,806.0,False,52.17010134206447,-117.6350895334778,,-1,,
Act 1,core,51,1,1.0,0.813725471496582,0.8137255,2011.0,828.0,False,52.0369910629408,-117.23486609785176,,-1,,
Act 1,core,89,1,1.0,0.813725471496582,0.8137255,2222.0,978.0,False,50.53828235365524,-114.36335999224143,,-1,,
Act 1,core,102,1,1.0,0.8039215803146362,0.8039216,2302.0,993.0,False,49.89321837176157,-113.92083764818365,,-1,,
Act 1,core,32,1,1.0,0.7941176891326904,0.7941177,1950.0,902.0,False,52.68569567614104,-116.32795871882045,,-1,,
Act 1,core,63,1,1.0,0.7941176891326904,0.7941177,2050.0,906.0,False,51.85476422291203,-115.9442316067391,,-1,,
Act 1,core,2,1,1.0,0.7843137383460999,0.78431374,1598.0,749.0,False,55.336870950729164,-119.98484963680306,,-1,,
Act 1,core,91,1,1.0,0.7843137383460999,0.78431374,2235.0,958.0,False,50.39646149140661,-114.61726526075952,,-1,,
Act 1,core,119,1,1.0,0.7843137383460999,0.78431374,2405.0,1009.0,False,49.0572340373295,-113.41330227594683,,-1,,
Act 1,core,13,1,1.0,0.7745097875595093,0.7745098,1768.0,834.0,False,54.08431716957268,-117.99997104340869,,-1,,
Act 1,core,10,1,1.0,0.7647058963775635,0.7647059,1763.0,844.0,False,54.14615425191006,-117.86337776265952,,-1,,
Act 1,core,42,1,1.0,0.7647058963775635,0.7647059,1988.0,869.0,False,52.306423460012724,-116.69914358248067,,-1,,
Act 1,core,35,1,1.0,0.7549020051956177,0.754902,1953.0,897.0,False,52.65137858840378,-116.39364267166206,,-1,,
Act 1,core,37,1,1.0,0.7549020051956177,0.754902,1958.0,863.0,False,52.54642159113553,-116.88985693156953,,-1,,
Act 1,core,44,1,1.0,0.7549020051956177,0.754902,1989.0,895.0,False,52.345895019096886,-116.3055207834121,,-1,,
Act 1,core,73,1,1.0,0.7549020051956177,0.754902,2126.0,976.0,False,51.339117258285576,-114.6718083677215,,-1,,
Act 1,core,95,1,1.0,0.7549020051956177,0.754902,2257.0,954.0,False,50.205872464479654,-114.6118026328989,,-1,,
Act 1,core,100,1,1.0,0.7450980544090271,0.74509805,2297.0,944.0,False,49.855037815617166,-114.64124089345383,,-1,,
Act 1,core,31,1,1.0,0.7352941036224365,0.7352941,1949.0,922.0,False,52.73037181673743,-116.02857244704288,,-1,,
Act 1,core,65,1,1.0,0.7352941036224365,0.7352941,2056.0,928.0,False,51.843505448545756,-115.59744263024146,,-1,,
Act 1,core,7,1,1.0,0.7254902124404907,0.7254902,1750.0,870.0,False,54.30650903244636,-117.50669630508658,,-1,,
Act 1,core,9,1,1.0,0.7254902124404907,0.7254902,1762.0,740.0,False,53.94186363672749,-119.47217234997176,,-1,,
Act 1,core,53,1,1.0,0.7254902124404907,0.7254902,2019.0,926.0,False,52.15013010998573,-115.74377406402924,,-1,,
Act 1,core,61,1,1.0,0.7254902124404907,0.7254902,2040.0,929.0,False,51.97936429464814,-115.63264710273127,,-1,,
Act 1,core,117,1,1.0,0.7254902124404907,0.7254902,2404.0,990.0,False,49.03585860058483,-113.68618027354479,,-1,,
Act 1,core,4,1,1.0,0.7156863212585449,0.7156863,1724.0,730.0,False,54.2385918235705,-119.77525469428002,,-1,,
Act 1,core,12,1,1.0,0.7156863212585449,0.7156863,1765.0,845.0,False,54.13130922451227,-117.84061279376452,,-1,,
Act 1,core,47,1,1.0,0.7156863212585449,0.7156863,1991.0,879.0,False,52.299808762069134,-116.53917874956507,,-1,,
Act 1,core,116,1,1.0,0.7156863212585449,0.7156863,2400.0,1008.0,False,49.097471725907496,-113.44076731157165,,-1,,
Act 1,core,43,1,1.0,0.7058823704719543,0.7058824,1989.0,880.0,False,52.31840166973606,-116.53077720002757,,-1,,
Act 1,core,49,1,1.0,0.7058823704719543,0.7058824,2005.0,945.0,False,52.30106479744342,-115.5026529002035,,-1,,
Act 1,core,98,1,1.0,0.7058823704719543,0.7058824,2271.0,968.0,False,50.11195477593396,-114.368972436228,,-1,,
Act 1,core,101,1,1.0,0.7058823704719543,0.7058824,2302.0,951.0,False,49.8248872825771,-114.5261680961355,,-1,,
Act 1,core,107,1,1.0,0.7058823704719543,0.7058824,2326.0,941.0,False,49.607918906653616,-114.60143050468072,,-1,,
Act 2,s1,16,1014,1014.0,0.821005927652297,0.22549021,1986.1607495069034,877.0216962524655,True,52.33668485836883,-116.58487438462548,SE of White Goat (52.2°N 116.6°W),5,64.5956607495069,359.0
Act 2,s1,29,527,527.0,0.783978878207632,0.37254903,2041.2998102466793,906.6831119544592,True,51.92884487331181,-115.96175855986331,N of Banff National Park Of Canada (52.0°N 116.1°W),5,62.428842504743834,198.0
Act 2,s1,59,338,338.0,0.8159589388314084,0.64705884,2291.9881656804732,947.0887573964498,True,49.902032343905965,-114.611116416538,NW of Livingstone Range Wildland Provincial Park (49.8°N 114.6°W),4,34.9112426035503,220.0
Act 2,s1,2,119,119.0,0.8395122865668866,0.7058824,1750.4117647058824,742.3277310924369,True,54.04376833481763,-119.48143754215715,Upper Smoky Nature-First zone vicinity (54.0°N 119.5°W),1,43.69747899159664,67.0
Act 2,s1,30,75,75.0,0.8024836738904317,0.5,2039.9333333333334,920.9733333333334,False,51.96574332978579,-115.75277662656822,,-1,96.0,3.0
Act 2,s1,12,59,59.0,0.8668993095220145,0.4901961,1917.864406779661,851.4915254237288,False,52.86086491856664,-117.20045226933978,,-1,94.91525423728814,3.0
Act 2,s1,13,58,58.0,0.834854642892706,0.5686275,1929.344827586207,863.1551724137931,False,52.786777289686654,-116.98462718916562,,-1,94.82758620689656,3.0
Act 2,s1,56,54,54.0,0.7966594199339548,0.64705884,2235.8518518518517,949.5185185185185,False,50.37518275721382,-114.73809870222978,,-1,100.0,0.0
Act 2,s1,4,51,51.0,0.7347174345278272,0.4901961,1771.2745098039215,742.6274509803922,True,53.869815566802416,-119.39586101609383,Upper Smoky Nature-First zone vicinity (53.9°N 119.4°W),2,31.372549019607842,35.0
Act 2,s1,7,48,48.0,0.8774509852131208,0.5980392,1890.4791666666667,838.8958333333334,False,53.06615000764998,-117.48658352873622,,-1,97.91666666666667,1.0
Act 2,s1,19,41,41.0,0.8677666259974968,0.67647064,1971.0,857.4878048780488,True,52.42722719227925,-116.92893202168632,SE of Jasper National Park Of Canada (52.4°N 116.9°W),5,51.21951219512195,20.0
Act 2,s1,45,30,30.0,0.7529411892096202,0.34313726,2178.9666666666667,950.5666666666667,False,50.85272953633092,-114.88977031963135,,-1,80.0,6.0
Act 2,s1,9,22,22.0,0.8190730972723528,0.47058827,1906.9545454545455,844.9090909090909,False,52.939685694800374,-117.33789069745893,,-1,86.36363636363636,3.0
Act 2,s1,35,20,20.0,0.893137264251709,0.7156863,2104.3,941.8,False,51.46287248936535,-115.24325142716471,,-1,100.0,0.0
Act 2,s1,60,20,20.0,0.7553921639919281,0.57843137,2261.7,957.1,True,50.171730712979134,-114.5533654049036,S of Don Getty Wildland (50.2°N 114.5°W),4,40.0,12.0
Act 2,s1,1,17,17.0,0.7549019701340619,0.6960784,1732.2941176470588,729.4117647058823,True,54.16790769436721,-119.75155209477006,Upper Smoky Nature-First zone vicinity (54.2°N 119.8°W),3,0.0,17.0
Act 2,s1,42,14,14.0,0.9096638688019344,0.7156863,2167.0,946.9285714285714,False,50.94670591719149,-114.9786686193634,,-1,100.0,0.0
Act 2,s1,63,11,11.0,0.768270963972265,0.7058824,2316.181818181818,958.6363636363636,False,49.71899856445436,-114.37612377026285,,-1,45.45454545454545,6.0
Act 2,s1,51,10,10.0,0.7205882489681243,0.6862745,2202.3,957.0,False,50.66831589486673,-114.72696701554246,,-1,100.0,0.0
Act 2,s1,34,9,9.0,0.8213507797982957,0.6862745,2083.4444444444443,926.6666666666666,False,51.611259053599525,-115.53180357799685,,-1,100.0,0.0
Act 2,s1,58,8,8.0,0.9276960790157318,0.8039216,2250.875,947.125,False,50.245600672137094,-114.72917782292454,,-1,100.0,0.0
Act 2,s1,52,8,8.0,0.8455882519483566,0.7058824,2206.625,945.75,False,50.613225273229325,-114.87855299611019,,-1,100.0,0.0
Act 2,s1,73,7,7.0,0.8599439859390259,0.7058824,2411.1428571428573,1012.4285714285714,False,49.01120334152005,-113.34833518557177,,-1,100.0,0.0
Act 2,s1,47,7,7.0,0.843137264251709,0.7254902,2189.285714285714,949.7142857142857,False,50.76495000622799,-114.87174982156338,,-1,100.0,0.0
Act 2,s1,20,7,7.0,0.7268907683236259,0.7058824,1970.142857142857,870.1428571428571,False,52.45807473191576,-116.74155592886821,,-1,0.0,7.0
Act 2,s1,37,6,6.0,0.8169934749603271,0.7058824,2126.5,943.0,False,51.279017837975786,-115.15808356299252,,-1,100.0,0.0
Act 2,s1,3,6,6.0,0.7467320362726847,0.7058824,1761.1666666666667,740.1666666666666,False,53.9491887695511,-119.47284855486373,,-1,16.666666666666668,5.0
Act 2,s1,61,6,6.0,0.730392187833786,0.7058824,2268.8333333333335,953.6666666666666,False,50.10641475370452,-114.58257802820165,,-1,33.333333333333336,4.0
Act 2,s1,33,6,6.0,0.7189542651176453,0.6862745,2060.0,929.8333333333334,False,51.81320535813784,-115.55763007377831,,-1,100.0,0.0
Act 2,s1,72,5,5.0,0.943137264251709,0.7156863,2409.6,998.8,False,49.00289555100531,-113.54614257315465,,-1,100.0,0.0
Act 2,s1,74,4,4.0,0.9901960790157318,0.9607843,2410.5,1006.5,False,49.007382647343654,-113.43431588028216,,-1,100.0,0.0
Act 2,s1,15,4,4.0,0.8504902124404907,0.754902,1937.0,919.75,False,52.827088532162726,-116.10175929653279,,-1,100.0,0.0
Act 2,s1,43,4,4.0,0.8063725531101227,0.7254902,2170.75,955.25,False,50.929401860106005,-114.84538363528871,,-1,100.0,0.0
Act 2,s1,41,3,3.0,1.0,1.0,2163.6666666666665,937.6666666666666,False,50.958809255668996,-115.12459383792073,,-1,100.0,0.0
Act 2,s1,5,3,3.0,0.9379084904988607,0.8137255,1833.3333333333333,729.3333333333334,False,53.32323401759753,-119.36030859512033,,-1,100.0,0.0
Act 2,s1,57,3,3.0,0.8496732115745544,0.8137255,2246.0,948.0,False,50.28780995531536,-114.73064155014718,,-1,100.0,0.0
Act 2,s1,65,3,3.0,0.8333333532015482,0.754902,2331.0,943.6666666666666,False,49.57059908556306,-114.54898892819165,,-1,66.66666666666667,1.0
Act 2,s1,39,3,3.0,0.7614379326502482,0.7352941,2149.0,934.0,False,51.075228738794685,-115.22265659962362,,-1,100.0,0.0
Act 2,s1,27,3,3.0,0.741830070813497,0.7254902,2009.6666666666667,901.6666666666666,False,52.184815278557586,-116.1383171051772,,-1,0.0,3.0
Act 2,s1,24,3,3.0,0.7189542651176453,0.7058824,1980.0,865.6666666666666,False,52.36719385257635,-116.77585794115821,,-1,0.0,3.0
Act 2,s1,32,3,3.0,0.7091503540674845,0.7058824,2051.6666666666665,928.0,False,51.87981905600537,-115.61099945588289,,-1,100.0,0.0
Act 2,s1,31,2,2.0,1.0,1.0,2045.0,853.5,False,51.80087379459636,-116.7415258841357,,-1,100.0,0.0
Act 2,s1,28,2,2.0,0.9803921580314636,0.9607843,2011.5,828.0,False,52.03281439472029,-117.23316838230447,,-1,50.0,1.0
Act 2,s1,36,2,2.0,0.843137264251709,0.7941177,2113.5,941.0,False,51.38444035890442,-115.22707587289113,,-1,100.0,0.0
Act 2,s1,71,2,2.0,0.7990196049213409,0.7058824,2408.0,1008.5,False,49.03138351612358,-113.41248674517,,-1,100.0,0.0
Act 2,s1,18,2,2.0,0.7696078717708588,0.7058824,1959.5,888.0,False,52.58033315016004,-116.50801071823523,,-1,100.0,0.0
Act 2,s1,21,2,2.0,0.7205882668495178,0.7156863,1970.5,865.0,False,52.44548937403452,-116.81770010061321,,-1,0.0,2.0
Act 2,s1,22,2,2.0,0.7205882370471954,0.7058824,1973.5,866.0,False,52.422237262993654,-116.79260824625204,,-1,0.0,2.0
Act 2,s1,49,2,2.0,0.7156863212585449,0.7156863,2195.5,952.5,False,50.717654229485554,-114.81268888097745,,-1,100.0,0.0
Act 2,s1,14,2,2.0,0.7107843458652496,0.7058824,1929.5,871.0,False,52.8002310093767,-116.86539869569077,,-1,100.0,0.0
Act 2,s1,23,2,2.0,0.7107843458652496,0.7058824,1978.5,861.5,False,52.37196866478526,-116.84344101234079,,-1,0.0,2.0
Act 2,s1,6,2,2.0,0.5343137383460999,0.28431374,1836.5,729.0,False,53.29610064483124,-119.35327551343944,,-1,50.0,1.0
Act 2,s1,11,1,1.0,1.0,1.0,1908.0,773.0,False,52.789593958718385,-118.42121218860908,,-1,100.0,0.0
Act 2,s1,25,1,1.0,1.0,1.0,1990.0,806.0,False,52.17010134206447,-117.6350895334778,,-1,100.0,0.0
Act 2,s1,26,1,1.0,1.0,1.0,2009.0,826.0,False,52.049887955150915,-117.27147638979032,,-1,100.0,0.0
Act 2,s1,44,1,1.0,1.0,1.0,2173.0,949.0,False,50.90000864179758,-114.93042929951797,,-1,100.0,0.0
Act 2,s1,8,1,1.0,0.9803921580314636,0.98039216,1902.0,776.0,False,52.84574249381554,-118.39776343605566,,-1,100.0,0.0
Act 2,s1,53,1,1.0,0.9803921580314636,0.98039216,2218.0,947.0,False,50.520212145927914,-114.82689970102477,,-1,100.0,0.0
Act 2,s1,54,1,1.0,0.9215686321258545,0.92156863,2220.0,948.0,False,50.50517071617884,-114.80647154221852,,-1,100.0,0.0
Act 2,s1,67,1,1.0,0.9215686321258545,0.92156863,2361.0,946.0,False,49.32404743648388,-114.43089117172278,,-1,100.0,0.0
Act 2,s1,46,1,1.0,0.9019607901573181,0.9019608,2177.0,921.0,False,50.818645021296646,-115.32867878696733,,-1,100.0,0.0
Act 2,s1,69,1,1.0,0.8823529481887817,0.88235295,2405.0,995.0,False,49.035372308042525,-113.61242140980052,,-1,100.0,0.0
Act 2,s1,70,1,1.0,0.8725490570068359,0.87254906,2406.0,993.0,False,49.023875169738474,-113.63817830559098,,-1,100.0,0.0
Act 2,s1,55,1,1.0,0.843137264251709,0.84313726,2220.0,960.0,False,50.52524976487369,-114.63161334554621,,-1,100.0,0.0
Act 2,s1,40,1,1.0,0.8235294222831726,0.8235294,2149.0,919.0,False,51.0492797507608,-115.44315692021941,,-1,100.0,0.0
Act 2,s1,38,1,1.0,0.813725471496582,0.8137255,2144.0,939.0,False,51.12565888952359,-115.16418532505722,,-1,100.0,0.0
Act 2,s1,66,1,1.0,0.7647058963775635,0.7647059,2332.0,940.0,False,49.556177235651994,-114.59867104290988,,-1,0.0,1.0
Act 2,s1,10,1,1.0,0.7450980544090271,0.74509805,1907.0,850.0,False,52.94905356948275,-117.2605487967171,,-1,100.0,0.0
Act 2,s1,48,1,1.0,0.7450980544090271,0.74509805,2189.0,956.0,False,50.77792476376594,-114.78058669554588,,-1,100.0,0.0
Act 2,s1,64,1,1.0,0.7450980544090271,0.74509805,2324.0,940.0,False,49.62295368851514,-114.62147105479842,,-1,0.0,1.0
Act 2,s1,50,1,1.0,0.7352941036224365,0.7352941,2199.0,954.0,False,50.69089393511784,-114.78047805742175,,-1,100.0,0.0
Act 2,s1,17,1,1.0,0.7254902124404907,0.7254902,1952.0,774.0,False,52.424318541565455,-118.24747903735816,,-1,100.0,0.0
Act 2,s1,62,1,1.0,0.7254902124404907,0.7254902,2310.0,960.0,False,49.77287770954936,-114.37396460886738,,-1,0.0,1.0
Act 2,s1,68,1,1.0,0.7156863212585449,0.7156863,2403.0,999.0,False,49.058355001134785,-113.56087571945314,,-1,100.0,0.0
Act 2,s2,54,847,847.0,0.9084890185390218,0.009803922,1969.3057851239669,881.0767414403778,True,52.4853719139144,-116.57980872299716,SE of Jasper National Park Of Canada (52.6°N 116.6°W),8,75.5608028335301,207.0
Act 2,s2,88,626,626.0,0.843058954564313,0.019607844,2055.247603833866,923.7332268370607,True,51.842298913684864,-115.66339872672147,NE of Banff National Park Of Canada (51.9°N 115.7°W),8,54.153354632587856,287.0
Act 2,s2,110,267,267.0,0.8596974428645457,0.05882353,2181.6554307116103,953.1460674157304,True,50.83458313762173,-114.84402063920908,SE of Don Getty Wildland (50.8°N 114.8°W),7,53.18352059925093,125.0
Act 2,s2,84,264,264.0,0.8135398146131951,0.039215688,2029.7689393939395,902.0757575757576,True,52.01715035292404,-116.06743944225052,N of Banff National Park Of Canada (52.0°N 116.0°W),8,66.66666666666667,88.0
Act 2,s2,48,236,236.0,0.9020023306800147,0.14705883,1925.8940677966102,861.478813559322,True,52.812531756829564,-117.02175138094267,W of Brazeau Canyon Wildland (52.8°N 117.0°W),8,61.016949152542374,92.0
Act 2,s2,120,197,197.0,0.8508012426383604,0.24509805,2238.0507614213197,956.5329949238578,True,50.36850868003212,-114.62976648140352,S of Don Getty Wildland (50.4°N 114.6°W),6,36.54822335025381,125.0
Act 2,s2,157,169,169.0,0.8262559518041696,0.09803922,2400.9289940828403,996.3668639053254,True,49.0715314303764,-113.6038613951752,E of Waterton Lakes National Park Of Canada (49.1°N 113.6°W),3,37.8698224852071,105.0
Act 2,s2,125,92,92.0,0.9549232760201329,0.6666667,2267.413043478261,948.5217391304348,False,50.109727683126216,-114.66109427672912,,-1,94.56521739130434,5.0
Act 2,s2,99,67,67.0,0.9022534445150575,0.46078432,2107.134328358209,942.3880597014926,True,51.44014520325199,-115.22590648781875,Don Getty Wildland vicinity (51.4°N 115.2°W),9,62.6865671641791,25.0
Act 2,s2,42,66,66.0,0.9226084419272162,0.4117647,1889.3484848484848,838.2575757575758,True,53.074390446390346,-117.50024136086768,NE of Jasper National Park Of Canada (53.1°N 117.5°W),10,77.27272727272727,15.0
Act 2,s2,163,41,41.0,0.8005738910741922,0.0,2409.170731707317,1013.5121951219512,True,49.02936379765879,-113.33811395968091,E of Waterton Lakes National Park Of Canada (49.0°N 113.3°W),3,56.09756097560975,18.0
Act 2,s2,21,39,39.0,0.8320764303207397,0.15686275,1764.179487179487,833.5897435897435,True,54.11561140855805,-118.02029922332095,SE of Upper Smoky SRP planning area (54.1°N 118.0°W),1,10.256410256410257,35.0
Act 2,s2,81,32,32.0,0.9687500018626451,0.4901961,2006.03125,861.65625,False,52.14187004714852,-116.74913111507932,,-1,100.0,0.0
Act 2,s2,26,31,31.0,0.6331435917846618,0.039215688,1771.0645161290322,741.2903225806451,True,53.86875285364806,-119.41719973837105,Upper Smoky Nature-First zone vicinity (53.9°N 119.4°W),2,38.70967741935484,19.0
Act 2,s2,136,30,30.0,0.6836601386467616,0.12745099,2287.633333333333,947.3666666666667,True,49.93887060918184,-114.61959937898384,W of Bob Creek Wildland (49.9°N 114.6°W),4,56.666666666666664,13.0
Act 2,s2,45,29,29.0,0.8647735041790995,0.0882353,1906.5172413793102,845.7241379310345,False,52.944912725161345,-117.32705254781953,,-1,72.41379310344827,8.0
Act 2,s2,56,27,27.0,0.7694262956027631,0.21568628,1937.4074074074074,917.5555555555555,True,52.8196960155776,-116.13371359552801,E of Brazeau Canyon Wildland (52.8°N 116.1°W),11,33.333333333333336,18.0
Act 2,s2,133,24,24.0,0.7279411889612675,0.15686275,2271.1666666666665,969.7916666666666,True,50.11349873910624,-114.34256418876446,S of Don Getty Wildland (50.1°N 114.3°W),5,8.333333333333334,22.0
Act 2,s2,92,18,18.0,0.9765795204374526,0.78431374,2057.4444444444443,907.8888888888889,False,51.795803243074786,-115.89246196943829,,-1,100.0,0.0
Act 2,s2,74,18,18.0,0.9705882337358263,0.7254902,1971.8333333333333,856.0555555555555,False,52.417560131214536,-116.94763955647491,,-1,100.0,0.0
Act 2,s2,129,14,14.0,0.8207283020019531,0.38235295,2260.0714285714284,956.2142857142857,False,50.18387564262718,-114.57087570436305,,-1,57.142857142857146,6.0
Act 2,s2,22,14,14.0,0.6456582729837724,0.0,1760.7857142857142,850.1428571428571,True,54.176884711676095,-117.77619898789169,SE of Upper Smoky SRP planning area (54.2°N 117.8°W),1,0.0,14.0
Act 2,s2,32,13,13.0,0.9366515874862671,0.74509805,1782.6923076923076,846.7692307692307,False,53.986043447173564,-117.74917742667468,,-1,53.84615384615385,6.0
Act 2,s2,19,13,13.0,0.780543001798483,0.7058824,1752.0,743.3076923076923,False,54.032547328883616,-119.46016550013914,,-1,100.0,0.0
Act 2,s2,101,11,11.0,0.8529411852359772,0.39215687,2128.4545454545455,976.5454545454545,False,51.319452266142775,-114.65649548531051,,-1,27.272727272727273,8.0
Act 2,s2,62,11,11.0,0.8333333405581388,0.5,1949.090909090909,922.9090909090909,False,52.73124513210173,-116.01450927832876,,-1,18.181818181818183,9.0
Act 2,s2,100,10,10.0,0.9725490212440491,0.8137255,2126.5,943.1,False,51.27918938904217,-115.1566070671134,,-1,80.0,2.0
Act 2,s2,85,10,10.0,0.7999999985098839,0.2254902,2024.2,865.3,False,51.99664827940305,-116.63453809670683,,-1,80.0,2.0
Act 2,s2,83,9,9.0,0.8409586217668321,0.5882353,2018.2222222222222,925.7777777777778,False,52.156258284301956,-115.74956918878897,,-1,11.11111111111111,8.0
Act 2,s2,23,9,9.0,0.8267973992559645,0.7058824,1763.6666666666667,844.8888888888889,False,54.14230250284158,-117.84718018388384,,-1,22.22222222222222,7.0
Act 2,s2,114,8,8.0,0.9583333432674408,0.8333334,2206.625,945.75,False,50.613225273229325,-114.87855299611019,,-1,100.0,0.0
Act 2,s2,38,8,8.0,0.8909313902258873,0.7156863,1851.5,868.75,False,53.45045073043494,-117.16730820877991,,-1,25.0,6.0
Act 2,s2,70,8,8.0,0.887254923582077,0.7254902,1957.25,917.875,False,52.653672215579846,-116.06419431786047,,-1,37.5,5.0
Act 2,s2,144,8,8.0,0.8553921654820442,0.57843137,2317.75,961.625,False,49.710792917073945,-114.3287555525044,,-1,25.0,6.0
Act 2,s2,86,8,8.0,0.8504902049899101,0.5686275,2028.5,947.625,False,52.10842381341931,-115.38983357266304,,-1,25.0,6.0
Act 2,s2,39,8,8.0,0.8394607827067375,0.42156863,1862.0,831.375,False,53.29021387170205,-117.70150538558933,,-1,0.0,8.0
Act 2,s2,15,8,8.0,0.8210784420371056,0.7058824,1745.0,819.375,False,54.24834833540886,-118.31132066527834,,-1,0.0,8.0
Act 2,s2,143,8,8.0,0.8051470667123795,0.64705884,2316.625,958.625,False,49.71527782630378,-114.37503683367223,,-1,62.5,3.0
Act 2,s2,12,8,8.0,0.6629902003332973,0.10784314,1736.625,862.0,False,54.40354596369551,-117.67951071632672,,-1,12.5,7.0
Act 2,s2,137,7,7.0,0.8179271817207336,0.5882353,2300.0,993.0,False,49.909947704572005,-113.92636115669055,,-1,14.285714285714286,6.0
Act 2,s2,115,7,7.0,0.8179271732057843,0.7156863,2215.285714285714,959.7142857142857,False,50.5642107346089,-114.64947365022651,,-1,0.0,7.0
Act 2,s2,4,6,6.0,0.9379085004329681,0.7647059,1597.3333333333333,748.8333333333334,False,55.34211617632594,-119.99019796839845,,-1,16.666666666666668,5.0
Act 2,s2,17,6,6.0,0.8611111243565878,0.7156863,1749.0,797.8333333333334,False,54.17104507294768,-118.6300414280438,,-1,0.0,6.0
Act 2,s2,63,6,6.0,0.7630719045797983,0.627451,1949.5,933.8333333333334,False,52.7473899900829,-115.84768077466133,,-1,0.0,6.0
Act 2,s2,138,6,6.0,0.7549019753932953,0.6666667,2301.5,950.6666666666666,False,49.82851245310823,-114.5323914451492,,-1,16.666666666666668,5.0
Act 2,s2,24,6,6.0,0.7385621070861816,0.7058824,1767.8333333333333,841.0,False,54.09958806309277,-117.89225113016144,,-1,0.0,6.0
Act 2,s2,59,6,6.0,0.6960784494876862,0.38235295,1944.1666666666667,926.8333333333334,False,52.77965833436706,-115.97101963946781,,-1,0.0,6.0
Act 2,s2,152,5,5.0,0.9470588326454162,0.754902,2355.8,959.8,False,49.390023608292815,-114.2483910797181,,-1,40.0,3.0
Act 2,s2,119,5,5.0,0.9313725471496582,0.8137255,2222.2,978.6,False,50.53759323866178,-114.3540346260491,,-1,20.0,4.0
Act 2,s2,105,5,5.0,0.8921568751335144,0.7156863,2149.4,934.0,False,51.07188191414325,-115.22144717027794,,-1,60.0,2.0
Act 2,s2,87,5,5.0,0.8823529481887817,0.7254902,2028.2,875.8,False,51.98253077306494,-116.46478186897238,,-1,80.0,1.0
Act 2,s2,64,5,5.0,0.8745098233222961,0.7156863,1950.4,901.8,False,52.6819741814737,-116.32966559721048,,-1,20.0,4.0
Act 2,s2,121,5,5.0,0.8235294342041015,0.7058824,2232.8,973.8,False,50.440997965214464,-114.39367002904089,,-1,0.0,5.0
Act 2,s2,34,4,4.0,0.9877451062202454,0.9509804,1833.0,729.25,False,53.3258416430932,-119.36284849564291,,-1,100.0,0.0
Act 2,s2,7,4,4.0,0.9607843160629272,0.88235295,1719.25,827.25,False,54.48073716918894,-118.28483389589368,,-1,25.0,3.0
Act 2,s2,95,4,4.0,0.9534313827753067,0.8333334,2068.5,937.5,False,51.75537047089305,-115.41704366426664,,-1,50.0,2.0
Act 2,s2,27,4,4.0,0.8823529481887817,0.7647059,1772.75,845.25,False,54.066637319024245,-117.8086201799002,,-1,0.0,4.0
Act 2,s2,51,4,4.0,0.8823529481887817,0.7352941,1928.25,947.25,False,52.94988909090382,-115.71225302275153,,-1,50.0,2.0
Act 2,s2,123,4,4.0,0.8235294222831726,0.7647059,2248.5,959.5,False,50.286064917509016,-114.5565139885054,,-1,0.0,4.0
Act 2,s2,107,4,4.0,0.6004902273416519,0.28431374,2149.0,968.5,False,51.13380942117114,-114.71470819317176,,-1,0.0,4.0
Act 2,s2,111,3,3.0,1.0,1.0,2163.6666666666665,937.6666666666666,False,50.958809255668996,-115.12459383792073,,-1,100.0,0.0
Act 2,s2,112,3,3.0,1.0,1.0,2171.0,937.0,False,50.89632193099998,-115.11237849992878,,-1,100.0,0.0
Act 2,s2,153,3,3.0,1.0,1.0,2362.0,946.0,False,49.315701959408386,-114.42808219810634,,-1,100.0,0.0
Act 2,s2,117,3,3.0,0.9248365958531698,0.7745098,2219.0,947.3333333333334,False,50.51241134706131,-114.81911216895642,,-1,66.66666666666667,1.0
Act 2,s2,72,3,3.0,0.9215686321258545,0.7647059,1959.3333333333333,902.6666666666666,False,52.608611549448135,-116.28720186703016,,-1,0.0,3.0
Act 2,s2,149,3,3.0,0.9084967374801636,0.754902,2331.0,944.0,False,49.5711505342845,-114.54421298261504,,-1,66.66666666666667,1.0
Act 2,s2,162,3,3.0,0.9084967374801636,0.7254902,2404.6666666666665,989.0,False,49.02871243954603,-113.69860507051617,,-1,33.333333333333336,2.0
Act 2,s2,89,3,3.0,0.9052287737528483,0.7156863,2040.3333333333333,896.6666666666666,False,51.918940160861865,-116.11424631298271,,-1,100.0,0.0
Act 2,s2,140,3,3.0,0.898692806561788,0.8039216,2306.0,943.6666666666666,False,49.77932558647718,-114.62025297399244,,-1,100.0,0.0
Act 2,s2,9,3,3.0,0.8594771226247152,0.7745098,1724.3333333333333,730.3333333333334,False,54.23651617275554,-119.76878719299046,,-1,33.333333333333336,2.0
Act 2,s2,78,3,3.0,0.8366012970606486,0.7745098,1984.3333333333333,908.6666666666666,False,52.4098190064898,-116.11520303568653,,-1,0.0,3.0
Act 2,s2,134,3,3.0,0.8137255112330118,0.7058824,2270.0,954.0,False,50.097217591304926,-114.57440557854736,,-1,66.66666666666667,1.0
Act 2,s2,49,3,3.0,0.7712418635686239,0.7156863,1916.0,876.0,False,52.922807722532404,-116.83536545163612,,-1,0.0,3.0
Act 2,s2,14,3,3.0,0.7679738998413086,0.7156863,1739.0,814.0,False,54.28791077559858,-118.41707269581048,,-1,0.0,3.0
Act 2,s2,25,3,3.0,0.7450980742772421,0.7156863,1766.3333333333333,859.3333333333334,False,54.14822143515032,-117.61365121779026,,-1,0.0,3.0
Act 2,s2,6,3,3.0,0.728758176167806,0.6960784,1683.0,727.0,False,54.57551659508322,-119.9852126912005,,-1,0.0,3.0
Act 2,s2,41,3,3.0,0.7222222487131754,0.7058824,1871.3333333333333,833.3333333333334,False,53.215804522211045,-117.63857862904182,,-1,0.0,3.0
Act 2,s2,90,2,2.0,1.0,1.0,2045.0,853.5,False,51.80087379459636,-116.7415258841357,,-1,100.0,0.0
Act 2,s2,66,2,2.0,0.9950980544090271,0.9901961,1951.5,774.0,False,52.42849037170549,-118.24926957894533,,-1,50.0,1.0
Act 2,s2,79,2,2.0,0.9754902124404907,0.9509804,1988.5,895.0,False,52.35008525571242,-116.30715511869421,,-1,50.0,1.0
Act 2,s2,158,2,2.0,0.9607843160629272,0.92156863,2384.0,981.5,False,49.18945221035725,-113.86115791350502,,-1,0.0,2.0
Act 2,s2,102,2,2.0,0.9019607901573181,0.8039216,2143.5,939.0,False,51.12984358455909,-115.16569419749274,,-1,100.0,0.0
Act 2,s2,145,2,2.0,0.8970588445663452,0.7941177,2316.5,997.0,False,49.77831963029216,-113.82328656810066,,-1,0.0,2.0
Act 2,s2,18,2,2.0,0.8872548937797546,0.7745098,1750.5,869.5,False,54.30132542700705,-117.51267858608513,,-1,50.0,1.0
Act 2,s2,82,2,2.0,0.8872548937797546,0.7745098,2004.5,945.5,False,52.30613772264189,-115.49670188342805,,-1,50.0,1.0
Act 2,s2,3,2,2.0,0.8578431606292725,0.7156863,1593.5,763.0,False,55.40506680291636,-119.78209716124013,,-1,50.0,1.0
Act 2,s2,156,2,2.0,0.8578431606292725,0.8039216,2382.5,977.0,False,49.19480023759525,-113.92936296140101,,-1,0.0,2.0
Act 2,s2,93,2,2.0,0.8480392396450043,0.74509805,2060.5,948.0,False,51.8406561379969,-115.28524762155556,,-1,0.0,2.0
Act 2,s2,154,2,2.0,0.8382352888584137,0.7352941,2379.5,974.5,False,49.21585373431574,-113.97318452469626,,-1,0.0,2.0
Act 2,s2,75,2,2.0,0.8235294222831726,0.7058824,1975.5,920.5,False,52.50522322167857,-115.96548461563572,,-1,0.0,2.0
Act 2,s2,61,2,2.0,0.7990196347236633,0.7941177,1945.0,865.5,False,52.66000919125207,-116.8960752110768,,-1,0.0,2.0
Act 2,s2,76,2,2.0,0.7990196049213409,0.7745098,1978.5,956.0,False,52.54286376235698,-115.42001056077721,,-1,0.0,2.0
Act 2,s2,37,2,2.0,0.779411792755127,0.754902,1843.0,832.5,False,53.45171767297097,-117.7520091773125,,-1,0.0,2.0
Act 2,s2,128,2,2.0,0.7745098173618317,0.74509805,2255.5,966.0,False,50.238274497902616,-114.44211707900354,,-1,0.0,2.0
Act 2,s2,65,2,2.0,0.7647058963775635,0.754902,1949.5,910.5,False,52.70537570580849,-116.20102728399601,,-1,0.0,2.0
Act 2,s2,147,2,2.0,0.7647058963775635,0.7058824,2321.5,958.0,False,49.6735318125308,-114.37027020823511,,-1,0.0,2.0
Act 2,s2,116,2,2.0,0.7598039507865906,0.7254902,2213.0,972.5,False,50.60455451533135,-114.46948258342806,,-1,0.0,2.0
Act 2,s2,131,2,2.0,0.7401961088180542,0.7254902,2261.5,952.0,False,50.16493394767659,-114.62780454486989,,-1,0.0,2.0
Act 2,s2,127,2,2.0,0.7156862914562225,0.7058824,2252.5,965.0,False,50.261713261864365,-114.46520757840705,,-1,0.0,2.0
Act 2,s2,69,2,2.0,0.7107843458652496,0.7058824,1955.0,865.5,False,52.57623578065637,-116.86230871482574,,-1,0.0,2.0
Act 2,s2,36,2,2.0,0.5,0.0,1836.5,729.0,False,53.29610064483124,-119.35327551343944,,-1,50.0,1.0
Act 2,s2,1,1,1.0,1.0,1.0,1580.0,753.0,False,55.49704536904282,-119.99519641110096,,-1,0.0,1.0
Act 2,s2,2,1,1.0,1.0,1.0,1593.0,750.0,False,55.381108569785496,-119.98947130900333,,-1,0.0,1.0
Act 2,s2,46,1,1.0,1.0,1.0,1908.0,773.0,False,52.789593958718385,-118.42121218860908,,-1,100.0,0.0
Act 2,s2,67,1,1.0,1.0,1.0,1953.0,897.0,False,52.65137858840378,-116.39364267166206,,-1,100.0,0.0
Act 2,s2,106,1,1.0,1.0,1.0,2149.0,919.0,False,51.0492797507608,-115.44315692021941,,-1,100.0,0.0
Act 2,s2,113,1,1.0,1.0,1.0,2177.0,921.0,False,50.818645021296646,-115.32867878696733,,-1,100.0,0.0
Act 2,s2,118,1,1.0,1.0,1.0,2220.0,960.0,False,50.52524976487369,-114.63161334554621,,-1,100.0,0.0
Act 2,s2,161,1,1.0,1.0,1.0,2401.0,1010.0,False,49.092220998379034,-113.40964506799088,,-1,0.0,1.0
Act 2,s2,58,1,1.0,0.9901961088180542,0.9901961,1941.0,924.0,False,52.80116124951815,-116.0242626500389,,-1,0.0,1.0
Act 2,s2,44,1,1.0,0.970588207244873,0.9705882,1902.0,776.0,False,52.84574249381554,-118.39776343605566,,-1,100.0,0.0
Act 2,s2,31,1,1.0,0.9215686321258545,0.92156863,1776.0,842.0,False,54.03291209101267,-117.84710526111326,,-1,0.0,1.0
Act 2,s2,10,1,1.0,0.9117647409439087,0.91176474,1725.0,822.0,False,54.42177923549105,-118.34510286653347,,-1,0.0,1.0
Act 2,s2,103,1,1.0,0.9117647409439087,0.91176474,2143.0,943.0,False,51.14088061614157,-115.10829621028277,,-1,0.0,1.0
Act 2,s2,28,1,1.0,0.8921568393707275,0.89215684,1773.0,766.0,False,53.904260073521336,-119.03013786458588,,-1,0.0,1.0
Act 2,s2,35,1,1.0,0.8725490570068359,0.87254906,1833.0,833.0,False,53.53657568476139,-117.78012712123724,,-1,0.0,1.0
Act 2,s2,52,1,1.0,0.8725490570068359,0.87254906,1929.0,913.0,False,52.88203213007521,-116.2304166741765,,-1,0.0,1.0
Act 2,s2,108,1,1.0,0.8725490570068359,0.87254906,2152.0,927.0,False,51.03806114089365,-115.31647024465273,,-1,0.0,1.0
Act 2,s2,151,1,1.0,0.8725490570068359,0.87254906,2346.0,974.0,False,49.494877818032485,-114.07243671582513,,-1,0.0,1.0
Act 2,s2,159,1,1.0,0.8725490570068359,0.87254906,2385.0,979.0,False,49.17711430866086,-113.89405747971807,,-1,0.0,1.0
Act 2,s2,148,1,1.0,0.8529411554336548,0.85294116,2326.0,941.0,False,49.607918906653616,-114.60143050468072,,-1,100.0,0.0
Act 2,s2,71,1,1.0,0.843137264251709,0.84313726,1958.0,863.0,False,52.54642159113553,-116.88985693156953,,-1,100.0,0.0
Act 2,s2,109,1,1.0,0.8333333730697632,0.8333334,2154.0,963.0,False,51.08269575343653,-114.78096969308055,,-1,0.0,1.0
Act 2,s2,5,1,1.0,0.8235294222831726,0.8235294,1610.0,745.0,False,55.22726394842709,-119.99897452374897,,-1,0.0,1.0
Act 2,s2,29,1,1.0,0.8235294222831726,0.8235294,1773.0,827.0,False,54.02837739371718,-118.0898894633328,,-1,0.0,1.0
Act 2,s2,126,1,1.0,0.8235294222831726,0.8235294,2249.0,974.0,False,50.305788517695476,-114.34452568198456,,-1,0.0,1.0
Act 2,s2,80,1,1.0,0.813725471496582,0.8137255,1990.0,897.0,False,52.34115740668957,-116.27220557828014,,-1,0.0,1.0
Act 2,s2,47,1,1.0,0.8039215803146362,0.8039216,1912.0,909.0,False,53.01751630968829,-116.34737096007463,,-1,0.0,1.0
Act 2,s2,91,1,1.0,0.8039215803146362,0.8039216,2050.0,906.0,False,51.85476422291203,-115.9442316067391,,-1,100.0,0.0
Act 2,s2,130,1,1.0,0.8039215803146362,0.8039216,2260.0,993.0,False,50.24463291826148,-114.03754208424346,,-1,0.0,1.0
Act 2,s2,155,1,1.0,0.7941176891326904,0.7941177,2380.0,989.0,False,49.234782838280296,-113.76507591651479,,-1,0.0,1.0
Act 2,s2,135,1,1.0,0.7745097875595093,0.7745098,2279.0,974.0,False,50.05487701289133,-114.25951420913454,,-1,0.0,1.0
Act 2,s2,160,1,1.0,0.7745097875595093,0.7745098,2385.0,996.0,False,49.204057895358375,-113.65176723834378,,-1,0.0,1.0
Act 2,s2,33,1,1.0,0.7647058963775635,0.7647059,1830.0,835.0,False,53.565667191029995,-117.76022984949752,,-1,0.0,1.0
Act 2,s2,43,1,1.0,0.7647058963775635,0.7647059,1900.0,887.0,False,53.07763046853635,-116.72237091577816,,-1,0.0,1.0
Act 2,s2,20,1,1.0,0.7549020051956177,0.754902,1757.0,783.0,False,54.07350027907169,-118.82904950052655,,-1,0.0,1.0
Act 2,s2,53,1,1.0,0.7549020051956177,0.754902,1931.0,909.0,False,52.857948687455,-116.28453718565561,,-1,0.0,1.0
Act 2,s2,97,1,1.0,0.7549020051956177,0.754902,2084.0,949.0,False,51.64536818026617,-115.19833798139572,,-1,0.0,1.0
Act 2,s2,98,1,1.0,0.7549020051956177,0.754902,2097.0,934.0,False,51.51051826081778,-115.3811708038677,,-1,0.0,1.0
Act 2,s2,150,1,1.0,0.7549020051956177,0.754902,2336.0,964.0,False,49.56221606013947,-114.24350603518188,,-1,0.0,1.0
Act 2,s2,11,1,1.0,0.7450980544090271,0.74509805,1733.0,828.0,False,54.366583900967285,-118.22198223855042,,-1,0.0,1.0
Act 2,s2,50,1,1.0,0.7450980544090271,0.74509805,1918.0,910.0,False,52.968946992874805,-116.31228427499497,,-1,0.0,1.0
Act 2,s2,55,1,1.0,0.7450980544090271,0.74509805,1935.0,902.0,False,52.81157022991578,-116.37747395320261,,-1,0.0,1.0
Act 2,s2,139,1,1.0,0.7450980544090271,0.74509805,2303.0,970.0,False,49.84771716610418,-114.2497055364462,,-1,0.0,1.0
Act 2,s2,142,1,1.0,0.7450980544090271,0.74509805,2312.0,942.0,False,49.7264570758338,-114.62704469121424,,-1,100.0,0.0
Act 2,s2,8,1,1.0,0.7352941036224365,0.7352941,1719.0,717.0,False,54.252429080105394,-119.99589975821455,,-1,0.0,1.0
Act 2,s2,73,1,1.0,0.7352941036224365,0.7352941,1963.0,931.0,False,52.62894146396165,-115.84714924938507,,-1,0.0,1.0
Act 2,s2,96,1,1.0,0.7352941036224365,0.7352941,2083.0,963.0,False,51.677721000434026,-114.99315773427358,,-1,0.0,1.0
Act 2,s2,104,1,1.0,0.7352941036224365,0.7352941,2145.0,937.0,False,51.11385693982149,-115.19060744626644,,-1,0.0,1.0
Act 2,s2,60,1,1.0,0.7254902124404907,0.7254902,1944.0,887.0,False,52.70845132954789,-116.57464289000434,,-1,0.0,1.0
Act 2,s2,68,1,1.0,0.7254902124404907,0.7254902,1954.0,912.0,False,52.670328573179056,-116.16362186374343,,-1,0.0,1.0
Act 2,s2,122,1,1.0,0.7254902124404907,0.7254902,2242.0,957.0,False,50.33626336726043,-114.61156112994811,,-1,0.0,1.0
Act 2,s2,124,1,1.0,0.7254902124404907,0.7254902,2248.0,964.0,False,50.29769419981102,-114.49262042443401,,-1,0.0,1.0
Act 2,s2,57,1,1.0,0.7156863212585449,0.7156863,1941.0,886.0,False,52.7317595370667,-116.59977487309841,,-1,0.0,1.0
Act 2,s2,94,1,1.0,0.7156863212585449,0.7156863,2066.0,933.0,False,51.76847143403146,-115.49179210214902,,-1,0.0,1.0
Act 2,s2,141,1,1.0,0.7156863212585449,0.7156863,2305.0,992.0,False,49.86652506205227,-113.92698237821095,,-1,0.0,1.0
Act 2,s2,13,1,1.0,0.7058823704719543,0.7058824,1737.0,829.0,False,54.33495107977511,-118.1916021513915,,-1,0.0,1.0
Act 2,s2,16,1,1.0,0.7058823704719543,0.7058824,1748.0,747.0,False,54.07383735156417,-119.41884117288109,,-1,100.0,0.0
Act 2,s2,30,1,1.0,0.7058823704719543,0.7058824,1775.0,839.0,False,54.035393947829895,-117.89711980046665,,-1,0.0,1.0
Act 2,s2,40,1,1.0,0.7058823704719543,0.7058824,1870.0,857.0,False,53.27269608471624,-117.28252035275969,,-1,0.0,1.0
Act 2,s2,77,1,1.0,0.7058823704719543,0.7058824,1979.0,907.0,False,52.45153083526535,-116.1576107299398,,-1,0.0,1.0
Act 2,s2,132,1,1.0,0.7058823704719543,0.7058824,2264.0,976.0,False,50.18358680494204,-114.27293082894674,,-1,0.0,1.0
Act 2,s2,146,1,1.0,0.7058823704719543,0.7058824,2320.0,940.0,False,49.656344340332076,-114.63289176560238,,-1,0.0,1.0
Act 2,s2c,19,252,252.0,0.8181217032529059,0.16666667,1986.936507936508,882.8571428571429,True,52.34094603808431,-116.49469262464825,E of White Goat (52.2°N 116.5°W),1,94.84126984126983,13.0
Act 2,s2c,40,68,68.0,0.7825836286167888,0.11764706,2063.0,920.0,True,51.77076865517265,-115.69468233465103,NE of Banff National Park Of Canada (51.8°N 115.7°W),2,80.88235294117646,13.0
Act 2,s2c,34,49,49.0,0.7635054144324088,0.3137255,2040.8775510204082,921.0204081632653,False,51.957914125909234,-115.74909217919367,,-1,97.95918367346938,1.0
Act 2,s2c,10,40,40.0,0.9056372568011284,0.42156863,1917.025,850.175,False,52.86538758435759,-117.22327792865951,,-1,95.0,2.0
Act 2,s2c,14,40,40.0,0.7757353082299232,0.45098042,1956.225,873.925,False,52.58171059133894,-116.73119154748635,,-1,97.5,1.0
Act 2,s2c,5,37,37.0,0.8585055687943021,0.37254903,1890.6756756756756,838.8378378378378,False,53.064391354588956,-117.48677608262368,,-1,97.29729729729729,1.0
Act 2,s2c,12,35,35.0,0.8882352965218681,0.7058824,1929.857142857143,863.5142857142857,False,52.78316102558503,-116.97745124583024,,-1,100.0,0.0
Act 2,s2c,68,34,34.0,0.8861015088417951,0.6666667,2271.5588235294117,948.7058823529412,False,50.0753930265638,-114.64647966879565,,-1,100.0,0.0
Act 2,s2c,25,29,29.0,0.9087221108633896,0.61764705,2005.8275862068965,860.9310344827586,False,52.14222393284757,-116.76065176413334,,-1,100.0,0.0
Act 2,s2c,26,25,25.0,0.7509804093837738,0.23529413,2022.12,903.08,False,52.08302955840782,-116.07700621154711,,-1,96.0,1.0
Act 2,s2c,62,22,22.0,0.7433155206116763,0.6862745,2234.8636363636365,949.8636363636364,False,50.384022277138435,-114.73595900716397,,-1,100.0,0.0
Act 2,s2c,53,20,20.0,0.8313725538551807,0.16666667,2178.85,950.15,False,50.85300157084735,-114.89622280572277,,-1,90.0,2.0
Act 2,s2c,45,19,19.0,0.9071207517071774,0.7058824,2104.4210526315787,941.8421052631579,False,51.461931113346544,-115.24225867416374,,-1,100.0,0.0
Act 2,s2c,81,16,16.0,0.7365196165628731,0.0,2411.1875,1013.9375,False,49.01316297630238,-113.32676236652227,,-1,81.25,3.0
Act 2,s2c,39,13,13.0,0.9630467570745028,0.7254902,2057.846153846154,907.9230769230769,False,51.792500740193894,-115.89067984440479,,-1,100.0,0.0
Act 2,s2c,50,12,12.0,0.9419934749603271,0.754902,2167.1666666666665,946.8333333333334,False,50.94514944844171,-114.97957020558457,,-1,100.0,0.0
Act 2,s2c,37,12,12.0,0.8700980469584465,0.43137255,2043.9166666666667,909.0833333333334,False,51.91121955410024,-115.9176200735144,,-1,91.66666666666667,1.0
Act 2,s2c,8,12,12.0,0.8537581861019135,0.46078432,1907.8333333333333,844.4166666666666,False,52.93137851814948,-117.34230431432842,,-1,91.66666666666667,1.0
Act 2,s2c,23,11,11.0,0.8449197899211537,0.7058824,1972.6363636363637,855.2727272727273,False,52.40936677078586,-116.95668842723757,,-1,100.0,0.0
Act 2,s2c,17,10,10.0,0.9039215743541718,0.7058824,1955.4,882.9,False,52.605286005528825,-116.59857801391928,,-1,100.0,0.0
Act 2,s2c,36,9,9.0,0.8954248428344727,0.627451,2045.0,903.2222222222222,False,51.89165726298085,-116.00156443549385,,-1,100.0,0.0
Act 2,s2c,32,9,9.0,0.7821350892384847,0.7254902,2032.0,893.1111111111111,False,51.98228234551403,-116.19412591522797,,-1,100.0,0.0
Act 2,s2c,80,7,7.0,0.9075630392347064,0.7156863,2409.4285714285716,998.1428571428571,False,49.00329956882045,-113.55593727950254,,-1,100.0,0.0
Act 2,s2c,47,7,7.0,0.8053221447127206,0.6862745,2127.0,943.1428571428571,False,51.2750763093021,-115.15446197042985,,-1,100.0,0.0
Act 2,s2c,20,6,6.0,0.8823529581228892,0.7058824,1968.5,892.0,False,52.512236198778346,-116.41795150355016,,-1,100.0,0.0
Act 2,s2c,76,6,6.0,0.8627451062202454,0.754902,2405.5,994.0,False,49.02962422131121,-113.62530118652185,,-1,100.0,0.0
Act 2,s2c,65,5,5.0,0.9941176414489746,0.9705882,2250.2,946.6,False,50.25036345724958,-114.7387499699431,,-1,100.0,0.0
Act 2,s2c,13,5,5.0,0.9235294103622437,0.78431374,1937.4,920.0,False,52.82418094837703,-116.09666080407489,,-1,100.0,0.0
Act 2,s2c,54,5,5.0,0.8568627595901489,0.74509805,2188.4,949.6,False,50.77216720503449,-114.87603774531918,,-1,100.0,0.0
Act 2,s2c,28,5,5.0,0.7254902064800263,0.4509804,2023.8,875.8,False,52.01934743538078,-116.47918492360843,,-1,80.0,1.0
Act 2,s2c,82,4,4.0,1.0,1.0,2410.5,1006.5,False,49.007382647343654,-113.43431588028216,,-1,100.0,0.0
Act 2,s2c,44,4,4.0,0.8284313976764679,0.754902,2084.0,926.25,False,51.60587709120864,-115.53626474384956,,-1,100.0,0.0
Act 2,s2c,77,4,4.0,0.6617647111415863,0.48039216,2405.0,1012.5,False,49.06266120556588,-113.36349813044035,,-1,75.0,1.0
Act 2,s2c,49,3,3.0,1.0,1.0,2163.6666666666665,937.6666666666666,False,50.958809255668996,-115.12459383792073,,-1,100.0,0.0
Act 2,s2c,79,3,3.0,0.8823529481887817,0.78431374,2408.3333333333335,1008.6666666666666,False,49.02885631554255,-113.40923592254197,,-1,100.0,0.0
Act 2,s2c,57,3,3.0,0.8758170008659363,0.8039216,2207.0,945.3333333333334,False,50.60938596477964,-114.88352859109615,,-1,100.0,0.0
Act 2,s2c,27,3,3.0,0.7843137184778849,0.7254902,2022.3333333333333,896.6666666666666,False,52.06966422643887,-116.17222887203064,,-1,100.0,0.0
Act 2,s2c,63,3,3.0,0.7287581960360209,0.67647064,2241.0,949.0,False,50.33127773400151,-114.73065572465535,,-1,100.0,0.0
Act 2,s2c,2,2,2.0,1.0,1.0,1833.0,729.5,False,53.326366599814435,-119.3590502702143,,-1,100.0,0.0
Act 2,s2c,35,2,2.0,1.0,1.0,2040.5,897.0,False,51.91814590310411,-116.10874071807692,,-1,100.0,0.0
Act 2,s2c,70,2,2.0,1.0,1.0,2290.5,946.5,False,49.91348434461833,-114.62387005252906,,-1,100.0,0.0
Act 2,s2c,38,2,2.0,0.9166666865348816,0.8333334,2045.0,853.5,False,51.80087379459636,-116.7415258841357,,-1,100.0,0.0
Act 2,s2c,41,2,2.0,0.8578431606292725,0.7156863,2073.5,927.5,False,51.696010184837704,-115.55031524976157,,-1,100.0,0.0
Act 2,s2c,31,2,2.0,0.8529411554336548,0.8137255,2027.5,899.5,False,52.03151203597912,-116.11321878844379,,-1,100.0,0.0
Act 2,s2c,46,2,2.0,0.8284313976764679,0.754902,2113.5,941.0,False,51.38444035890442,-115.22707587289113,,-1,100.0,0.0
Act 2,s2c,75,2,2.0,0.8186274766921997,0.754902,2403.5,999.0,False,49.05417709063017,-113.55954303728308,,-1,100.0,0.0
Act 2,s2c,51,2,2.0,0.8039215803146362,0.78431374,2171.5,955.0,False,50.92270251567674,-114.84683537305546,,-1,100.0,0.0
Act 2,s2c,30,2,2.0,0.7990196347236633,0.7941177,2025.5,888.0,False,52.027421405151095,-116.29148258394562,,-1,100.0,0.0
Act 2,s2c,42,2,2.0,0.7843137383460999,0.7647059,2077.5,925.0,False,51.65812300787107,-115.57502513440735,,-1,100.0,0.0
Act 2,s2c,66,2,2.0,0.7696078419685364,0.7647059,2256.5,947.0,False,50.19838222916128,-114.71467641075725,,-1,100.0,0.0
Act 2,s2c,21,2,2.0,0.7549019753932953,0.7058824,1968.5,859.5,False,52.45193363987548,-116.90711704110124,,-1,100.0,0.0
Act 2,s2c,56,2,2.0,0.730392187833786,0.7058824,2202.5,959.0,False,50.66998913255667,-114.69715638767103,,-1,100.0,0.0
Act 2,s2c,52,1,1.0,1.0,1.0,2173.0,949.0,False,50.90000864179758,-114.93042929951797,,-1,100.0,0.0
Act 2,s2c,58,1,1.0,1.0,1.0,2218.0,947.0,False,50.520212145927914,-114.82689970102477,,-1,100.0,0.0
Act 2,s2c,67,1,1.0,1.0,1.0,2260.0,957.0,False,50.185775693245354,-114.55969740795733,,-1,100.0,0.0
Act 2,s2c,72,1,1.0,0.9607843160629272,0.9607843,2361.0,946.0,False,49.32404743648388,-114.43089117172278,,-1,100.0,0.0
Act 2,s2c,59,1,1.0,0.9215686321258545,0.92156863,2220.0,948.0,False,50.50517071617884,-114.80647154221852,,-1,100.0,0.0
Act 2,s2c,29,1,1.0,0.8921568393707275,0.89215684,2025.0,864.0,False,51.987551393829726,-116.65128558874308,,-1,100.0,0.0
Act 2,s2c,9,1,1.0,0.8627451062202454,0.8627451,1908.0,773.0,False,52.789593958718385,-118.42121218860908,,-1,100.0,0.0
Act 2,s2c,69,1,1.0,0.8529411554336548,0.85294116,2288.0,948.0,False,49.936860068135864,-114.60941383007719,,-1,100.0,0.0
Act 2,s2c,3,1,1.0,0.843137264251709,0.84313726,1837.0,729.0,False,53.29192713069307,-119.35136657559461,,-1,100.0,0.0
Act 2,s2c,60,1,1.0,0.8333333730697632,0.8333334,2220.0,960.0,False,50.52524976487369,-114.63161334554621,,-1,100.0,0.0
Act 2,s2c,1,1,1.0,0.8235294222831726,0.8235294,1781.0,849.0,False,54.00464599977142,-117.72080574382653,,-1,100.0,0.0
Act 2,s2c,64,1,1.0,0.7941176891326904,0.7941177,2246.0,948.0,False,50.28780995531536,-114.73064155014718,,-1,100.0,0.0
Act 2,s2c,48,1,1.0,0.7843137383460999,0.78431374,2129.0,977.0,False,51.31563920266025,-114.64816384736575,,-1,100.0,0.0
Act 2,s2c,16,1,1.0,0.7745097875595093,0.7745098,1952.0,774.0,False,52.424318541565455,-118.24747903735816,,-1,100.0,0.0
Act 2,s2c,33,1,1.0,0.7745097875595093,0.7745098,2036.0,904.0,False,51.96842175674041,-116.01872968093946,,-1,100.0,0.0
Act 2,s2c,4,1,1.0,0.7647058963775635,0.7647059,1851.0,869.0,False,53.455126774968846,-117.1652182464345,,-1,100.0,0.0
Act 2,s2c,78,1,1.0,0.7647058963775635,0.7647059,2407.0,1015.0,False,49.049808965408005,-113.32265740853987,,-1,100.0,0.0
Act 2,s2c,71,1,1.0,0.7549020051956177,0.754902,2332.0,944.0,False,49.56280270837826,-114.54137431348126,,-1,100.0,0.0
Act 2,s2c,18,1,1.0,0.7352941036224365,0.7352941,1959.0,888.0,False,52.58452491062149,-116.50966844504585,,-1,100.0,0.0
Act 2,s2c,15,1,1.0,0.7254902124404907,0.7254902,1951.0,881.0,False,52.638649182935026,-116.64193118747426,,-1,100.0,0.0
Act 2,s2c,24,1,1.0,0.7254902124404907,0.7254902,1972.0,890.0,False,52.479227953796375,-116.43653856613653,,-1,100.0,0.0
Act 2,s2c,7,1,1.0,0.7156863212585449,0.7156863,1902.0,776.0,False,52.84574249381554,-118.39776343605566,,-1,100.0,0.0
Act 2,s2c,11,1,1.0,0.7156863212585449,0.7156863,1926.0,856.0,False,52.801272329483396,-117.10428428457813,,-1,100.0,0.0
Act 2,s2c,61,1,1.0,0.7156863212585449,0.7156863,2231.0,946.0,False,50.40984217118638,-114.80339909527817,,-1,100.0,0.0
Act 2,s2c,73,1,1.0,0.7156863212585449,0.7156863,2389.0,993.0,False,49.165906430709995,-113.68377813247683,,-1,100.0,0.0
Act 2,s2c,74,1,1.0,0.7156863212585449,0.7156863,2400.0,990.0,False,49.06927293767484,-113.69691983467888,,-1,100.0,0.0
Act 2,s2c,6,1,1.0,0.7058823704719543,0.7058824,1897.0,845.0,False,53.023270979532896,-117.37111561253116,,-1,100.0,0.0
Act 2,s2c,22,1,1.0,0.7058823704719543,0.7058824,1968.0,876.0,False,52.48691157107029,-116.66057782453433,,-1,100.0,0.0
Act 2,s2c,43,1,1.0,0.7058823704719543,0.7058824,2077.0,929.0,False,51.66931844160562,-115.51714434730786,,-1,100.0,0.0
Act 2,s2c,55,1,1.0,0.7058823704719543,0.7058824,2202.0,955.0,False,50.667473904563415,-114.75706873147348,,-1,100.0,0.0
Act 2,s3,23,529,529.0,0.8234738231493981,0.30392158,1975.8241965973534,881.3270321361059,True,52.431218544519616,-116.5544214212719,E of White Goat (52.3°N 116.5°W),1,95.84120982986768,22.0
Act 2,s3,48,111,111.0,0.747041169923168,0.11764706,2065.5225225225226,921.7657657657658,True,51.75275483754304,-115.66049884565074,NE of Banff National Park Of Canada (51.8°N 115.7°W),2,81.98198198198199,20.0
Act 2,s3,38,75,75.0,0.8006536090373992,0.43137255,2040.16,921.2666666666667,False,51.96436350023671,-115.74767964230415,,-1,96.0,3.0
Act 2,s3,71,52,52.0,0.8041101132447903,0.5882353,2235.923076923077,949.5192307692307,False,50.37458850052508,-114.7378810361431,,-1,100.0,0.0
Act 2,s3,30,50,50.0,0.7907843255996704,0.32352942,2022.84,903.72,False,52.07815030444456,-116.06511831935687,,-1,98.0,1.0
Act 2,s3,77,49,49.0,0.9153661545442076,0.7058824,2271.612244897959,948.5918367346939,False,50.07475676188762,-114.64797448980929,,-1,100.0,0.0
Act 2,s3,17,46,46.0,0.8710571255372919,0.5686275,1930.0217391304348,863.9347826086956,False,52.782574271537754,-116.97053063312937,,-1,97.82608695652173,1.0
Act 2,s3,16,45,45.0,0.8980392191145156,0.4509804,1917.111111111111,850.6666666666666,False,52.865603887540175,-117.21553661848345,,-1,95.55555555555556,2.0
Act 2,s3,10,39,39.0,0.890648569052036,0.39215687,1890.3589743589744,838.5641025641025,False,53.066516003491174,-117.49204347222386,,-1,97.43589743589743,1.0
Act 2,s3,61,38,38.0,0.7507740055259905,0.30392158,2178.3947368421054,950.921052631579,False,50.85811423531489,-114.88626853884932,,-1,78.94736842105263,8.0
Act 2,s3,28,34,34.0,0.9305075003820307,0.65686274,2006.0294117647059,861.2941176470588,False,52.1412114420402,-116.75455166211995,,-1,100.0,0.0
Act 2,s3,51,32,32.0,0.8664215765893459,0.64705884,2106.59375,941.9375,False,51.443896850172784,-115.23422454111534,,-1,100.0,0.0
Act 2,s3,86,26,26.0,0.7567873379358878,0.27450982,2406.3076923076924,996.4615384615385,False,49.026740323663866,-113.58815177115366,,-1,76.92307692307692,6.0
Act 2,s3,34,23,23.0,0.8179880665696185,0.7156863,2028.608695652174,890.6086956521739,False,52.006137505725896,-116.2424476377507,,-1,100.0,0.0
Act 2,s3,78,19,19.0,0.73323014535402,0.4019608,2287.6315789473683,945.7894736842105,False,49.936262179192866,-114.64234912719697,,-1,68.42105263157895,6.0
Act 2,s3,26,17,17.0,0.8748558338950662,0.7058824,1971.6470588235295,856.1764705882352,False,52.41934659397108,-116.94645165512703,,-1,100.0,0.0
Act 2,s3,58,16,16.0,0.9350490234792233,0.7156863,2167.6875,947.1875,False,50.94139222111045,-114.97282024383435,,-1,100.0,0.0
Act 2,s3,13,15,15.0,0.8470588286717733,0.5392157,1907.3333333333333,844.6,False,52.935919209157724,-117.34126110843656,,-1,93.33333333333333,1.0
Act 2,s3,46,14,14.0,0.9488795527390071,0.65686274,2057.4285714285716,907.7857142857143,False,51.79575215672622,-115.89404793448362,,-1,100.0,0.0
Act 2,s3,66,14,14.0,0.7626050540379116,0.7058824,2201.5714285714284,956.4285714285714,False,50.67345435776672,-114.73744882105365,,-1,100.0,0.0
Act 2,s3,90,14,14.0,0.710084043443203,0.0,2411.3571428571427,1013.8571428571429,False,49.01162078379587,-113.32745911600075,,-1,78.57142857142857,3.0
Act 2,s3,43,13,13.0,0.8672699882433965,0.38235295,2043.923076923077,909.1538461538462,False,51.91129180412561,-115.91654795359082,,-1,92.3076923076923,1.0
Act 2,s3,2,10,10.0,0.7303921818733216,0.6862745,1751.9,743.3,False,54.033368122622484,-119.4606729691475,,-1,100.0,0.0
Act 2,s3,42,9,9.0,0.8921568791071574,0.63725495,2045.0,903.2222222222222,False,51.89165726298085,-116.00156443549385,,-1,100.0,0.0
Act 2,s3,22,9,9.0,0.8594771358701918,0.65686274,1937.3333333333333,919.5555555555555,False,52.82393732543088,-116.1036202692968,,-1,100.0,0.0
Act 2,s3,50,9,9.0,0.8093682063950433,0.63725495,2083.4444444444443,926.6666666666666,False,51.611259053599525,-115.53180357799685,,-1,100.0,0.0
Act 2,s3,73,8,8.0,0.908088244497776,0.74509805,2250.875,947.125,False,50.245600672137094,-114.72917782292454,,-1,100.0,0.0
Act 2,s3,52,8,8.0,0.8578431457281113,0.7745098,2127.25,943.25,False,51.273166784181235,-115.15212410619286,,-1,100.0,0.0
Act 2,s3,31,8,8.0,0.7328431494534016,0.49019608,2024.125,864.875,False,51.996489252380435,-116.64112430746121,,-1,75.0,2.0
Act 2,s3,63,7,7.0,0.8963585495948792,0.7647059,2189.285714285714,949.7142857142857,False,50.76495000622799,-114.87174982156338,,-1,100.0,0.0
Act 2,s3,59,7,7.0,0.8053221276828221,0.6960784,2171.5714285714284,954.8571428571429,False,50.92186372130988,-114.84872090107986,,-1,100.0,0.0
Act 2,s3,67,6,6.0,0.8529411753018697,0.6862745,2206.5,945.6666666666666,False,50.61412996144224,-114.88013723421777,,-1,100.0,0.0
Act 2,s3,74,6,6.0,0.8104575375715891,0.7156863,2256.1666666666665,947.8333333333334,False,50.20256045234846,-114.7035687622094,,-1,100.0,0.0
Act 2,s3,32,6,6.0,0.8039215703805288,0.57843137,2023.5,876.1666666666666,False,52.0225310525581,-116.47469425946059,,-1,83.33333333333333,1.0
Act 2,s3,91,4,4.0,1.0,1.0,2410.5,1006.5,False,49.007382647343654,-113.43431588028216,,-1,100.0,0.0
Act 2,s3,87,4,4.0,0.6323529630899429,0.46078432,2405.0,1012.5,False,49.06266120556588,-113.36349813044035,,-1,75.0,1.0
Act 2,s3,57,3,3.0,1.0,1.0,2163.6666666666665,937.6666666666666,False,50.958809255668996,-115.12459383792073,,-1,100.0,0.0
Act 2,s3,89,3,3.0,0.8627451062202454,0.78431374,2408.3333333333335,1008.6666666666666,False,49.02885631554255,-113.40923592254197,,-1,100.0,0.0
Act 2,s3,72,3,3.0,0.8529411951700846,0.7941177,2246.0,948.0,False,50.28780995531536,-114.73064155014718,,-1,100.0,0.0
Act 2,s3,76,3,3.0,0.8366012970606486,0.7352941,2260.6666666666665,957.3333333333334,False,50.18075530053901,-114.55295288789533,,-1,100.0,0.0
Act 2,s3,33,3,3.0,0.7941176891326904,0.7156863,2022.3333333333333,896.6666666666666,False,52.06966422643887,-116.17222887203064,,-1,100.0,0.0
Act 2,s3,79,3,3.0,0.7908497055371603,0.74509805,2306.0,943.6666666666666,False,49.77932558647718,-114.62025297399244,,-1,100.0,0.0
Act 2,s3,35,3,3.0,0.7810457547505697,0.7156863,2027.6666666666667,899.6666666666666,False,52.03041683288777,-116.11019195506263,,-1,100.0,0.0
Act 2,s3,47,3,3.0,0.7810457547505697,0.7647059,2053.3333333333335,913.6666666666666,False,51.84051558786701,-115.81943613818612,,-1,100.0,0.0
Act 2,s3,55,3,3.0,0.7810457547505697,0.7352941,2149.0,934.0,False,51.075228738794685,-115.22265659962362,,-1,100.0,0.0
Act 2,s3,75,3,3.0,0.7712418437004089,0.7352941,2261.0,947.6666666666666,False,50.16189069960113,-114.69199353822599,,-1,100.0,0.0
Act 2,s3,39,3,3.0,0.7516339818636576,0.7058824,2035.3333333333333,903.6666666666666,False,51.973406663821564,-116.02583975914392,,-1,100.0,0.0
Act 2,s3,20,3,3.0,0.7189542651176453,0.7058824,1929.6666666666667,871.3333333333334,False,52.79945889846031,-116.85978932819758,,-1,100.0,0.0
Act 2,s3,36,3,3.0,0.7189542452494303,0.6960784,2028.0,876.0,False,51.984571142609944,-116.46245264972387,,-1,100.0,0.0
Act 2,s3,65,3,3.0,0.7026143868764242,0.6666667,2194.0,952.3333333333334,False,50.72992319939106,-114.81953853705504,,-1,100.0,0.0
Act 2,s3,7,2,2.0,0.9950980544090271,0.9901961,1833.0,729.5,False,53.326366599814435,-119.3590502702143,,-1,100.0,0.0
Act 2,s3,41,2,2.0,0.9901960790157318,0.98039216,2040.5,897.0,False,51.91814590310411,-116.10874071807692,,-1,100.0,0.0
Act 2,s3,44,2,2.0,0.9411764740943909,0.88235295,2045.0,853.5,False,51.80087379459636,-116.7415258841357,,-1,100.0,0.0
Act 2,s3,83,2,2.0,0.8578431606292725,0.7254902,2361.5,946.0,False,49.31987468626485,-114.42948657923229,,-1,100.0,0.0
Act 2,s3,9,2,2.0,0.8529411852359772,0.78431374,1851.5,869.0,False,53.45092745639543,-117.16347972196172,,-1,100.0,0.0
Act 2,s3,85,2,2.0,0.7549019753932953,0.7254902,2399.5,990.0,False,49.0734498310427,-113.69826318627813,,-1,100.0,0.0
Act 2,s3,68,1,1.0,1.0,1.0,2218.0,947.0,False,50.520212145927914,-114.82689970102477,,-1,100.0,0.0
Act 2,s3,69,1,1.0,0.9607843160629272,0.9607843,2220.0,948.0,False,50.50517071617884,-114.80647154221852,,-1,100.0,0.0
Act 2,s3,70,1,1.0,0.9215686321258545,0.92156863,2220.0,960.0,False,50.52524976487369,-114.63161334554621,,-1,100.0,0.0
Act 2,s3,15,1,1.0,0.9019607901573181,0.9019608,1908.0,773.0,False,52.789593958718385,-118.42121218860908,,-1,100.0,0.0
Act 2,s3,5,1,1.0,0.8921568393707275,0.89215684,1781.0,849.0,False,54.00464599977142,-117.72080574382653,,-1,100.0,0.0
Act 2,s3,81,1,1.0,0.8725490570068359,0.87254906,2332.0,944.0,False,49.56280270837826,-114.54137431348126,,-1,100.0,0.0
Act 2,s3,25,1,1.0,0.8627451062202454,0.8627451,1959.0,888.0,False,52.58452491062149,-116.50966844504585,,-1,100.0,0.0
Act 2,s3,29,1,1.0,0.843137264251709,0.84313726,2009.0,826.0,False,52.049887955150915,-117.27147638979032,,-1,100.0,0.0
Act 2,s3,54,1,1.0,0.8235294222831726,0.8235294,2144.0,939.0,False,51.12565888952359,-115.16418532505722,,-1,100.0,0.0
Act 2,s3,64,1,1.0,0.8039215803146362,0.8039216,2189.0,956.0,False,50.77792476376594,-114.78058669554588,,-1,100.0,0.0
Act 2,s3,8,1,1.0,0.7941176891326904,0.7941177,1837.0,729.0,False,53.29192713069307,-119.35136657559461,,-1,100.0,0.0
Act 2,s3,1,1,1.0,0.7843137383460999,0.78431374,1719.0,828.0,False,54.48435148115645,-118.27408112907284,,-1,100.0,0.0
Act 2,s3,53,1,1.0,0.7745097875595093,0.7745098,2129.0,977.0,False,51.31563920266025,-114.64816384736575,,-1,100.0,0.0
Act 2,s3,56,1,1.0,0.7745097875595093,0.7745098,2149.0,919.0,False,51.0492797507608,-115.44315692021941,,-1,100.0,0.0
Act 2,s3,12,1,1.0,0.7647058963775635,0.7647059,1902.0,776.0,False,52.84574249381554,-118.39776343605566,,-1,100.0,0.0
Act 2,s3,82,1,1.0,0.7647058963775635,0.7647059,2356.0,960.0,False,49.38867910461444,-114.24497613526029,,-1,100.0,0.0
Act 2,s3,11,1,1.0,0.7549020051956177,0.754902,1897.0,845.0,False,53.023270979532896,-117.37111561253116,,-1,100.0,0.0
Act 2,s3,3,1,1.0,0.7450980544090271,0.74509805,1765.0,828.0,False,54.09758226664582,-118.10379281830417,,-1,100.0,0.0
Act 2,s3,24,1,1.0,0.7450980544090271,0.74509805,1956.0,916.0,False,52.660780171506566,-116.09661213168638,,-1,100.0,0.0
Act 2,s3,62,1,1.0,0.7450980544090271,0.74509805,2177.0,921.0,False,50.818645021296646,-115.32867878696733,,-1,100.0,0.0
Act 2,s3,80,1,1.0,0.7450980544090271,0.74509805,2312.0,942.0,False,49.7264570758338,-114.62704469121424,,-1,100.0,0.0
Act 2,s3,84,1,1.0,0.7450980544090271,0.74509805,2396.0,992.0,False,49.10584400535204,-113.679207264796,,-1,100.0,0.0
Act 2,s3,18,1,1.0,0.7352941036224365,0.7352941,1926.0,856.0,False,52.801272329483396,-117.10428428457813,,-1,100.0,0.0
Act 2,s3,19,1,1.0,0.7352941036224365,0.7352941,1928.0,947.0,False,52.95154796216657,-115.71686058372647,,-1,100.0,0.0
Act 2,s3,27,1,1.0,0.7352941036224365,0.7352941,1990.0,870.0,False,52.291536731827286,-116.67749311454969,,-1,100.0,0.0
Act 2,s3,88,1,1.0,0.7352941036224365,0.7352941,2407.0,1015.0,False,49.049808965408005,-113.32265740853987,,-1,100.0,0.0
Act 2,s3,6,1,1.0,0.7254902124404907,0.7254902,1784.0,845.0,False,53.97157731494446,-117.77178907508585,,-1,100.0,0.0
Act 2,s3,14,1,1.0,0.7156863212585449,0.7156863,1907.0,850.0,False,52.94905356948275,-117.2605487967171,,-1,100.0,0.0
Act 2,s3,40,1,1.0,0.7156863212585449,0.7156863,2039.0,907.0,False,51.948674125948564,-115.9643654058806,,-1,100.0,0.0
Act 2,s3,49,1,1.0,0.7156863212585449,0.7156863,2070.0,937.0,False,51.74192924959824,-115.41984785211103,,-1,100.0,0.0
Act 2,s3,60,1,1.0,0.7156863212585449,0.7156863,2172.0,937.0,False,50.887957101158584,-115.10938225622441,,-1,100.0,0.0
Act 2,s3,4,1,1.0,0.7058823704719543,0.7058824,1772.0,738.0,False,53.85398005852563,-119.46407283883971,,-1,100.0,0.0
Act 2,s3,21,1,1.0,0.7058823704719543,0.7058824,1936.0,879.0,False,52.7606876125583,-116.72241412475941,,-1,100.0,0.0
Act 2,s3,37,1,1.0,0.7058823704719543,0.7058824,2032.0,925.0,False,52.03936567162606,-115.71763846167403,,-1,100.0,0.0
Act 2,s3,45,1,1.0,0.7058823704719543,0.7058824,2050.0,906.0,False,51.85476422291203,-115.9442316067391,,-1,100.0,0.0
Act 2,s4,29,691,691.0,0.8142930212741996,0.3137255,1975.645441389291,881.6107091172214,True,52.43323968949685,-116.55074688144941,NE of White Goat (52.4°N 116.5°W),2,80.8972503617945,132.0
Act 2,s4,65,120,120.0,0.8183006634314854,0.4019608,2041.6333333333334,921.9166666666666,True,51.95316767876477,-115.73332272321234,NE of Banff National Park Of Canada (51.9°N 115.7°W),1,80.0,24.0
Act 2,s4,75,111,111.0,0.7705352513774021,0.078431375,2064.972972972973,921.5045045045046,True,51.75689738446496,-115.66610738105656,NE of Banff National Park Of Canada (51.8°N 115.7°W),1,77.47747747747748,25.0
Act 2,s4,109,97,97.0,0.86375582095274,0.47058827,2277.443298969072,947.5051546391752,True,50.0242284978748,-114.64688576495858,S of Don Getty Wildland (50.0°N 114.6°W),3,72.16494845360825,27.0
Act 2,s4,71,62,62.0,0.7664452954646079,0.3627451,2052.8387096774195,907.9193548387096,True,51.83442275234902,-115.90661850862426,NE of Banff National Park Of Canada (51.8°N 115.9°W),1,58.064516129032256,26.0
Act 2,s4,55,52,52.0,0.795060338309178,0.43137255,2023.25,903.2115384615385,False,52.073800205832086,-116.07140529730425,,-1,92.3076923076923,4.0
Act 2,s4,22,51,51.0,0.8902345340625912,0.3137255,1917.4313725490197,850.4705882352941,False,52.862546738856025,-117.21740170580135,,-1,90.19607843137256,5.0
Act 2,s4,24,47,47.0,0.8788068472070897,0.3627451,1930.7446808510638,863.6595744680851,False,52.77599697885978,-116.97223402873225,,-1,89.36170212765957,5.0
Act 2,s4,17,46,46.0,0.9026001730690831,0.5588235,1890.6739130434783,838.6739130434783,False,53.06408933858493,-117.48927211675526,,-1,89.1304347826087,5.0
Act 2,s4,103,45,45.0,0.8222222328186035,0.6960784,2235.3777777777777,949.2888888888889,False,50.37876154020758,-114.74281623997366,,-1,100.0,0.0
Act 2,s4,45,33,33.0,0.9453357151060393,0.6862745,2005.969696969697,861.1212121212121,False,52.1413891384333,-116.75733549189626,,-1,100.0,0.0
Act 2,s4,59,30,30.0,0.7872549186150233,0.33333334,2029.2,891.3666666666667,False,52.00256260098998,-116.22921680774489,,-1,93.33333333333333,2.0
Act 2,s4,94,30,30.0,0.7277777853111426,0.0882353,2178.9666666666667,950.5666666666667,False,50.85272953633092,-114.88977031963135,,-1,80.0,6.0
Act 2,s4,10,28,28.0,0.7496498684797969,0.4509804,1771.642857142857,742.3928571428571,True,53.86623950860766,-119.39803765161459,Upper Smoky Nature-First zone vicinity (53.9°N 119.4°W),4,50.0,14.0
Act 2,s4,77,24,24.0,0.7622549161314964,0.47058827,2067.4166666666665,935.25,True,51.76052834116346,-115.45389678730623,E of Banff National Park Of Canada (51.8°N 115.5°W),1,16.666666666666668,20.0
Act 2,s4,82,21,21.0,0.9439775943756104,0.7156863,2104.2380952380954,941.6666666666666,False,51.46316113218903,-115.24541522192574,,-1,100.0,0.0
Act 2,s4,79,20,20.0,0.8073529481887818,0.46078432,2081.65,925.55,False,51.62433137174222,-115.55395271827479,,-1,60.0,8.0
Act 2,s4,6,15,15.0,0.7732026298840841,0.60784316,1749.7333333333333,745.9333333333333,False,54.05707202782838,-119.42854013805503,,-1,93.33333333333333,1.0
Act 2,s4,129,15,15.0,0.7313725590705872,0.0,2411.2,1013.7333333333333,False,49.01274301713814,-113.32963264360141,,-1,80.0,3.0
Act 2,s4,90,14,14.0,0.9677871210234505,0.7941177,2167.0,946.9285714285714,False,50.94670591719149,-114.9786686193634,,-1,100.0,0.0
Act 2,s4,72,13,13.0,0.9245852277829096,0.5294118,2043.923076923077,909.1538461538462,False,51.91129180412561,-115.91654795359082,,-1,92.3076923076923,1.0
Act 2,s4,124,13,13.0,0.7307692410854193,0.18627451,2404.3076923076924,996.0769230769231,False,49.04284685402991,-113.59895875047309,,-1,76.92307692307692,3.0
Act 2,s4,19,12,12.0,0.8970588246981303,0.45098042,1907.8333333333333,844.4166666666666,False,52.93137851814948,-117.34230431432842,,-1,91.66666666666667,1.0
Act 2,s4,35,12,12.0,0.8954248478015264,0.7156863,1972.4166666666667,855.4166666666666,False,52.41147628502564,-116.95526799165307,,-1,100.0,0.0
Act 2,s4,98,12,12.0,0.7598039309183756,0.7058824,2201.8333333333335,956.5833333333334,False,50.671522408243085,-114.73442082608571,,-1,100.0,0.0
Act 2,s4,91,11,11.0,0.9322638186541471,0.7745098,2170.090909090909,955.5454545454545,False,50.935416992006196,-114.84299537375303,,-1,63.63636363636363,4.0
Act 2,s4,106,10,10.0,0.8186274588108062,0.6666667,2258.1,947.7,False,50.18618082505212,-114.69990224059518,,-1,100.0,0.0
Act 2,s4,87,10,10.0,0.7549019694328308,0.5392157,2146.4,934.2,False,51.09732784856856,-115.22757897889682,,-1,30.0,7.0
Act 2,s4,28,9,9.0,0.8943355215920342,0.7156863,1937.3333333333333,919.5555555555555,False,52.82393732543088,-116.1036202692968,,-1,100.0,0.0
Act 2,s4,86,9,9.0,0.8714596960279677,0.65686274,2142.6666666666665,938.6666666666666,False,51.13624616538024,-115.1731179970156,,-1,22.22222222222222,7.0
Act 2,s4,105,8,8.0,0.9264705926179886,0.8039216,2250.875,947.125,False,50.245600672137094,-114.72917782292454,,-1,100.0,0.0
Act 2,s4,84,8,8.0,0.8811274468898773,0.78431374,2127.25,943.25,False,51.273166784181235,-115.15212410619286,,-1,100.0,0.0
Act 2,s4,57,8,8.0,0.7965686395764351,0.46078432,2023.5,875.375,False,52.02107717775062,-116.48651169161388,,-1,87.5,1.0
Act 2,s4,110,8,8.0,0.7181372791528702,0.4901961,2297.0,943.5,False,49.85420579553114,-114.64844031086734,,-1,12.5,7.0
Act 2,s4,128,7,7.0,0.9271708726882935,0.754902,2409.4285714285716,998.1428571428571,False,49.00329956882045,-113.55593727950254,,-1,100.0,0.0
Act 2,s4,95,7,7.0,0.9243697438921247,0.78431374,2189.285714285714,949.7142857142857,False,50.76495000622799,-114.87174982156338,,-1,100.0,0.0
Act 2,s4,99,7,7.0,0.8683473467826843,0.6862745,2206.285714285714,945.5714285714286,False,50.61576121153926,-114.88215826895906,,-1,100.0,0.0
Act 2,s4,83,7,7.0,0.8067227176257542,0.7156863,2112.5714285714284,941.5714285714286,False,51.39320087006737,-115.22144715154549,,-1,100.0,0.0
Act 2,s4,51,7,7.0,0.5952381193637848,0.33333334,2011.857142857143,865.1428571428571,False,52.099607103319464,-116.67768124857504,,-1,0.0,7.0
Act 2,s4,54,6,6.0,0.7745098074277242,0.5392157,2015.0,890.5,False,52.119887313390244,-116.28822802708915,,-1,0.0,6.0
Act 2,s4,56,6,6.0,0.6339869399865469,0.32352942,2024.0,864.5,False,51.996840715468956,-116.64712979595069,,-1,66.66666666666667,2.0
Act 2,s4,15,5,5.0,0.8666666746139526,0.7352941,1852.4,868.8,False,53.44298751357734,-117.16341345833085,,-1,40.0,3.0
Act 2,s4,23,5,5.0,0.7196078658103943,0.51960784,1925.8,854.4,False,52.799911541934826,-117.12917169209702,,-1,20.0,4.0
Act 2,s4,130,4,4.0,1.0,1.0,2410.5,1006.5,False,49.007382647343654,-113.43431588028216,,-1,100.0,0.0
Act 2,s4,13,4,4.0,0.9754901975393295,0.9019608,1833.0,729.25,False,53.3258416430932,-119.36284849564291,,-1,100.0,0.0
Act 2,s4,2,4,4.0,0.8088235408067703,0.7058824,1598.25,748.75,False,55.334224358896925,-119.98777333091536,,-1,25.0,3.0
Act 2,s4,111,4,4.0,0.7941176444292068,0.7352941,2306.5,943.25,False,49.77445803855249,-114.62481350311965,,-1,100.0,0.0
Act 2,s4,113,4,4.0,0.7769607901573181,0.7254902,2313.5,941.25,False,49.71268677368583,-114.6335279981962,,-1,75.0,1.0
Act 2,s4,76,4,4.0,0.6985294222831726,0.5392157,2060.0,930.5,False,51.814374217695644,-115.54769654694886,,-1,75.0,1.0
Act 2,s4,125,4,4.0,0.6274509876966476,0.42156863,2405.0,1012.5,False,49.06266120556588,-113.36349813044035,,-1,75.0,1.0
Act 2,s4,89,3,3.0,1.0,1.0,2163.6666666666665,937.6666666666666,False,50.958809255668996,-115.12459383792073,,-1,100.0,0.0
Act 2,s4,104,3,3.0,0.9183006683985392,0.8039216,2246.0,948.0,False,50.28780995531536,-114.73064155014718,,-1,100.0,0.0
Act 2,s4,127,3,3.0,0.8758169809977213,0.7745098,2408.3333333333335,1008.6666666666666,False,49.02885631554255,-113.40923592254197,,-1,100.0,0.0
Act 2,s4,48,3,3.0,0.8562091588973999,0.7254902,2009.6666666666667,901.3333333333334,False,52.1842127936512,-116.14331203767402,,-1,0.0,3.0
Act 2,s4,34,3,3.0,0.8267973860104879,0.7352941,1968.0,859.6666666666666,False,52.456432386373756,-116.90629653209534,,-1,100.0,0.0
Act 2,s4,107,3,3.0,0.8235294222831726,0.7058824,2260.6666666666665,957.3333333333334,False,50.18075530053901,-114.55295288789533,,-1,100.0,0.0
Act 2,s4,114,3,3.0,0.8071895440419515,0.78431374,2314.0,945.0,False,49.714737388841385,-114.57823811345098,,-1,0.0,3.0
Act 2,s4,37,3,3.0,0.8039215803146362,0.7254902,1978.6666666666667,956.3333333333334,False,52.542045142268094,-115.41445036651372,,-1,0.0,3.0
Act 2,s4,7,3,3.0,0.7679738601048788,0.754902,1748.6666666666667,798.0,False,54.17418354607999,-118.62871771469642,,-1,0.0,3.0
Act 2,s4,46,3,3.0,0.702614406744639,0.6862745,2007.0,899.0,False,52.20233351269018,-116.18691189984688,,-1,0.0,3.0
Act 2,s4,69,2,2.0,1.0,1.0,2040.5,897.0,False,51.91814590310411,-116.10874071807692,,-1,100.0,0.0
Act 2,s4,73,2,2.0,0.9509803950786591,0.9019608,2045.0,853.5,False,51.80087379459636,-116.7415258841357,,-1,100.0,0.0
Act 2,s4,3,2,2.0,0.843137264251709,0.7058824,1718.5,828.0,False,54.48855837875287,-118.27594623874602,,-1,50.0,1.0
Act 2,s4,25,2,2.0,0.843137264251709,0.78431374,1928.5,947.0,False,52.94734293021178,-115.71525481278155,,-1,100.0,0.0
Act 2,s4,36,2,2.0,0.8333333730697632,0.7941177,1970.0,871.5,False,52.46179743509265,-116.72161871662661,,-1,0.0,2.0
Act 2,s4,58,2,2.0,0.8333333432674408,0.78431374,2022.5,897.0,False,52.06887146540816,-116.1667067797688,,-1,100.0,0.0
Act 2,s4,50,2,2.0,0.8137255012989044,0.7254902,2011.5,828.0,False,52.03281439472029,-117.23316838230447,,-1,50.0,1.0
Act 2,s4,67,2,2.0,0.7647058963775635,0.7254902,2036.5,904.0,False,51.96423417446714,-116.01712976554062,,-1,100.0,0.0
Act 2,s4,60,2,2.0,0.7549019753932953,0.7058824,2026.5,947.0,False,52.12411731485436,-115.40542426785491,,-1,100.0,0.0
Act 2,s4,78,2,2.0,0.730392187833786,0.7058824,2074.5,922.0,False,51.67797733311234,-115.62894970396881,,-1,0.0,2.0
Act 2,s4,116,2,2.0,0.7156862914562225,0.7058824,2316.5,959.0,False,49.71693683870155,-114.3700003486144,,-1,100.0,0.0
Act 2,s4,14,2,2.0,0.6813725531101227,0.3627451,1836.5,729.0,False,53.29610064483124,-119.35327551343944,,-1,50.0,1.0
Act 2,s4,21,1,1.0,1.0,1.0,1908.0,773.0,False,52.789593958718385,-118.42121218860908,,-1,100.0,0.0
Act 2,s4,47,1,1.0,1.0,1.0,2009.0,826.0,False,52.049887955150915,-117.27147638979032,,-1,100.0,0.0
Act 2,s4,93,1,1.0,1.0,1.0,2173.0,949.0,False,50.90000864179758,-114.93042929951797,,-1,100.0,0.0
Act 2,s4,100,1,1.0,1.0,1.0,2218.0,947.0,False,50.520212145927914,-114.82689970102477,,-1,100.0,0.0
Act 2,s4,120,1,1.0,0.9901961088180542,0.9901961,2361.0,946.0,False,49.32404743648388,-114.43089117172278,,-1,100.0,0.0
Act 2,s4,101,1,1.0,0.9803921580314636,0.98039216,2220.0,948.0,False,50.50517071617884,-114.80647154221852,,-1,100.0,0.0
Act 2,s4,12,1,1.0,0.9313725233078003,0.9313725,1781.0,849.0,False,54.00464599977142,-117.72080574382653,,-1,100.0,0.0
Act 2,s4,18,1,1.0,0.9313725233078003,0.9313725,1902.0,776.0,False,52.84574249381554,-118.39776343605566,,-1,100.0,0.0
Act 2,s4,102,1,1.0,0.9215686321258545,0.92156863,2220.0,960.0,False,50.52524976487369,-114.63161334554621,,-1,100.0,0.0
Act 2,s4,8,1,1.0,0.8725490570068359,0.87254906,1762.0,740.0,False,53.94186363672749,-119.47217234997176,,-1,100.0,0.0
Act 2,s4,96,1,1.0,0.8725490570068359,0.87254906,2189.0,956.0,False,50.77792476376594,-114.78058669554588,,-1,100.0,0.0
Act 2,s4,108,1,1.0,0.8627451062202454,0.8627451,2261.0,945.0,False,50.15743446458034,-114.73059916169079,,-1,0.0,1.0
Act 2,s4,115,1,1.0,0.8627451062202454,0.8627451,2313.0,949.0,False,49.729708997248515,-114.5236177370229,,-1,0.0,1.0
Act 2,s4,43,1,1.0,0.8529411554336548,0.85294116,1995.0,928.0,False,52.35499058188467,-115.7899977602894,,-1,0.0,1.0
Act 2,s4,40,1,1.0,0.843137264251709,0.84313726,1990.0,806.0,False,52.17010134206447,-117.6350895334778,,-1,100.0,0.0
Act 2,s4,32,1,1.0,0.8333333730697632,0.8333334,1956.0,916.0,False,52.660780171506566,-116.09661213168638,,-1,100.0,0.0
Act 2,s4,61,1,1.0,0.8333333730697632,0.8333334,2027.0,912.0,False,52.058150488321225,-115.9279527265234,,-1,0.0,1.0
Act 2,s4,85,1,1.0,0.8235294222831726,0.8235294,2129.0,977.0,False,51.31563920266025,-114.64816384736575,,-1,100.0,0.0
Act 2,s4,117,1,1.0,0.813725471496582,0.8137255,2332.0,944.0,False,49.56280270837826,-114.54137431348126,,-1,100.0,0.0
Act 2,s4,42,1,1.0,0.8039215803146362,0.8039216,1994.0,873.0,False,52.26360816898288,-116.61923857077579,,-1,0.0,1.0
Act 2,s4,112,1,1.0,0.7941176891326904,0.7941177,2310.0,960.0,False,49.77287770954936,-114.37396460886738,,-1,0.0,1.0
Act 2,s4,31,1,1.0,0.7843137383460999,0.78431374,1952.0,774.0,False,52.424318541565455,-118.24747903735816,,-1,100.0,0.0
Act 2,s4,123,1,1.0,0.7745097875595093,0.7745098,2400.0,990.0,False,49.06927293767484,-113.69691983467888,,-1,100.0,0.0
Act 2,s4,70,1,1.0,0.7647058963775635,0.7647059,2040.0,913.0,False,51.951015668189555,-115.87162480607395,,-1,0.0,1.0
Act 2,s4,1,1,1.0,0.7549020051956177,0.754902,1580.0,753.0,False,55.49704536904282,-119.99519641110096,,-1,0.0,1.0
Act 2,s4,41,1,1.0,0.7549020051956177,0.754902,1992.0,872.0,False,52.27850088817029,-116.64086122957609,,-1,0.0,1.0
Act 2,s4,49,1,1.0,0.7549020051956177,0.754902,2010.0,860.0,False,52.10558734650265,-116.76068753701283,,-1,0.0,1.0
Act 2,s4,63,1,1.0,0.7549020051956177,0.754902,2028.0,877.0,False,51.98640513552164,-116.44753467780546,,-1,100.0,0.0
Act 2,s4,74,1,1.0,0.7549020051956177,0.754902,2045.0,858.0,False,51.809222369834735,-116.6746615071228,,-1,0.0,1.0
Act 2,s4,81,1,1.0,0.7549020051956177,0.754902,2084.0,933.0,False,51.6176645986078,-115.43605289249011,,-1,100.0,0.0
Act 2,s4,126,1,1.0,0.7549020051956177,0.754902,2407.0,1015.0,False,49.049808965408005,-113.32265740853987,,-1,100.0,0.0
Act 2,s4,5,1,1.0,0.7450980544090271,0.74509805,1740.0,813.0,False,54.277482651989914,-118.42884737344488,,-1,0.0,1.0
Act 2,s4,44,1,1.0,0.7450980544090271,0.74509805,2002.0,895.0,False,52.23696469385751,-116.26311880145437,,-1,0.0,1.0
Act 2,s4,88,1,1.0,0.7450980544090271,0.74509805,2149.0,919.0,False,51.0492797507608,-115.44315692021941,,-1,100.0,0.0
Act 2,s4,118,1,1.0,0.7450980544090271,0.74509805,2333.0,939.0,False,49.54617140321854,-114.61014487160705,,-1,0.0,1.0
Act 2,s4,27,1,1.0,0.7352941036224365,0.7352941,1936.0,879.0,False,52.7606876125583,-116.72241412475941,,-1,100.0,0.0
Act 2,s4,33,1,1.0,0.7352941036224365,0.7352941,1958.0,865.0,False,52.55017089750474,-116.85973167504343,,-1,0.0,1.0
Act 2,s4,122,1,1.0,0.7352941036224365,0.7352941,2396.0,992.0,False,49.10584400535204,-113.679207264796,,-1,100.0,0.0
Act 2,s4,52,1,1.0,0.7254902124404907,0.7254902,2013.0,904.0,False,52.161096986435,-116.09259911212237,,-1,0.0,1.0
Act 2,s4,92,1,1.0,0.7254902124404907,0.7254902,2172.0,937.0,False,50.887957101158584,-115.10938225622441,,-1,100.0,0.0
Act 2,s4,97,1,1.0,0.7254902124404907,0.7254902,2195.0,952.0,False,50.720995911963,-114.82147124461196,,-1,100.0,0.0
Act 2,s4,4,1,1.0,0.7156863212585449,0.7156863,1738.0,860.0,False,54.38804180549774,-117.70567617146946,,-1,100.0,0.0
Act 2,s4,9,1,1.0,0.7156863212585449,0.7156863,1765.0,828.0,False,54.09758226664582,-118.10379281830417,,-1,100.0,0.0
Act 2,s4,16,1,1.0,0.7156863212585449,0.7156863,1881.0,829.0,False,53.12636418632859,-117.67031484415791,,-1,0.0,1.0
Act 2,s4,20,1,1.0,0.7156863212585449,0.7156863,1907.0,850.0,False,52.94905356948275,-117.2605487967171,,-1,100.0,0.0
Act 2,s4,26,1,1.0,0.7156863212585449,0.7156863,1929.0,871.0,False,52.804422643402816,-116.86709191214189,,-1,100.0,0.0
Act 2,s4,38,1,1.0,0.7156863212585449,0.7156863,1979.0,867.0,False,52.37805142955633,-116.7591793970263,,-1,0.0,1.0
Act 2,s4,53,1,1.0,0.7156863212585449,0.7156863,2014.0,861.0,False,52.073989547158426,-116.73246167194009,,-1,0.0,1.0
Act 2,s4,64,1,1.0,0.7156863212585449,0.7156863,2031.0,902.0,False,52.00670324286247,-116.06461926418407,,-1,100.0,0.0
Act 2,s4,66,1,1.0,0.7156863212585449,0.7156863,2032.0,875.0,False,51.94926991061149,-116.4642852335952,,-1,0.0,1.0
Act 2,s4,68,1,1.0,0.7156863212585449,0.7156863,2040.0,893.0,False,51.9151087847527,-116.16998655115272,,-1,0.0,1.0
Act 2,s4,119,1,1.0,0.7156863212585449,0.7156863,2356.0,960.0,False,49.38867910461444,-114.24497613526029,,-1,100.0,0.0
Act 2,s4,11,1,1.0,0.7058823704719543,0.7058824,1780.0,851.0,False,54.016972526319506,-117.69348865117497,,-1,100.0,0.0
Act 2,s4,30,1,1.0,0.7058823704719543,0.7058824,1950.0,926.0,False,52.72916666702232,-115.96474812831131,,-1,100.0,0.0
Act 2,s4,39,1,1.0,0.7058823704719543,0.7058824,1988.0,870.0,False,52.3082803514912,-116.68414306573096,,-1,0.0,1.0
Act 2,s4,62,1,1.0,0.7058823704719543,0.7058824,2028.0,867.0,False,51.96800647469747,-116.5966679974276,,-1,0.0,1.0
Act 2,s4,80,1,1.0,0.7058823704719543,0.7058824,2077.0,936.0,False,51.68153193534033,-115.4130923073082,,-1,0.0,1.0
Act 2,s4,121,1,1.0,0.7058823704719543,0.7058824,2389.0,993.0,False,49.165906430709995,-113.68377813247683,,-1,100.0,0.0
Act 1 (585),core_585,31,913,913.0,0.8918025098651289,0.27450982,1972.7042716319825,879.8400876232201,True,52.45461120066846,-116.58713725511329,SE of Jasper National Park Of Canada (52.5°N 116.6°W),6,,
Act 1 (585),core_585,58,580,580.0,0.8086206991610856,0.25490198,2055.8344827586207,922.5672413793103,True,51.83532523602969,-115.67893440678485,NE of Banff National Park Of Canada (51.8°N 115.7°W),6,,
Act 1 (585),core_585,52,295,295.0,0.8316384260937318,0.33333334,2029.9322033898304,901.6508474576272,True,52.015018000904156,-116.07326322203359,N of Banff National Park Of Canada (52.0°N 116.1°W),6,,
Act 1 (585),core_585,28,212,212.0,0.866907147866375,0.33333334,1925.0424528301887,860.4811320754717,True,52.817782740360215,-117.03975694588136,E of Jasper National Park Of Canada (52.8°N 117.0°W),6,,
Act 1 (585),core_585,71,185,185.0,0.7853736184738778,0.25490198,2176.3351351351353,952.0918918918919,True,50.877327455915896,-114.87519731226932,SE of Don Getty Wildland (50.9°N 114.9°W),4,,
Act 1 (585),core_585,88,107,107.0,0.8687923837487943,0.39215687,2273.7476635514017,947.9719626168225,True,50.05588232856408,-114.65078258473814,S of Don Getty Wildland (50.1°N 114.7°W),5,,
Act 1 (585),core_585,82,76,76.0,0.9176986629241392,0.4117647,2236.434210526316,949.6315789473684,True,50.37050346883632,-114.73476073395196,S of Don Getty Wildland (50.4°N 114.7°W),5,,
Act 1 (585),core_585,24,67,67.0,0.9075212229543658,0.5294118,1889.313432835821,838.179104477612,True,53.07453241220424,-117.50155634656676,NE of Jasper National Park Of Canada (53.1°N 117.5°W),6,,
Act 1 (585),core_585,6,65,65.0,0.7897436022758484,0.5294118,1751.0615384615385,743.1538461538462,True,54.04007748467584,-119.46618600908438,Upper Smoky SRP planning area vicinity (54.0°N 119.5°W),1,,
Act 1 (585),core_585,106,60,60.0,0.7428104658921559,0.1764706,2405.9666666666667,996.5833333333334,True,49.029780550434346,-113.58733023377057,SE of Waterton Lakes National Park Of Canada (49.0°N 113.6°W),3,,
Act 1 (585),core_585,62,50,50.0,0.8968627506494522,0.49019608,2106.92,942.06,True,51.44137527720132,-115.23141682999147,Don Getty Wildland vicinity (51.4°N 115.2°W),7,,
Act 1 (585),core_585,75,50,50.0,0.8933333396911621,0.7058824,2198.44,956.08,True,50.699069833727606,-114.75171392088374,NW of Bluerock Wildland (50.7°N 114.8°W),4,,
Act 1 (585),core_585,25,30,30.0,0.8529411832491557,0.37254903,1906.3333333333333,845.8,True,52.94659906947258,-117.32654048285727,SE of Whitehorse Wildland (52.9°N 117.3°W),6,,
Act 1 (585),core_585,15,29,29.0,0.6734280072409531,0.29411766,1771.6896551724137,743.0689655172414,True,53.86727280670469,-119.38747790521187,Upper Smoky Nature-First zone vicinity (53.9°N 119.4°W),2,,
Act 1 (585),core_585,42,28,28.0,0.9061624705791473,0.7058824,1971.607142857143,856.4285714285714,True,52.4201546353245,-116.94279890960965,SE of Jasper National Park Of Canada (52.4°N 116.9°W),6,,
Act 1 (585),core_585,112,25,25.0,0.8000000043213368,0.039215688,2410.52,1013.84,True,49.018591937634305,-113.32990346251148,E of Waterton Lakes National Park Of Canada (49.0°N 113.3°W),3,,
Act 1 (585),core_585,89,13,13.0,0.8054298758506775,0.5294118,2260.6153846153848,956.5384615384615,True,50.17986630076787,-114.56461569760862,Don Getty Wildland vicinity (50.2°N 114.6°W),5,,
Act 1 (585),core_585,54,12,12.0,0.8169934749603271,0.54901963,2023.9166666666667,865.3333333333334,True,51.9990797930942,-116.63497559617943,N of Banff National Park Of Canada (52.0°N 116.6°W),6,,
Act 1 (585),core_585,111,11,11.0,0.9429590051824396,0.74509805,2408.909090909091,1007.5454545454545,True,49.02230307959138,-113.42365843614081,E of Waterton Lakes National Park Of Canada (49.0°N 113.4°W),3,,
Act 1 (585),core_585,32,10,10.0,0.9411764740943909,0.7058824,1937.6,919.7,True,52.82195883193197,-116.10055842208575,E of Brazeau Canyon Wildland (52.8°N 116.1°W),8,,
Act 1 (585),core_585,85,9,9.0,0.7233115633328756,0.6666667,2240.0,963.1111111111111,False,50.36312926964205,-114.52852251856326,,-1,,
Act 1 (585),core_585,63,8,8.0,0.9828431382775307,0.9411765,2127.25,943.25,False,51.273166784181235,-115.15212410619286,,-1,,
Act 1 (585),core_585,87,8,8.0,0.9779411777853966,0.92156863,2250.875,947.125,False,50.245600672137094,-114.72917782292454,,-1,,
Act 1 (585),core_585,76,8,8.0,0.948529414832592,0.84313726,2206.625,945.75,False,50.613225273229325,-114.87855299611019,,-1,,
Act 1 (585),core_585,57,8,8.0,0.7671568766236305,0.7058824,2028.5,876.0,False,51.98038758549637,-116.4608173213015,,-1,,
Act 1 (585),core_585,51,7,7.0,0.7030812501907349,0.6862745,2014.2857142857142,893.7142857142857,False,52.13171326543589,-116.24244994518952,,-1,,
Act 1 (585),core_585,104,6,6.0,0.8235294222831726,0.60784316,2396.3333333333335,992.1666666666666,False,49.10332182677714,-113.67593998996357,,-1,,
Act 1 (585),core_585,109,6,6.0,0.8169934749603271,0.54901963,2405.0,1012.3333333333334,False,49.06240311623392,-113.36586997646604,,-1,,
Act 1 (585),core_585,83,6,6.0,0.6960784445206324,0.4509804,2234.3333333333335,959.3333333333334,False,50.40425412722211,-114.59980112971365,,-1,,
Act 1 (585),core_585,43,5,5.0,0.7333333492279053,0.7058824,1983.4,876.4,False,52.35865660656109,-116.60335919439645,,-1,,
Act 1 (585),core_585,68,4,4.0,0.9264705926179886,0.7058824,2149.0,934.25,False,51.075658764822705,-115.21897980002723,,-1,,
Act 1 (585),core_585,19,4,4.0,0.9068627506494522,0.78431374,1833.0,729.25,False,53.3258416430932,-119.36284849564291,,-1,,
Act 1 (585),core_585,17,4,4.0,0.8578431457281113,0.78431374,1780.75,849.5,False,54.00772796987005,-117.71397769530732,,-1,,
Act 1 (585),core_585,66,4,4.0,0.8333333432674408,0.74509805,2143.5,939.25,False,51.13027242037718,-115.16201321712305,,-1,,
Act 1 (585),core_585,102,4,4.0,0.789215698838234,0.74509805,2387.25,987.0,False,49.171041627845796,-113.77398399881004,,-1,,
Act 1 (585),core_585,48,4,4.0,0.7500000149011612,0.7058824,2009.25,901.75,False,52.18845714938596,-116.13841505506247,,-1,,
Act 1 (585),core_585,72,3,3.0,1.0,1.0,2163.6666666666665,937.6666666666666,False,50.958809255668996,-115.12459383792073,,-1,,
Act 1 (585),core_585,79,3,3.0,0.9215686321258545,0.7647059,2219.0,947.3333333333334,False,50.51241134706131,-114.81911216895642,,-1,,
Act 1 (585),core_585,101,3,3.0,0.9019607901573181,0.78431374,2362.0,946.0,False,49.315701959408386,-114.42808219810634,,-1,,
Act 1 (585),core_585,21,3,3.0,0.8888888955116272,0.7254902,1851.0,869.0,False,53.455126774968846,-117.1652182464345,,-1,,
Act 1 (585),core_585,103,3,3.0,0.8627451062202454,0.7254902,2388.6666666666665,992.3333333333334,False,49.16763996468199,-113.69417390290127,,-1,,
Act 1 (585),core_585,61,3,3.0,0.843137264251709,0.74509805,2069.0,937.3333333333334,False,51.75089000529672,-115.41797855050255,,-1,,
Act 1 (585),core_585,99,3,3.0,0.8235294222831726,0.7058824,2331.0,944.0,False,49.5711505342845,-114.54421298261504,,-1,,
Act 1 (585),core_585,18,3,3.0,0.8169934749603271,0.74509805,1784.6666666666667,844.0,False,53.96400890919075,-117.78482574808783,,-1,,
Act 1 (585),core_585,73,3,3.0,0.7973856329917908,0.74509805,2171.0,937.0,False,50.89632193099998,-115.11237849992878,,-1,,
Act 1 (585),core_585,39,3,3.0,0.7777777910232544,0.7058824,1956.3333333333333,917.0,False,52.65978803270724,-116.08040548946843,,-1,,
Act 1 (585),core_585,53,3,3.0,0.7320261597633362,0.7058824,2019.0,926.0,False,52.15013010998573,-115.74377406402924,,-1,,
Act 1 (585),core_585,78,3,3.0,0.7320261597633362,0.7254902,2217.0,960.0,False,50.550345891587334,-114.64032453003213,,-1,,
Act 1 (585),core_585,96,3,3.0,0.7320261597633362,0.7254902,2317.0,962.0,False,49.717671925827524,-114.32547635127978,,-1,,
Act 1 (585),core_585,59,2,2.0,1.0,1.0,2045.0,853.5,False,51.80087379459636,-116.7415258841357,,-1,,
Act 1 (585),core_585,105,2,2.0,0.9803921580314636,0.9607843,2399.5,990.0,False,49.0734498310427,-113.69826318627813,,-1,,
Act 1 (585),core_585,100,2,2.0,0.9705882370471954,0.9411765,2355.5,960.0,False,49.392854036847694,-114.24636856803934,,-1,,
Act 1 (585),core_585,65,2,2.0,0.9019607901573181,0.8039216,2128.5,977.0,False,51.31983082251579,-114.64963781956061,,-1,,
Act 1 (585),core_585,11,2,2.0,0.8823529481887817,0.8235294,1765.0,828.5,False,54.0985798237523,-118.0960571596448,,-1,,
Act 1 (585),core_585,50,2,2.0,0.843137264251709,0.8039216,2011.5,828.0,False,52.03281439472029,-117.23316838230447,,-1,,
Act 1 (585),core_585,56,2,2.0,0.8333333432674408,0.78431374,2026.5,947.0,False,52.12411731485436,-115.40542426785491,,-1,,
Act 1 (585),core_585,30,2,2.0,0.8235294222831726,0.74509805,1928.5,947.0,False,52.94734293021178,-115.71525481278155,,-1,,
Act 1 (585),core_585,40,2,2.0,0.794117659330368,0.7254902,1958.5,863.0,False,52.54223413264705,-116.88817018962249,,-1,,
Act 1 (585),core_585,81,2,2.0,0.794117659330368,0.7254902,2222.0,978.5,False,50.539103173521475,-114.35606561425632,,-1,,
Act 1 (585),core_585,93,2,2.0,0.7843137383460999,0.7254902,2302.5,993.0,False,49.88903610972276,-113.91945729651528,,-1,,
Act 1 (585),core_585,33,2,2.0,0.7450980544090271,0.74509805,1945.0,865.5,False,52.66000919125207,-116.8960752110768,,-1,,
Act 1 (585),core_585,44,2,2.0,0.7450980544090271,0.7058824,1987.5,868.5,False,52.30968027692561,-116.7083082841118,,-1,,
Act 1 (585),core_585,23,2,2.0,0.7254902124404907,0.7058824,1871.5,833.5,False,53.21473215677184,-117.6354511867963,,-1,,
Act 1 (585),core_585,90,2,2.0,0.7254902124404907,0.7058824,2269.5,954.0,False,50.101396258224035,-114.57584118329578,,-1,,
Act 1 (585),core_585,91,2,2.0,0.7254902124404907,0.7058824,2271.5,971.0,False,50.11269020691401,-114.32412708802356,,-1,,
Act 1 (585),core_585,86,2,2.0,0.7156862914562225,0.7058824,2241.5,970.0,False,50.36195748720632,-114.4240660617693,,-1,,
Act 1 (585),core_585,20,2,2.0,0.5686274543404579,0.13725491,1836.5,729.0,False,53.29610064483124,-119.35327551343944,,-1,,
Act 1 (585),core_585,26,1,1.0,1.0,1.0,1902.0,776.0,False,52.84574249381554,-118.39776343605566,,-1,,
Act 1 (585),core_585,27,1,1.0,1.0,1.0,1908.0,773.0,False,52.789593958718385,-118.42121218860908,,-1,,
Act 1 (585),core_585,49,1,1.0,1.0,1.0,2009.0,826.0,False,52.049887955150915,-117.27147638979032,,-1,,
Act 1 (585),core_585,69,1,1.0,1.0,1.0,2149.0,919.0,False,51.0492797507608,-115.44315692021941,,-1,,
Act 1 (585),core_585,80,1,1.0,1.0,1.0,2220.0,960.0,False,50.52524976487369,-114.63161334554621,,-1,,
Act 1 (585),core_585,3,1,1.0,0.9607843160629272,0.9607843,1719.0,828.0,False,54.48435148115645,-118.27408112907284,,-1,,
Act 1 (585),core_585,74,1,1.0,0.9215686321258545,0.92156863,2177.0,921.0,False,50.818645021296646,-115.32867878696733,,-1,,
Act 1 (585),core_585,36,1,1.0,0.8823529481887817,0.88235295,1950.0,926.0,False,52.72916666702232,-115.96474812831131,,-1,,
Act 1 (585),core_585,94,1,1.0,0.8627451062202454,0.8627451,2307.0,943.0,False,49.769867458562146,-114.6269770360529,,-1,,
Act 1 (585),core_585,5,1,1.0,0.843137264251709,0.84313726,1738.0,860.0,False,54.38804180549774,-117.70567617146946,,-1,,
Act 1 (585),core_585,9,1,1.0,0.843137264251709,0.84313726,1759.0,837.0,False,54.16592703943193,-117.9864426762266,,-1,,
Act 1 (585),core_585,46,1,1.0,0.843137264251709,0.84313726,1990.0,806.0,False,52.17010134206447,-117.6350895334778,,-1,,
Act 1 (585),core_585,1,1,1.0,0.8235294222831726,0.8235294,1594.0,763.0,False,55.400857236978915,-119.78007234440166,,-1,,
Act 1 (585),core_585,38,1,1.0,0.8235294222831726,0.8235294,1953.0,897.0,False,52.65137858840378,-116.39364267166206,,-1,,
Act 1 (585),core_585,14,1,1.0,0.8039215803146362,0.8039216,1768.0,834.0,False,54.08431716957268,-117.99997104340869,,-1,,
Act 1 (585),core_585,37,1,1.0,0.8039215803146362,0.8039216,1952.0,774.0,False,52.424318541565455,-118.24747903735816,,-1,,
Act 1 (585),core_585,2,1,1.0,0.7843137383460999,0.78431374,1598.0,749.0,False,55.336870950729164,-119.98484963680306,,-1,,
Act 1 (585),core_585,10,1,1.0,0.7843137383460999,0.78431374,1763.0,844.0,False,54.14615425191006,-117.86337776265952,,-1,,
Act 1 (585),core_585,35,1,1.0,0.7843137383460999,0.78431374,1950.0,902.0,False,52.68569567614104,-116.32795871882045,,-1,,
Act 1 (585),core_585,64,1,1.0,0.7843137383460999,0.78431374,2126.0,976.0,False,51.339117258285576,-114.6718083677215,,-1,,
Act 1 (585),core_585,67,1,1.0,0.7843137383460999,0.78431374,2143.0,943.0,False,51.14088061614157,-115.10829621028277,,-1,,
Act 1 (585),core_585,110,1,1.0,0.7843137383460999,0.78431374,2405.0,1009.0,False,49.0572340373295,-113.41330227594683,,-1,,
Act 1 (585),core_585,8,1,1.0,0.7450980544090271,0.74509805,1750.0,870.0,False,54.30650903244636,-117.50669630508658,,-1,,
Act 1 (585),core_585,12,1,1.0,0.7450980544090271,0.74509805,1765.0,845.0,False,54.13130922451227,-117.84061279376452,,-1,,
Act 1 (585),core_585,29,1,1.0,0.7450980544090271,0.74509805,1916.0,876.0,False,52.922807722532404,-116.83536545163612,,-1,,
Act 1 (585),core_585,34,1,1.0,0.7450980544090271,0.74509805,1949.0,922.0,False,52.73037181673743,-116.02857244704288,,-1,,
Act 1 (585),core_585,84,1,1.0,0.7450980544090271,0.74509805,2233.0,974.0,False,50.439653269887344,-114.39018552874622,,-1,,
Act 1 (585),core_585,98,1,1.0,0.7450980544090271,0.74509805,2326.0,941.0,False,49.607918906653616,-114.60143050468072,,-1,,
Act 1 (585),core_585,108,1,1.0,0.7450980544090271,0.74509805,2404.0,990.0,False,49.03585860058483,-113.68618027354479,,-1,,
Act 1 (585),core_585,16,1,1.0,0.7254902124404907,0.7254902,1773.0,845.0,False,54.064043193102925,-117.81158235991325,,-1,,
Act 1 (585),core_585,45,1,1.0,0.7254902124404907,0.7254902,1989.0,895.0,False,52.345895019096886,-116.3055207834121,,-1,,
Act 1 (585),core_585,70,1,1.0,0.7254902124404907,0.7254902,2152.0,927.0,False,51.03806114089365,-115.31647024465273,,-1,,
Act 1 (585),core_585,4,1,1.0,0.7058823704719543,0.7058824,1733.0,730.0,False,54.163259643468045,-119.73969238425722,,-1,,
Act 1 (585),core_585,7,1,1.0,0.7058823704719543,0.7058824,1748.0,799.0,False,54.18182194408292,-118.61575256510892,,-1,,
Act 1 (585),core_585,13,1,1.0,0.7058823704719543,0.7058824,1766.0,835.0,False,54.103112144776425,-117.99180950906342,,-1,,
Act 1 (585),core_585,22,1,1.0,0.7058823704719543,0.7058824,1862.0,831.0,False,53.289481364572886,-117.70722291571188,,-1,,
Act 1 (585),core_585,41,1,1.0,0.7058823704719543,0.7058824,1960.0,903.0,False,52.60362674240475,-116.27998117520306,,-1,,
Act 1 (585),core_585,47,1,1.0,0.7058823704719543,0.7058824,2005.0,945.0,False,52.30106479744342,-115.5026529002035,,-1,,
Act 1 (585),core_585,55,1,1.0,0.7058823704719543,0.7058824,2021.0,868.0,False,52.02840733904135,-116.6048061111752,,-1,,
Act 1 (585),core_585,60,1,1.0,0.7058823704719543,0.7058824,2061.0,948.0,False,51.83646347764304,-115.28370919644517,,-1,,
Act 1 (585),core_585,77,1,1.0,0.7058823704719543,0.7058824,2214.0,959.0,False,50.57377521325651,-114.66363312397047,,-1,,
Act 1 (585),core_585,92,1,1.0,0.7058823704719543,0.7058824,2287.0,952.0,False,49.951849620942156,-114.55458089684501,,-1,,
Act 1 (585),core_585,95,1,1.0,0.7058823704719543,0.7058824,2316.0,959.0,False,49.721113631007555,-114.37141055825235,,-1,,
Act 1 (585),core_585,97,1,1.0,0.7058823704719543,0.7058824,2316.0,997.0,False,49.782501652485024,-113.82465683811745,,-1,,
Act 1 (585),core_585,107,1,1.0,0.7058823704719543,0.7058824,2400.0,1008.0,False,49.097471725907496,-113.44076731157165,,-1,,
Act 1 (245),core_245,35,624,624.0,0.8689354014797852,0.23529412,1975.0320512820513,881.2740384615385,True,52.43775746731341,-116.55784342919969,SE of Jasper National Park Of Canada (52.4°N 116.6°W),6,,
Act 1 (245),core_245,99,254,254.0,0.8232978335985048,0.50980395,2289.9566929133857,946.7165354330708,True,49.9183824956588,-114.62230727659546,W of Bob Creek Wildland (49.9°N 114.6°W),9,,
Act 1 (245),core_245,67,186,186.0,0.7878979641183089,0.11764706,2066.7580645161293,922.8655913978495,True,51.74434313303803,-115.64026854279895,NE of Banff National Park Of Canada (51.7°N 115.6°W),6,,
Act 1 (245),core_245,58,107,107.0,0.8506505486564101,0.43137255,2040.0,921.7850467289719,True,51.96662243743215,-115.7404419438827,NE of Banff National Park Of Canada (52.0°N 115.7°W),6,,
Act 1 (245),core_245,53,107,107.0,0.717243915406343,0.1764706,2024.4859813084113,902.3831775700935,True,52.06195466758287,-116.07981895166502,NE of Siffleur (52.1°N 116.1°W),6,,
Act 1 (245),core_245,11,96,96.0,0.7281454410403967,0.6666667,1749.71875,740.90625,True,54.046558489228495,-119.50602847493641,Upper Smoky Nature-First zone vicinity (54.0°N 119.5°W),2,,
Act 1 (245),core_245,95,67,67.0,0.9069359137940762,0.3529412,2236.805970149254,949.7462686567164,True,50.36758751261117,-114.73201235833328,S of Don Getty Wildland (50.4°N 114.7°W),9,,
Act 1 (245),core_245,83,62,62.0,0.7666034251451492,0.21568628,2177.016129032258,952.258064516129,True,50.87190900173383,-114.87074591868115,SE of Don Getty Wildland (50.9°N 114.9°W),10,,
Act 1 (245),core_245,116,60,60.0,0.730065368115902,0.13725491,2405.9666666666667,996.5833333333334,True,49.029780550434346,-113.58733023377057,SE of Waterton Lakes National Park Of Canada (49.0°N 113.6°W),4,,
Act 1 (245),core_245,30,55,55.0,0.8994652466340498,0.5294118,1929.6363636363637,863.3272727272728,True,52.7846586421698,-116.981031468853,E of Jasper National Park Of Canada (52.8°N 117.0°W),5,,
Act 1 (245),core_245,29,54,54.0,0.9117647111415863,0.5294118,1917.7407407407406,851.1111111111111,True,52.86117601814015,-117.20663789821421,SE of Whitehorse Wildland (52.9°N 117.2°W),5,,
Act 1 (245),core_245,24,46,46.0,0.92710997812126,0.47058824,1890.6739130434783,839.0217391304348,True,53.06476147147626,-117.48398893750617,NE of Jasper National Park Of Canada (53.1°N 117.5°W),5,,
Act 1 (245),core_245,73,38,38.0,0.8756450006836339,0.3529412,2107.342105263158,941.9736842105264,True,51.4376910702014,-115.23140928944122,Don Getty Wildland vicinity (51.4°N 115.2°W),8,,
Act 1 (245),core_245,17,38,38.0,0.6738906243914052,0.33333334,1771.0,741.2894736842105,True,53.86929077753976,-119.41746250789613,Upper Smoky Nature-First zone vicinity (53.9°N 119.4°W),3,,
Act 1 (245),core_245,49,34,34.0,0.9648212247035083,0.7647059,2006.0294117647059,861.2941176470588,True,52.1412114420402,-116.75455166211995,S of White Goat (52.1°N 116.8°W),6,,
Act 1 (245),core_245,89,30,30.0,0.8019607961177826,0.7058824,2199.1,955.4,True,50.69240724168364,-114.75972052793661,NW of Bluerock Wildland (50.7°N 114.8°W),10,,
Act 1 (245),core_245,55,29,29.0,0.8566599138851824,0.54901963,2028.6896551724137,890.4137931034483,True,52.00510587804025,-116.24509557432758,NE of Siffleur (52.0°N 116.2°W),6,,
Act 1 (245),core_245,122,25,25.0,0.8149019642174244,0.05882353,2410.52,1013.84,True,49.018591937634305,-113.32990346251148,E of Waterton Lakes National Park Of Canada (49.0°N 113.3°W),4,,
Act 1 (245),core_245,81,19,19.0,0.904024771953884,0.33333334,2167.4210526315787,947.3157894736842,True,50.94383975767567,-114.97173046272273,N of Elbow Sheep Wildland (50.9°N 115.0°W),10,,
Act 1 (245),core_245,60,19,19.0,0.8194014524158678,0.39215687,2041.3157894736842,903.3157894736842,True,51.92267580271393,-116.01193849903471,N of Banff National Park Of Canada (51.9°N 116.0°W),6,,
Act 1 (245),core_245,42,18,18.0,0.9215686321258545,0.7058824,1971.8333333333333,856.0555555555555,True,52.417560131214536,-116.94763955647491,SE of Jasper National Park Of Canada (52.4°N 116.9°W),7,,
Act 1 (245),core_245,26,18,18.0,0.8779956499735514,0.50980395,1906.8333333333333,844.6666666666666,True,52.940236135005975,-117.3419862164534,SE of Whitehorse Wildland (52.9°N 117.3°W),5,,
Act 1 (245),core_245,8,18,18.0,0.7320261597633362,0.627451,1727.5,721.7222222222222,True,54.19150738816668,-119.88915984866836,Upper Smoky SRP planning area vicinity (54.2°N 119.9°W),1,,
Act 1 (245),core_245,68,17,17.0,0.9434832790318657,0.6862745,2057.529411764706,908.0,True,51.79528994371476,-115.89053887201312,NE of Banff National Park Of Canada (51.8°N 115.9°W),6,,
Act 1 (245),core_245,63,14,14.0,0.918767511844635,0.50980395,2043.7142857142858,909.1428571428571,True,51.91302092650107,-115.91737596271363,NE of Banff National Park Of Canada (51.9°N 115.9°W),6,,
Act 1 (245),core_245,5,14,14.0,0.8585434257984161,0.74509805,1721.0714285714287,717.4285714285714,True,54.23602540870521,-119.9810132721124,Upper Smoky Nature-First zone vicinity (54.2°N 120.0°W),1,,
Act 1 (245),core_245,7,14,14.0,0.7507002949714661,0.6862745,1727.0714285714287,729.2142857142857,True,54.21119669393941,-119.77523680368942,Upper Smoky Nature-First zone vicinity (54.2°N 119.8°W),1,,
Act 1 (245),core_245,54,12,12.0,0.7908496831854185,0.49019608,2023.9166666666667,865.3333333333334,True,51.9990797930942,-116.63497559617943,N of Banff National Park Of Canada (52.0°N 116.6°W),6,,
Act 1 (245),core_245,121,11,11.0,0.9500891295346346,0.7647059,2408.909090909091,1007.5454545454545,True,49.02230307959138,-113.42365843614081,E of Waterton Lakes National Park Of Canada (49.0°N 113.4°W),4,,
Act 1 (245),core_245,107,11,11.0,0.8092691735787825,0.7058824,2316.181818181818,958.6363636363636,True,49.71899856445436,-114.37612377026285,SW of Livingstone Range Wildland Provincial Park (49.7°N 114.4°W),9,,
Act 1 (245),core_245,34,9,9.0,0.9564270178476969,0.8039216,1937.3333333333333,919.5555555555555,False,52.82393732543088,-116.1036202692968,,-1,,
Act 1 (245),core_245,74,8,8.0,0.9681372568011284,0.92156863,2127.25,943.25,False,51.273166784181235,-115.15212410619286,,-1,,
Act 1 (245),core_245,98,8,8.0,0.9656862765550613,0.88235295,2250.875,947.125,False,50.245600672137094,-114.72917782292454,,-1,,
Act 1 (245),core_245,69,8,8.0,0.7549019753932953,0.6862745,2060.0,930.125,False,51.81371680568485,-115.55328420938645,,-1,,
Act 1 (245),core_245,86,7,7.0,0.9579831957817078,0.8235294,2189.285714285714,949.7142857142857,False,50.76495000622799,-114.87174982156338,,-1,,
Act 1 (245),core_245,9,7,7.0,0.7198879718780518,0.7058824,1733.7142857142858,732.8571428571429,False,54.16339183930598,-119.69280259477071,,-1,,
Act 1 (245),core_245,13,7,7.0,0.7142857313156128,0.64705884,1761.142857142857,740.2857142857143,False,53.94963979112326,-119.47111105966694,,-1,,
Act 1 (245),core_245,90,6,6.0,0.8921568691730499,0.6666667,2206.5,945.6666666666666,False,50.61412996144224,-114.88013723421777,,-1,,
Act 1 (245),core_245,101,6,6.0,0.8464052379131317,0.7254902,2260.0,956.5,False,50.18494662050688,-114.56694161531036,,-1,,
Act 1 (245),core_245,119,6,6.0,0.8202614486217499,0.54901963,2405.0,1012.3333333333334,False,49.06240311623392,-113.36586997646604,,-1,,
Act 1 (245),core_245,105,6,6.0,0.7026143968105316,0.64705884,2300.8333333333335,950.6666666666666,False,49.83408102618765,-114.53429203113423,,-1,,
Act 1 (245),core_245,85,6,6.0,0.6405228873093923,0.39215687,2183.5,957.0,False,50.82563239832794,-114.78211191362523,,-1,,
Act 1 (245),core_245,21,4,4.0,0.9362745136022568,0.8039216,1833.0,729.25,False,53.3258416430932,-119.36284849564291,,-1,,
Act 1 (245),core_245,114,4,4.0,0.8921568691730499,0.7647059,2395.5,992.0,False,49.11002134282532,-113.68055016959714,,-1,,
Act 1 (245),core_245,19,4,4.0,0.8186274617910385,0.7254902,1780.75,849.5,False,54.00772796987005,-117.71397769530732,,-1,,
Act 1 (245),core_245,32,4,4.0,0.7549019753932953,0.7058824,1929.75,871.0,False,52.79813521061607,-116.86455218883619,,-1,,
Act 1 (245),core_245,112,4,4.0,0.7549019753932953,0.7058824,2387.25,987.0,False,49.171041627845796,-113.77398399881004,,-1,,
Act 1 (245),core_245,80,3,3.0,1.0,1.0,2163.6666666666665,937.6666666666666,False,50.958809255668996,-115.12459383792073,,-1,,
Act 1 (245),core_245,111,3,3.0,0.8692810535430908,0.74509805,2362.0,946.0,False,49.315701959408386,-114.42808219810634,,-1,,
Act 1 (245),core_245,78,3,3.0,0.8562091588973999,0.84313726,2149.0,934.0,False,51.075228738794685,-115.22265659962362,,-1,,
Act 1 (245),core_245,57,3,3.0,0.8496732115745544,0.8235294,2028.0,876.0,False,51.984571142609944,-116.46245264972387,,-1,,
Act 1 (245),core_245,109,3,3.0,0.8496732115745544,0.7647059,2331.0,943.6666666666666,False,49.57059908556306,-114.54898892819165,,-1,,
Act 1 (245),core_245,113,3,3.0,0.8496732115745544,0.7058824,2388.6666666666665,992.3333333333334,False,49.16763996468199,-113.69417390290127,,-1,,
Act 1 (245),core_245,20,3,3.0,0.7777777910232544,0.7058824,1784.6666666666667,844.0,False,53.96400890919075,-117.78482574808783,,-1,,
Act 1 (245),core_245,40,3,3.0,0.7777777910232544,0.7058824,1956.3333333333333,917.0,False,52.65978803270724,-116.08040548946843,,-1,,
Act 1 (245),core_245,82,3,3.0,0.7450980544090271,0.7254902,2171.0,937.0,False,50.89632193099998,-115.11237849992878,,-1,,
Act 1 (245),core_245,4,3,3.0,0.7124183177947998,0.7058824,1713.0,721.0,False,54.31129063765094,-119.95805734239505,,-1,,
Act 1 (245),core_245,103,3,3.0,0.7124183177947998,0.7058824,2271.0,968.0,False,50.11195477593396,-114.368972436228,,-1,,
Act 1 (245),core_245,62,2,2.0,1.0,1.0,2040.5,897.0,False,51.91814590310411,-116.10874071807692,,-1,,
Act 1 (245),core_245,64,2,2.0,1.0,1.0,2045.0,853.5,False,51.80087379459636,-116.7415258841357,,-1,,
Act 1 (245),core_245,115,2,2.0,0.9607843160629272,0.92156863,2399.5,990.0,False,49.0734498310427,-113.69826318627813,,-1,,
Act 1 (245),core_245,23,2,2.0,0.9411764740943909,0.88235295,1851.5,869.0,False,53.45092745639543,-117.16347972196172,,-1,,
Act 1 (245),core_245,110,2,2.0,0.8921568691730499,0.84313726,2355.5,960.0,False,49.392854036847694,-114.24636856803934,,-1,,
Act 1 (245),core_245,76,2,2.0,0.8725490272045135,0.74509805,2128.5,977.0,False,51.31983082251579,-114.64963781956061,,-1,,
Act 1 (245),core_245,39,2,2.0,0.8529411852359772,0.7058824,1951.5,774.0,False,52.42849037170549,-118.24926957894533,,-1,,
Act 1 (245),core_245,41,2,2.0,0.8529411852359772,0.7254902,1959.5,888.0,False,52.58033315016004,-116.50801071823523,,-1,,
Act 1 (245),core_245,16,2,2.0,0.843137264251709,0.78431374,1765.0,828.5,False,54.0985798237523,-118.0960571596448,,-1,,
Act 1 (245),core_245,59,2,2.0,0.8235294222831726,0.78431374,2032.5,925.0,False,52.03517427809827,-115.71606015424092,,-1,,
Act 1 (245),core_245,31,2,2.0,0.794117659330368,0.7254902,1928.5,947.0,False,52.94734293021178,-115.71525481278155,,-1,,
Act 1 (245),core_245,70,2,2.0,0.7745098173618317,0.74509805,2069.5,937.0,False,51.74611939828459,-115.42139424269476,,-1,,
Act 1 (245),core_245,56,2,2.0,0.7549019753932953,0.7058824,2026.5,947.0,False,52.12411731485436,-115.40542426785491,,-1,,
Act 1 (245),core_245,61,2,2.0,0.7549019753932953,0.7254902,2038.5,907.0,False,51.952861993544616,-115.96596069985888,,-1,,
Act 1 (245),core_245,33,2,2.0,0.7450980544090271,0.74509805,1935.5,879.0,False,52.76488004069619,-116.72409465838948,,-1,,
Act 1 (245),core_245,71,2,2.0,0.7450980544090271,0.7058824,2071.5,933.0,False,51.7223859290594,-115.47472726588902,,-1,,
Act 1 (245),core_245,102,2,2.0,0.7450980544090271,0.74509805,2269.5,954.0,False,50.101396258224035,-114.57584118329578,,-1,,
Act 1 (245),core_245,66,2,2.0,0.7156862914562225,0.7058824,2050.5,929.0,False,51.89135488291594,-115.59973257724512,,-1,,
Act 1 (245),core_245,22,2,2.0,0.6078431382775307,0.21568628,1836.5,729.0,False,53.29610064483124,-119.35327551343944,,-1,,
Act 1 (245),core_245,104,2,2.0,0.5098039358854294,0.3137255,2271.0,970.5,False,50.11605259302241,-114.33278260784448,,-1,,
Act 1 (245),core_245,28,1,1.0,1.0,1.0,1908.0,773.0,False,52.789593958718385,-118.42121218860908,,-1,,
Act 1 (245),core_245,51,1,1.0,1.0,1.0,2009.0,826.0,False,52.049887955150915,-117.27147638979032,,-1,,
Act 1 (245),core_245,91,1,1.0,1.0,1.0,2218.0,947.0,False,50.520212145927914,-114.82689970102477,,-1,,
Act 1 (245),core_245,92,1,1.0,1.0,1.0,2220.0,948.0,False,50.50517071617884,-114.80647154221852,,-1,,
Act 1 (245),core_245,93,1,1.0,1.0,1.0,2220.0,960.0,False,50.52524976487369,-114.63161334554621,,-1,,
Act 1 (245),core_245,6,1,1.0,0.9215686321258545,0.92156863,1719.0,828.0,False,54.48435148115645,-118.27408112907284,,-1,,
Act 1 (245),core_245,87,1,1.0,0.9215686321258545,0.92156863,2189.0,956.0,False,50.77792476376594,-114.78058669554588,,-1,,
Act 1 (245),core_245,25,1,1.0,0.8823529481887817,0.88235295,1902.0,776.0,False,52.84574249381554,-118.39776343605566,,-1,,
Act 1 (245),core_245,77,1,1.0,0.8823529481887817,0.88235295,2144.0,939.0,False,51.12565888952359,-115.16418532505722,,-1,,
Act 1 (245),core_245,38,1,1.0,0.8627451062202454,0.8627451,1950.0,926.0,False,52.72916666702232,-115.96474812831131,,-1,,
Act 1 (245),core_245,48,1,1.0,0.8627451062202454,0.8627451,1990.0,870.0,False,52.291536731827286,-116.67749311454969,,-1,,
Act 1 (245),core_245,79,1,1.0,0.8627451062202454,0.8627451,2149.0,919.0,False,51.0492797507608,-115.44315692021941,,-1,,
Act 1 (245),core_245,1,1,1.0,0.8235294222831726,0.8235294,1594.0,763.0,False,55.400857236978915,-119.78007234440166,,-1,,
Act 1 (245),core_245,84,1,1.0,0.8235294222831726,0.8235294,2177.0,921.0,False,50.818645021296646,-115.32867878696733,,-1,,
Act 1 (245),core_245,10,1,1.0,0.8039215803146362,0.8039216,1738.0,860.0,False,54.38804180549774,-117.70567617146946,,-1,,
Act 1 (245),core_245,37,1,1.0,0.8039215803146362,0.8039216,1950.0,902.0,False,52.68569567614104,-116.32795871882045,,-1,,
Act 1 (245),core_245,44,1,1.0,0.8039215803146362,0.8039216,1985.0,875.0,False,52.34266708225718,-116.61907363896147,,-1,,
Act 1 (245),core_245,2,1,1.0,0.7843137383460999,0.78431374,1598.0,749.0,False,55.336870950729164,-119.98484963680306,,-1,,
Act 1 (245),core_245,14,1,1.0,0.7843137383460999,0.78431374,1759.0,837.0,False,54.16592703943193,-117.9864426762266,,-1,,
Act 1 (245),core_245,46,1,1.0,0.7843137383460999,0.78431374,1989.0,895.0,False,52.345895019096886,-116.3055207834121,,-1,,
Act 1 (245),core_245,47,1,1.0,0.7843137383460999,0.78431374,1990.0,806.0,False,52.17010134206447,-117.6350895334778,,-1,,
Act 1 (245),core_245,97,1,1.0,0.7843137383460999,0.78431374,2240.0,964.0,False,50.36460058974676,-114.51560065450057,,-1,,
Act 1 (245),core_245,120,1,1.0,0.7843137383460999,0.78431374,2405.0,1009.0,False,49.0572340373295,-113.41330227594683,,-1,,
Act 1 (245),core_245,27,1,1.0,0.7647058963775635,0.7647059,1907.0,850.0,False,52.94905356948275,-117.2605487967171,,-1,,
Act 1 (245),core_245,88,1,1.0,0.7647058963775635,0.7647059,2192.0,957.0,False,50.754499299358244,-114.75713973513577,,-1,,
Act 1 (245),core_245,94,1,1.0,0.7647058963775635,0.7647059,2222.0,978.0,False,50.53828235365524,-114.36335999224143,,-1,,
Act 1 (245),core_245,106,1,1.0,0.7647058963775635,0.7647059,2302.0,993.0,False,49.89321837176157,-113.92083764818365,,-1,,
Act 1 (245),core_245,15,1,1.0,0.7450980544090271,0.74509805,1763.0,844.0,False,54.14615425191006,-117.86337776265952,,-1,,
Act 1 (245),core_245,18,1,1.0,0.7450980544090271,0.74509805,1768.0,834.0,False,54.08431716957268,-117.99997104340869,,-1,,
Act 1 (245),core_245,45,1,1.0,0.7450980544090271,0.74509805,1988.0,869.0,False,52.306423460012724,-116.69914358248067,,-1,,
Act 1 (245),core_245,52,1,1.0,0.7450980544090271,0.74509805,2011.0,828.0,False,52.0369910629408,-117.23486609785176,,-1,,
Act 1 (245),core_245,96,1,1.0,0.7450980544090271,0.74509805,2235.0,958.0,False,50.39646149140661,-114.61726526075952,,-1,,
Act 1 (245),core_245,108,1,1.0,0.7450980544090271,0.74509805,2316.0,962.0,False,49.726026319646536,-114.32829027096182,,-1,,
Act 1 (245),core_245,36,1,1.0,0.7254902124404907,0.7254902,1949.0,922.0,False,52.73037181673743,-116.02857244704288,,-1,,
Act 1 (245),core_245,75,1,1.0,0.7254902124404907,0.7254902,2126.0,976.0,False,51.339117258285576,-114.6718083677215,,-1,,
Act 1 (245),core_245,100,1,1.0,0.7254902124404907,0.7254902,2257.0,954.0,False,50.205872464479654,-114.6118026328989,,-1,,
Act 1 (245),core_245,117,1,1.0,0.7254902124404907,0.7254902,2400.0,1008.0,False,49.097471725907496,-113.44076731157165,,-1,,
Act 1 (245),core_245,3,1,1.0,0.7058823704719543,0.7058824,1711.0,719.0,False,54.32370345958762,-119.9969726096923,,-1,,
Act 1 (245),core_245,12,1,1.0,0.7058823704719543,0.7058824,1750.0,870.0,False,54.30650903244636,-117.50669630508658,,-1,,
Act 1 (245),core_245,43,1,1.0,0.7058823704719543,0.7058824,1983.0,876.0,False,52.361266703239636,-116.61069338514086,,-1,,
Act 1 (245),core_245,50,1,1.0,0.7058823704719543,0.7058824,2005.0,945.0,False,52.30106479744342,-115.5026529002035,,-1,,
Act 1 (245),core_245,65,1,1.0,0.7058823704719543,0.7058824,2050.0,906.0,False,51.85476422291203,-115.9442316067391,,-1,,
Act 1 (245),core_245,72,1,1.0,0.7058823704719543,0.7058824,2082.0,934.0,False,51.63616019153338,-115.42737620568968,,-1,,
Act 1 (245),core_245,118,1,1.0,0.7058823704719543,0.7058824,2404.0,990.0,False,49.03585860058483,-113.68618027354479,,-1,,
